Date,Close,High,Low,Open,Volume,Year,Daily_Change,Daily_Return,Rolling_Volatility,Month,Price_Range,Price_Range_Percent,Volume_Category
2010-06-29,1.5926669836044312,1.6666669845581057,1.1693329811096191,1.2666670083999634,281494500,2010,0.3259999752044678,,,6,0.49733400344848655,31.57893696650526,High Volume
2010-06-30,1.5886670351028442,2.0280001163482666,1.553333044052124,1.7193330526351929,257806500,2010,-0.13066601753234863,-0.25114782580187844,,6,0.4746670722961426,17.95272086696553,High Volume
2010-07-01,1.4639999866485596,1.7280000448226929,1.3513330221176147,1.6666669845581057,123282000,2010,-0.20266699790954612,-7.847273575876413,,7,0.3766670227050781,3.6799829139741926,High Volume
2010-07-02,1.2799999713897705,1.5399999618530271,1.24733304977417,1.5333329439163208,77097000,2010,-0.2533329725265503,-12.568307167816883,,7,0.2926669120788572,0.43480562803783096,Normal Volume
2010-07-06,1.0740000009536743,1.3333330154418943,1.0553330183029177,1.3333330154418943,103003500,2010,-0.25933301448822,-16.09374805004331,,7,0.2779999971389766,0.0,High Volume
2010-07-07,1.053333044052124,1.108667016029358,0.9986670017242432,1.0933330059051514,103825500,2010,-0.039999961853027344,-1.9242976613779161,,7,0.11000001430511475,1.4025013460113904,High Volume
2010-07-08,1.1640000343322754,1.1679999828338623,1.037999987602234,1.0759999752044678,115671000,2010,0.08800005912780762,10.506362722128282,,7,0.1299999952316282,8.550186779689483,High Volume
2010-07-09,1.159999966621399,1.1933330297470093,1.1033329963684082,1.1720000505447388,60759000,2010,-0.012000083923339844,-0.34364841863351314,,7,0.09000003337860107,1.8202199899526508,Normal Volume
2010-07-12,1.136667013168335,1.2046669721603394,1.1333329677581787,1.196666955947876,33037500,2010,-0.059999942779541016,-2.011461562453598,,7,0.07133400440216064,0.6685248700735278,Normal Volume
2010-07-13,1.2093329429626465,1.2426669597625732,1.126667022705078,1.1593329906463623,40201500,2010,0.04999995231628418,6.39289510054164,,7,0.11599993705749534,7.188096068045971,Normal Volume
2010-07-14,1.3226670026779177,1.3433330059051514,1.184000015258789,1.1959999799728394,62928000,2010,0.12666702270507835,9.371617665324106,,7,0.1593329906463623,12.31881508356362,Normal Volume
2010-07-15,1.3259999752044678,1.4333330392837524,1.2666670083999634,1.329332947731018,56097000,2010,-0.003332972526550293,0.25198878627819,,7,0.16666603088378906,7.823479567722121,Normal Volume
2010-07-16,1.3760000467300415,1.4199999570846558,1.3366669416427612,1.3799999952316284,39319500,2010,-0.003999948501586914,3.7707445294532294,,7,0.08333301544189453,2.898547970379774,Normal Volume
2010-07-19,1.4606670141220093,1.4833329916000366,1.3946670293807983,1.4246670007705688,37297500,2010,0.03600001335144043,6.1531224212653335,,7,0.08866596221923828,4.1178739170442435,Normal Volume
2010-07-20,1.3533329963684082,1.4566669464111328,1.3366669416427612,1.4566669464111328,27379500,2010,-0.10333395004272461,-7.348287920236107,,7,0.12000000476837158,0.0,Normal Volume
2010-07-21,1.3480000495910645,1.3933329582214355,1.2999999523162842,1.3773330450057983,18787500,2010,-0.029332995414733887,-0.39406020481688175,,7,0.09333300590515137,1.1616589955241978,Normal Volume
2010-07-22,1.399999976158142,1.4166669845581057,1.3580000400543213,1.3666670322418213,14367000,2010,0.0333329439163208,3.8575611761181072,,7,0.0586669445037844,3.6585321176780456,Normal Volume
2010-07-23,1.4193329811096191,1.4373329877853394,1.4040000438690186,1.4126670360565186,9804000,2010,0.006665945053100586,1.380928948622584,,7,0.0333329439163208,1.746055588419206,Normal Volume
2010-07-26,1.3966670036315918,1.4333330392837524,1.3533329963684082,1.4333330392837524,13833000,2010,-0.036666035652160645,-1.5969457329390924,,7,0.08000004291534424,0.0,Normal Volume
2010-07-27,1.3700000047683716,1.4119999408721924,1.3506669998168943,1.3940000534057615,9295500,2010,-0.024000048637389915,-1.9093312001988383,,7,0.061332941055298074,1.2912400844213978,Normal Volume
2010-07-28,1.3813329935073853,1.3933329582214355,1.3673330545425415,1.3700000047683716,7008000,2010,0.011332988739013672,0.8272254525232503,,7,0.025999903678894043,1.7031352826169448,Normal Volume
2010-07-29,1.3566670417785645,1.3919999599456787,1.3333330154418943,1.3846670389175415,9240000,2010,-0.02799999713897705,-1.7856629679271374,,7,0.0586669445037844,0.5295800955780454,Normal Volume
2010-07-30,1.329332947731018,1.3626669645309448,1.303333044052124,1.3466670513153076,6403500,2010,-0.01733410358428955,-2.0147975299607768,,7,0.0593339204788208,1.188112028137161,Normal Volume
2010-08-02,1.3946670293807983,1.3980000019073486,1.3553329706192017,1.3666670322418213,10771500,2010,0.02799999713897705,4.914801950955638,,8,0.04266703128814697,2.292655703718125,Normal Volume
2010-08-03,1.463333010673523,1.463333010673523,1.3880000114440918,1.399999976158142,18457500,2010,0.06333303451538086,4.9234677414874195,,8,0.07533299922943115,4.523788256709716,Normal Volume
2010-08-04,1.4173330068588257,1.4786670207977295,1.3899999856948853,1.463333010673523,13695000,2010,-0.046000003814697266,-3.143508926483185,,8,0.08866703510284424,1.047882471888529,Normal Volume
2010-08-05,1.363332986831665,1.4366669654846191,1.3366669416427612,1.4359999895095823,11943000,2010,-0.07266700267791726,-3.809974068609223,,8,0.10000002384185791,0.046446795258308214,Normal Volume
2010-08-06,1.305999994277954,1.343999981880188,1.301332950592041,1.340000033378601,11128500,2010,-0.03400003910064697,-4.2053550458681865,,8,0.04266703128814697,0.2985036120858645,Normal Volume
2010-08-09,1.3066669702529907,1.3320000171661377,1.296666979789734,1.3266669511795044,12190500,2010,-0.019999980926513672,0.05107013613774303,,8,0.03533303737640359,0.40198981228045316,Normal Volume
2010-08-10,1.2686669826507568,1.309999942779541,1.254667043685913,1.309999942779541,19219500,2010,-0.04133296012878418,-2.9081616408254796,,8,0.05533289909362793,0.0,Normal Volume
2010-08-11,1.1933330297470093,1.2586669921875,1.190000057220459,1.246000051498413,11964000,2010,-0.05266702175140381,-5.938040000563783,5.808021183546053,8,0.06866693496704102,1.0166083599959665,Normal Volume
2010-08-12,1.1733330488204956,1.1933330297470093,1.1593329906463623,1.1866669654846191,10365000,2010,-0.013333916664123535,-1.6759764816661193,5.809290573824808,8,0.03400003910064697,0.5617468469485711,Normal Volume
2010-08-13,1.2213330268859863,1.2300000190734863,1.1773329973220823,1.212000012397766,9510000,2010,0.009333014488220437,4.0909082134644725,5.720752106508356,8,0.05266702175140403,1.4851490504616447,Normal Volume
2010-08-16,1.2519999742507937,1.2533329725265503,1.21733295917511,1.2300000190734863,7287000,2010,0.02199995517730735,2.5109406435195103,5.262406202401863,8,0.03600001335144021,1.8969880561985537,Normal Volume
2010-08-17,1.2766669988632202,1.2933330535888672,1.2519999742507937,1.2640000581741333,6718500,2010,0.012666940689086914,1.9702096741006203,4.294351581895281,8,0.04133307933807351,2.3206482646136766,Normal Volume
2010-08-18,1.2513329982757568,1.305999994277954,1.2400000095367432,1.305999994277954,9019500,2010,-0.054666996002197266,-1.9843859526424312,4.295614966932356,8,0.06599998474121094,0.0,Normal Volume
2010-08-19,1.25266695022583,1.2833329439163208,1.222000002861023,1.2359999418258667,8686500,2010,0.01666700839996338,0.10660247527327638,3.872713696355095,8,0.06133294105529785,3.8295310937095977,Normal Volume
2010-08-20,1.273332953453064,1.27400004863739,1.2339999675750732,1.2433329820632937,4440000,2010,0.029999971389770286,1.6497603950921036,3.8780883152020094,8,0.04000008106231667,2.4665207966416745,Normal Volume
2010-08-23,1.3420000076293943,1.359333038330078,1.2666670083999634,1.2726670503616333,16321500,2010,0.06933295726776101,5.392702198597532,3.9552666101213876,8,0.09266602993011452,6.809792706098435,Normal Volume
2010-08-24,1.2799999713897705,1.3140000104904177,1.2633329629898071,1.2833329439163208,10096500,2010,-0.003332972526550293,-4.619972867894773,3.9127989667920686,8,0.050667047500610574,2.3896422763457505,Normal Volume
2010-08-25,1.3266669511795044,1.3320000171661377,1.237333059310913,1.2773330211639404,7549500,2010,0.049333930015563965,3.6458578775642403,3.5785451157183075,8,0.09466695785522461,4.2797763070732495,Normal Volume
2010-08-26,1.3166669607162476,1.3513330221176147,1.3066669702529907,1.3259999752044678,6507000,2010,-0.009333014488220215,-0.7537679637203643,3.581511806965609,8,0.04466605186462402,1.910486228270151,Normal Volume
2010-08-27,1.3133330345153809,1.324666976928711,1.2999999523162842,1.3166669607162476,5694000,2010,-0.0033339262008666992,-0.25320952832696975,3.511586735296763,8,0.024667024612426758,0.6075960323415032,Normal Volume
2010-08-30,1.324666976928711,1.3459999561309814,1.307332992553711,1.3133330345153809,10992000,2010,0.011333942413330078,0.8629907354391841,3.3142644794947156,8,0.03866696357727051,2.48732962295848,Normal Volume
2010-08-31,1.2986669540405271,1.3193329572677612,1.2886669635772705,1.3106670379638672,3016500,2010,-0.012000083923340066,-1.9627591946517642,3.0533353835889327,8,0.030665993690490723,0.6611838897968034,Normal Volume
2010-09-01,1.363332986831665,1.3793330192565918,1.3066669702529907,1.3079999685287476,7423500,2010,0.05533301830291748,4.979416207515186,3.1895967595422174,9,0.07266604900360107,5.453597281663578,Normal Volume
2010-09-02,1.4040000438690186,1.4160000085830688,1.3539999723434448,1.3580000400543213,7306500,2010,0.046000003814697266,2.9829144772519856,3.1577794151872265,9,0.06200003623962402,4.270984301769793,Normal Volume
2010-09-03,1.4033329486846924,1.4199999570846558,1.3773330450057983,1.391332983970642,6519000,2010,0.011999964714050293,-0.047513900532925035,3.147891378120643,9,0.04266691207885742,2.0603962850217714,Normal Volume
2010-09-07,1.369333028793335,1.399999976158142,1.3666670322418213,1.3739999532699585,3651000,2010,-0.004666924476623535,-2.4227978059821575,3.1659876307809545,9,0.0333329439163208,1.892287028562599,Normal Volume
2010-09-08,1.3933329582214355,1.3966670036315918,1.373332977294922,1.3773330450057983,4326000,2010,0.015999913215637207,1.7526729380981543,3.1611251777317086,9,0.0233340263366697,1.4037242986290266,Normal Volume
2010-09-09,1.380666971206665,1.4033329486846924,1.3793330192565918,1.399999976158142,5643000,2010,-0.01933300495147705,-0.9090423749782306,3.163330762627164,9,0.023999929428100586,0.2380694702364627,Normal Volume
2010-09-10,1.3446669578552246,1.3953330516815186,1.3173329830169678,1.3833329677581787,5799000,2010,-0.0386660099029541,-2.607436413140052,3.183239898717047,9,0.07800006866455078,0.8674761755144974,Normal Volume
2010-09-13,1.3813329935073853,1.3933329582214355,1.3666670322418213,1.3926670551300049,5412000,2010,-0.011334061622619629,2.726774495198714,3.1964493090158417,9,0.026665925979614258,0.04781495253856653,Normal Volume
2010-09-14,1.4079999923706057,1.440000057220459,1.3686670064926147,1.369333028793335,9820500,2010,0.03866696357727073,1.930526454414827,3.0885461912756633,9,0.07133305072784424,5.160689689154454,Normal Volume
2010-09-15,1.4653329849243164,1.4666670560836792,1.3860000371932983,1.3986669778823853,10269000,2010,0.06666600704193115,4.071945515935749,3.046099792136669,9,0.08066701889038086,4.8617776265975525,Normal Volume
2010-09-16,1.3960000276565552,1.5440000295639038,1.3893330097198486,1.476667046546936,40267500,2010,-0.08066701889038086,-4.731549619170162,3.1164850390499366,9,0.15466701984405518,4.559794516605513,Normal Volume
2010-09-17,1.348667025566101,1.4213329553604126,1.3200000524520874,1.401332974433899,17977500,2010,-0.05266594886779785,-3.3906161284187997,3.099718173969817,9,0.1013329029083252,1.4272111833087444,Normal Volume
2010-09-20,1.4040000438690186,1.4233330488204956,1.343999981880188,1.378000020980835,14212500,2010,0.026000022888183594,4.10279314715889,3.0811556117046703,9,0.07933306694030762,3.2897697495964793,Normal Volume
2010-09-21,1.3846670389175415,1.4366669654846191,1.378000020980835,1.3926670551300049,11940000,2010,-0.008000016212463379,-1.3769946116383935,3.095929125339884,9,0.05866694450378418,3.1593990963265006,Normal Volume
2010-09-22,1.324666976928711,1.3966670036315918,1.3200000524520874,1.391332983970642,14443500,2010,-0.06666600704193115,-4.3331761573334955,3.156238333028366,9,0.0766669511795044,0.38337477242344004,Normal Volume
2010-09-23,1.3040000200271606,1.3426669836044312,1.2999999523162842,1.3259999752044678,10021500,2010,-0.02199995517730713,-1.5601624605655506,2.958006908083671,9,0.04266703128814697,1.2569388168648603,Normal Volume
2010-09-24,1.340000033378601,1.3459999561309814,1.309999942779541,1.3300000429153442,8683500,2010,0.009999990463256836,2.760737177802386,2.9647322600352575,9,0.03600001335144043,1.203000954839489,Normal Volume
2010-09-27,1.3686670064926147,1.3873330354690552,1.3366669416427612,1.3600000143051147,6279000,2010,0.0086669921875,2.1393262985027306,2.9036909982211085,9,0.050666093826293945,2.0097809467969823,Normal Volume
2010-09-28,1.4266669750213623,1.4326670169830322,1.383999943733215,1.4026670455932615,18217500,2010,0.023999929428100808,4.237697573888322,2.9630531732810717,9,0.04866707324981712,2.1387806524735287,Normal Volume
2010-09-29,1.4653329849243164,1.4686670303344729,1.408666968345642,1.4126670360565186,29539500,2010,0.05266594886779785,2.710233753211755,2.9789363890096596,9,0.06000006198883079,3.964132583873349,Normal Volume
2010-09-30,1.3606669902801514,1.476667046546936,1.3459999561309814,1.4666670560836792,32937000,2010,-0.10600006580352783,-7.142812979779545,3.2628286675710427,9,0.1306670904159546,0.681817350555278,Normal Volume
2010-10-01,1.373332977294922,1.3833329677581787,1.3539999723434448,1.3793330192565918,8965500,2010,-0.0060000419616697,0.9308660462294949,3.2643407866816476,10,0.029332995414733887,0.28999149920609707,Normal Volume
2010-10-04,1.3993330001831057,1.4113329648971558,1.3533329963684082,1.3619999885559082,9654000,2010,0.03733301162719749,1.8932060409265317,3.2679611234758656,10,0.05799996852874756,3.62209814653185,Normal Volume
2010-10-05,1.4079999923706057,1.418666958808899,1.4006669521331787,1.409999966621399,4980000,2010,-0.001999974250793235,0.6193659540913998,3.1280360458788192,10,0.018000006675720215,0.6146803115369992,Normal Volume
2010-10-06,1.3639999628067017,1.4173330068588257,1.3546669483184814,1.4040000438690186,4701000,2010,-0.040000081062316895,-3.1250021166422393,3.0596326465891246,10,0.06266605854034424,0.9496412089180093,Normal Volume
2010-10-07,1.3619999885559082,1.3760000467300415,1.3559999465942385,1.3713330030441284,2115000,2010,-0.009333014488220215,-0.146625682208823,2.992424399580837,10,0.020000100135803,0.3403289846851957,Normal Volume
2010-10-08,1.3619999885559082,1.3860000371932983,1.359333038330078,1.3619999885559082,4017000,2010,0.0,0.0,2.987898094119543,10,0.026666998863220437,1.7621181232781609,Normal Volume
2010-10-11,1.3493330478668213,1.3799999952316284,1.3380000591278076,1.3626669645309448,2568000,2010,-0.013333916664123535,-0.9300250216974892,2.993647153927121,10,0.0419999361038208,1.271993168679329,Normal Volume
2010-10-12,1.3493330478668213,1.3519999980926514,1.335332989692688,1.3466670513153076,3660000,2010,0.002665996551513672,0.0,2.9905436490338095,10,0.01666700839996338,0.3960107861950725,Normal Volume
2010-10-13,1.369333028793335,1.3899999856948853,1.3573329448699951,1.3760000467300415,4773000,2010,-0.006667017936706543,1.4822123387648434,2.9745021554843674,10,0.03266704082489014,1.017437390217648,Normal Volume
2010-10-14,1.3833329677581787,1.4019999504089355,1.3600000143051147,1.399999976158142,4422000,2010,-0.01666700839996338,1.022391096282882,2.840903656537669,10,0.0419999361038208,0.14285530606091543,Normal Volume
2010-10-15,1.369333028793335,1.3933329582214355,1.350000023841858,1.3926670551300049,4270500,2010,-0.023334026336669922,-1.012044048045202,2.79376662554938,10,0.04333293437957764,0.04781495253856653,Normal Volume
2010-10-18,1.348667025566101,1.3760000467300415,1.3480000495910645,1.368000030517578,2442000,2010,-0.01933300495147683,-1.5092021292617885,2.80652563734968,10,0.02799999713897705,0.584796493713295,Normal Volume
2010-10-19,1.3366669416427612,1.3606669902801514,1.3333330154418943,1.3466670513153076,3678000,2010,-0.010000109672546387,-0.8897736576826909,2.776454467275909,10,0.027333974838257058,1.0395991311415709,Normal Volume
2010-10-20,1.376667022705078,1.3793330192565918,1.3359999656677246,1.343999981880188,4687500,2010,0.032667040824889915,2.9925241521389534,2.8130881782936346,10,0.04333305358886719,2.62894626880684,Normal Volume
2010-10-21,1.3833329677581787,1.3966670036315918,1.363332986831665,1.3739999532699585,6256500,2010,0.009333014488220215,0.4842089585325171,2.8090859805987494,10,0.03333401679992676,1.6497126006218839,Normal Volume
2010-10-22,1.3813329935073853,1.3953330516815186,1.3700000047683716,1.3786669969558716,2416500,2010,0.002665996551513672,-0.14457649007199036,2.7645314428313443,10,0.025333046913146973,1.2088528094489825,Normal Volume
2010-10-25,1.3899999856948853,1.3986669778823853,1.381999969482422,1.3960000276565552,1777500,2010,-0.006000041961669922,0.6274368474681324,2.722710400264986,10,0.016667008399963157,0.1910422760024617,Normal Volume
2010-10-26,1.4240000247955322,1.4579999446868896,1.3673330545425415,1.386667013168335,9913500,2010,0.037333011627197266,2.446046003637159,2.7365337155886884,10,0.09066689014434814,5.144200506765441,Normal Volume
2010-10-27,1.399999976158142,1.425333023071289,1.376667022705078,1.4166669845581057,5347500,2010,-0.0166670083999636,-1.685396644626902,2.6469248953688678,10,0.04866600036621116,0.6117202283701507,Normal Volume
2010-10-28,1.4126670360565186,1.4333330392837524,1.397333025932312,1.4259999990463257,3363000,2010,-0.013332962989807129,0.9047900081496474,2.504329214120209,10,0.03600001335144043,0.5142384461662635,Normal Volume
2010-10-29,1.4559999704360962,1.4566669464111328,1.4033329486846924,1.4093329906463623,4209000,2010,0.04666697978973389,3.067455619304482,2.4739590985941957,10,0.05333399772644043,3.3586069494521475,Normal Volume
2010-11-01,1.4273329973220823,1.5166670083999634,1.420667052268982,1.4626669883728027,6837000,2010,-0.03533399105072044,-1.9688855560503704,2.398099977328893,11,0.09599995613098145,3.6918875216589755,Normal Volume
2010-11-02,1.4166669845581057,1.4586670398712158,1.4033329486846924,1.4453330039978027,4837500,2010,-0.028666019439697044,-0.7472687021170099,2.387611737875072,11,0.05533409118652344,0.9225580427853675,Normal Volume
2010-11-03,1.4513330459594729,1.5,1.4106669425964355,1.418666958808899,5589000,2010,0.03266608715057395,2.4470155498245383,2.2711627322837744,11,0.08933305740356445,5.733060933440476,Normal Volume
2010-11-04,1.659999966621399,1.688667058944702,1.476667046546936,1.5066670179367063,28110000,2010,0.1533329486846926,14.377604178645086,3.398167060560503,11,0.2120000123977659,12.0796459231738,Normal Volume
2010-11-05,1.6293330192565918,1.664667010307312,1.581333041191101,1.6579999923706057,15165000,2010,-0.028666973114013894,-1.847406504906357,3.413466271421411,11,0.08333396911621094,0.4021120607590492,Normal Volume
2010-11-08,1.6653330326080322,1.6666669845581057,1.6019999980926514,1.6333329677581787,7642500,2010,0.032000064849853516,2.2094938803772557,3.4145048787247845,11,0.06466698646545432,2.0408586282121877,Normal Volume
2010-11-09,1.6419999599456787,1.7126669883728027,1.6033329963684082,1.6666669845581057,14346000,2010,-0.02466702461242698,-1.4011054969474968,3.368515666687309,11,0.10933399200439453,2.7599997024536567,Normal Volume
2010-11-10,1.957332968711853,1.9980000257492063,1.6033329963684082,1.631999969482422,45907500,2010,0.32533299922943093,19.20420319478,4.7858369416207545,11,0.3946670293807981,22.42647445531869,Normal Volume
2010-11-11,1.869333028793335,1.940000057220459,1.8220000267028809,1.9066669940948489,29179500,2010,-0.037333965301513894,-4.495910574501383,4.651688575471642,11,0.11800003051757812,1.7482372762966047,Normal Volume
2010-11-12,1.9893330335617063,2.0333330631256104,1.8713330030441284,1.8833329677581787,40936500,2010,0.10600006580352761,6.419402156812692,4.749267158847955,11,0.16200006008148193,7.964608379684657,Normal Volume
2010-11-15,2.053333044052124,2.196000099182129,2.01466703414917,2.01466703414917,39343500,2010,0.0386660099029541,3.2171591890691076,4.76069239600942,11,0.18133306503295898,9.000646854259925,Normal Volume
2010-11-16,1.9780000448226929,2.093333005905152,1.8946670293807983,2.066667079925537,20214000,2010,-0.08866703510284424,-3.66881541441354,4.848117088631159,11,0.19866597652435347,1.2902864829382914,Normal Volume
2010-11-17,1.965999960899353,2.049999952316284,1.9073330163955688,2.0133330821990967,11250000,2010,-0.04733312129974365,-0.6066776365728277,4.791323719276348,11,0.14266693592071533,1.8212023853071295,Normal Volume
2010-11-18,1.9926669597625728,2.049333095550537,1.9279999732971191,2.0446670055389404,14341500,2010,-0.05200004577636763,1.3564089213420338,4.783220903989832,11,0.12133312225341797,0.22820782058674516,Normal Volume
2010-11-19,2.065999984741211,2.0913329124450684,1.9800000190734863,2.010667085647583,17257500,2010,0.05533289909362793,3.6801445730487714,4.793830940549136,11,0.11133289337158203,4.0118937328456346,Normal Volume
2010-11-22,2.2266669273376465,2.2300000190734863,2.0999999046325684,2.104666948318481,22945500,2010,0.12199997901916548,7.776715575172699,4.903871208447053,11,0.13000011444091797,5.955007316247348,Normal Volume
2010-11-23,2.3046669960021973,2.378667116165161,2.1459999084472656,2.2193329334259038,23667000,2010,0.0853340625762935,3.502996685625215,4.901452802512032,11,0.2326672077178955,7.179372699764293,Normal Volume
2010-11-24,2.3646669387817383,2.3980000019073486,2.2886669635772705,2.351332902908325,21375000,2010,0.013334035873413086,2.603410509354287,4.90236839249664,11,0.10933303833007812,1.9847082878524631,Normal Volume
2010-11-26,2.354666948318481,2.400000095367432,2.316667079925537,2.373332977294922,5259000,2010,-0.018666028976440874,-0.42289213331705433,4.918825648526253,11,0.08333301544189498,1.123614694087505,Normal Volume
2010-11-29,2.2886669635772705,2.396667003631592,2.2219998836517334,2.360666990280152,17184000,2010,-0.0720000267028813,-2.802943524065793,4.965992595344244,11,0.1746671199798584,1.5249932963720432,Normal Volume
2010-11-30,2.355333089828491,2.355333089828491,2.227333068847656,2.249332904815674,33339000,2010,0.10600018501281738,2.9128801748865785,4.928716868553151,11,0.1280000209808354,4.712516532607421,Normal Volume
2010-12-01,2.289999961853028,2.427999973297119,2.2300000190734863,2.391333103179932,19488000,2010,-0.1013331413269043,-2.773838157227304,4.9783632619915315,12,0.1979999542236328,1.5333234031021614,Normal Volume
2010-12-02,2.1566669940948486,2.2866671085357666,2.0799999237060547,2.267333030700684,30105000,2010,-0.1106660366058354,-5.822400435775055,5.169476055471803,12,0.20666718482971191,0.8527233350059593,Normal Volume
2010-12-03,2.0993330478668213,2.150000095367432,2.058000087738037,2.134000062942505,17401500,2010,-0.034667015075683594,-2.65845150804519,5.225003332834236,12,0.09200000762939498,0.749767195548498,Normal Volume
2010-12-06,2.02066707611084,2.096667051315308,1.970667004585266,2.0899999141693115,19116000,2010,-0.06933283805847168,-3.747188748155783,5.30544473567749,12,0.12600004673004217,0.31900179042095556,Normal Volume
2010-12-07,2.1040000915527344,2.1600000858306885,2.00333309173584,2.0326669216156006,19669500,2010,0.07133316993713379,4.124034900508433,5.326175780660936,12,0.15666699409484863,6.264339861145632,Normal Volume
2010-12-08,2.157999992370605,2.1659998893737797,2.101332902908325,2.165333032608032,9900000,2010,-0.007333040237426758,2.5665350982955193,5.326943520603443,12,0.06466698646545455,0.030796960823378006,Normal Volume
2010-12-09,2.136667013168335,2.181333065032959,2.109999895095825,2.167332887649536,6090000,2010,-0.030665874481201172,-0.988553256612168,5.313969721719284,12,0.07133316993713379,0.6459634079841786,Normal Volume
2010-12-10,2.101332902908325,2.194667100906372,2.0753331184387207,2.136667013168335,6441000,2010,-0.035334110260009766,-1.6537022400891055,5.345075615035826,12,0.11933398246765137,2.71451224643714,Normal Volume
2010-12-13,2.0366671085357666,2.118000030517578,2.0266671180725098,2.109333038330078,6156000,2010,-0.07266592979431152,-3.07737028640529,5.398897379290971,12,0.09133291244506836,0.41088780339597325,Normal Volume
2010-12-14,1.9019999504089355,2.026000022888184,1.8506669998168943,2.0193328857421875,26485500,2010,-0.11733293533325195,-6.612133989027202,5.558759444318195,12,0.17533302307128973,0.3301653329706505,Normal Volume
2010-12-15,1.97333300113678,1.9980000257492063,1.9019999504089355,1.911332964897156,11143500,2010,0.06200003623962402,3.750423374748646,5.5677985249685635,12,0.09600007534027077,4.534377967823815,Normal Volume
2010-12-16,2.053999900817871,2.060667037963867,1.976667046546936,2.0,11851500,2010,0.053999900817871094,4.0878503341616135,5.587962072810599,12,0.08399999141693115,3.0333518981933594,Normal Volume
2010-12-17,2.0906670093536377,2.102667093276977,2.047333002090454,2.0893330574035645,12195000,2010,0.0013339519500732422,1.7851562953419053,5.015962308962447,12,0.05533409118652299,0.6381958025391598,Normal Volume
2010-12-20,2.113332986831665,2.1459999084472656,2.0840001106262207,2.109333038330078,7851000,2010,0.003999948501586914,1.0841505307454424,4.98933493388888,12,0.06199979782104492,1.7383158302121897,Normal Volume
2010-12-21,2.1506669521331787,2.179332971572876,2.114000082015991,2.119999885559082,11665500,2010,0.03066706657409668,1.7665917077026805,4.986240934067987,12,0.06533288955688477,2.7987306234286304,Normal Volume
2010-12-22,2.175333023071289,2.190666913986206,2.113332986831665,2.150000095367432,12499500,2010,0.025332927703856978,1.1469033321800381,4.966116466618076,12,0.07733392715454102,1.8914798518566607,Normal Volume
2010-12-23,2.00600004196167,2.165333032608032,1.994667053222656,2.0840001106262207,23289000,2010,-0.07800006866455078,-7.784232543417325,3.89373366171241,12,0.17066597938537575,3.9027311739139674,Normal Volume
2010-12-27,1.703333020210266,1.9053330421447756,1.670667052268982,1.868000030517578,139528500,2010,-0.164667010307312,-15.088086511475119,4.722162191431154,12,0.23466598987579368,1.9985551936449182,High Volume
2010-12-28,1.7606669664382937,1.7833329439163208,1.6666669845581057,1.7233330011367798,60844500,2010,0.037333965301513894,3.3659857202175347,4.606103915016701,12,0.11666595935821511,3.4816221090156483,Normal Volume
2010-12-29,1.848667025566101,1.8673330545425413,1.7666670083999634,1.8020000457763672,49788000,2010,0.04666697978973389,4.9981092850185815,4.664100054897889,12,0.1006660461425779,3.62558308027269,Normal Volume
2010-12-30,1.7666670083999634,1.8600000143051147,1.7586669921875,1.846667051315308,30616500,2010,-0.08000004291534468,-4.435629349802872,4.685590649772454,12,0.10133302211761475,0.7220014555580088,Normal Volume
2010-12-31,1.775333046913147,1.816666960716248,1.7666670083999634,1.7713329792022705,21268500,2010,0.004000067710876465,0.49053038699309326,4.687117863254746,12,0.049999952316284624,2.5593144849814684,Normal Volume
2011-01-03,1.7746670246124268,1.7999999523162842,1.726667046546936,1.7893329858779907,19245000,2011,-0.014665961265563965,-0.03751534405773693,4.6777597424184965,1,0.07333290576934814,0.596142055306681,Normal Volume
2011-01-04,1.777999997138977,1.796666979789734,1.73466694355011,1.7773330211639404,17811000,2011,0.0006669759750366211,0.18780833138420938,4.619013221504758,1,0.06200003623962402,1.0878073155436143,Normal Volume
2011-01-05,1.7886669635772705,1.7933330535888672,1.746000051498413,1.76533305644989,21700500,2011,0.023333907127380593,0.5999418703857007,4.359946367497558,1,0.0473330020904541,1.5861028057382935,Normal Volume
2011-01-06,1.858667016029358,1.8666670322418213,1.7873330116271973,1.7886669635772705,30918000,2011,0.0700000524520874,3.9135319138499547,4.373990941133897,1,0.07933402061462402,4.360793275264245,Normal Volume
2011-01-07,1.8826669454574585,1.9053330421447756,1.8600000143051147,1.8666670322418213,33718500,2011,0.015999913215637207,1.291244166982164,4.34715164219846,1,0.04533302783966087,2.0713929819887267,Normal Volume
2011-01-10,1.896667003631592,1.9119999408721924,1.870000004768372,1.878000020980835,20140500,2011,0.018666982650757058,0.7436290421900305,4.354566673535036,1,0.04199993610382036,1.8104323488558893,Normal Volume
2011-01-11,1.797333002090454,1.9140000343322756,1.7946670055389404,1.906000018119812,25653000,2011,-0.10866701602935791,-5.237292648152825,4.418811898191875,1,0.11933302879333518,0.4197280239459429,Normal Volume
2011-01-12,1.797333002090454,1.8266669511795044,1.7680000066757202,1.8006670475006104,14466000,2011,-0.00333404541015625,0.0,4.368325238848785,1,0.05866694450378418,1.4439040085163346,Normal Volume
2011-01-13,1.7480000257492063,1.7979999780654907,1.74399995803833,1.797333002090454,10854000,2011,-0.04933297634124778,-2.7447877651981756,4.367875904836808,1,0.054000020027160645,0.03710920426325395,Normal Volume
2011-01-14,1.7166670560836792,1.7719999551773071,1.707332968711853,1.7433329820632937,17880000,2011,-0.02666592597961448,-1.7925039590372727,4.26892148333751,1,0.0646669864654541,1.6443773741999141,Normal Volume
2011-01-18,1.7093329429626465,1.7093329429626465,1.649999976158142,1.698667049407959,24325500,2011,0.0106658935546875,-0.42722979363071234,4.252401009543178,1,0.059332966804504395,0.6278978307376312,Normal Volume
2011-01-19,1.6019999980926514,1.6979999542236328,1.5833330154418943,1.6846669912338257,35572500,2011,-0.08266699314117432,-6.279229878057791,4.341405646253948,1,0.1146669387817385,0.7914301793283347,Normal Volume
2011-01-20,1.5080000162124634,1.6299999952316284,1.4913330078125,1.6019999980926514,34198500,2011,-0.09399998188018799,-5.867664294138875,4.343793115824878,1,0.13866698741912842,1.747815054451559,Normal Volume
2011-01-21,1.5360000133514404,1.5726670026779177,1.5140000581741333,1.5413329601287842,18255000,2011,-0.00533294677734375,1.8567637160444184,4.325545773915547,1,0.0586669445037844,2.032918477686706,Normal Volume
2011-01-24,1.6326669454574585,1.6540000438690186,1.5486669540405271,1.5686670541763306,24676500,2011,0.06399989128112793,6.29342000428097,4.527658508393642,1,0.10533308982849143,5.439840753045859,Normal Volume
2011-01-25,1.6453330516815186,1.6593329906463623,1.6013330221176147,1.6433329582214355,19072500,2011,0.002000093460083008,0.7757924088131141,4.533385875308855,1,0.05799996852874756,0.973633027006496,Normal Volume
2011-01-26,1.649999976158142,1.658666968345642,1.6066670417785645,1.647333025932312,16198500,2011,0.002666950225830078,0.2836461877340879,4.514307697566069,1,0.05199992656707764,0.6880176767484891,Normal Volume
2011-01-27,1.6613329648971558,1.6720000505447388,1.6353329420089722,1.6493330001831057,13435500,2011,0.011999964714050071,0.6868478122891375,4.3733857600954025,1,0.0366671085357666,1.3743161847314416,Normal Volume
2011-01-28,1.6006669998168943,1.658666968345642,1.5833330154418943,1.658666968345642,15726000,2011,-0.05799996852874778,-3.6516439727671934,4.342600732498518,1,0.07533395290374778,0.0,Normal Volume
2011-01-31,1.6066670417785645,1.6080000400543213,1.5666669607162476,1.6033329963684082,12454500,2011,0.00333404541015625,0.3748463585715456,4.25645587767886,1,0.04133307933807373,0.29108386694991395,Normal Volume
2011-02-01,1.593999981880188,1.6486669778823853,1.5693329572677612,1.6206669807434082,10617000,2011,-0.026666998863220215,-0.7884060336704302,4.230007195431789,2,0.07933402061462402,1.727683569275491,Normal Volume
2011-02-02,1.5959999561309814,1.6119999885559082,1.5779999494552612,1.6106669902801514,8542500,2011,-0.014667034149169922,0.12546890047229198,4.218817274028882,2,0.03400003910064697,0.08276063790970106,Normal Volume
2011-02-03,1.5753329992294312,1.5933330059051514,1.5433330535888672,1.5880000591278076,7680000,2011,-0.012667059898376465,-1.2949221472192907,4.190496609958282,2,0.04999995231628418,0.3358278702000059,Normal Volume
2011-02-04,1.5640000104904177,1.5779999494552612,1.5479999780654907,1.5626670122146606,8160000,2011,0.001332998275757058,-0.7194027386309365,4.172211884155148,2,0.029999971389770508,0.9812031047401627,Normal Volume
2011-02-07,1.537999987602234,1.5506670475006104,1.525333046913147,1.5506670475006104,13426500,2011,-0.012667059898376243,-1.6624055443599906,3.9742388226378695,2,0.02533400058746338,0.0,Normal Volume
2011-02-08,1.6326669454574585,1.6833330392837524,1.5333329439163208,1.585332989692688,52573500,2011,0.04733395576477051,6.155198869852496,3.1474176909848253,2,0.15000009536743164,6.181669732997953,Normal Volume
2011-02-09,1.547333002090454,1.6119999885559082,1.519333004951477,1.608667016029358,39534000,2011,-0.06133401393890381,-5.226659583231452,3.2120801287870955,2,0.09266698360443115,0.20718846680756875,Normal Volume
2011-02-10,1.5479999780654907,1.5759999752044678,1.5206669569015503,1.5506670475006104,12541500,2011,-0.002667069435119629,0.04310487620542425,3.0492885213277945,2,0.05533301830291748,1.6336793733180464,Normal Volume
2011-02-11,1.5499999523162842,1.5833330154418943,1.529332995414734,1.5499999523162842,9517500,2011,0.0,0.12919730485350112,2.961055489472963,2,0.0540000200271602,2.1505202678102004,Normal Volume
2011-02-14,1.5386669635772705,1.609333038330078,1.536666989326477,1.5759999752044678,19246500,2011,-0.037333011627197266,-0.7311605863005277,2.9568887157659582,2,0.07266604900360085,2.1150421097744974,Normal Volume
2011-02-15,1.5226670503616333,1.5446670055389404,1.503999948501587,1.534000039100647,14305500,2011,-0.011332988739013672,-1.0398555109312757,2.957924584780763,2,0.040667057037353516,0.6953693719947545,Normal Volume
2011-02-16,1.6486669778823853,1.664667010307312,1.537999987602234,1.5399999618530271,61726500,2011,0.10866701602935813,8.274949371947526,3.3607220966548508,2,0.1266670227050779,8.095263087167707,Normal Volume
2011-02-17,1.5733330249786377,1.6993329524993896,1.5700000524520874,1.6419999599456787,39276000,2011,-0.06866693496704102,-4.569385686399174,3.449783213702783,2,0.12933290004730225,3.491656148128509,Normal Volume
2011-02-18,1.5453330278396606,1.565999984741211,1.5306669473648071,1.5553330183029177,35560500,2011,-0.009999990463257058,-1.7796611838969856,3.361511021860609,2,0.03533303737640381,0.6858316715948307,Normal Volume
2011-02-22,1.4579999446868896,1.5333329439163208,1.4520000219345093,1.525333046913147,30969000,2011,-0.06733310222625732,-5.651408568861083,3.4670454713284675,2,0.08133292198181152,0.5244688705436109,Normal Volume
2011-02-23,1.4553329944610596,1.5,1.4073330163955688,1.4786670207977295,24084000,2011,-0.023334026336669922,-0.18291840377283597,3.4570186296097467,2,0.09266698360443115,1.4427169134239248,Normal Volume
2011-02-24,1.5019999742507937,1.5053329467773438,1.4333330392837524,1.4520000219345093,15829500,2011,0.0499999523162844,3.206618689148577,3.428730102368543,2,0.07199990749359131,3.6730663937441723,Normal Volume
2011-02-25,1.5740000009536743,1.590000033378601,1.512666940689087,1.5206669569015503,20194500,2011,0.05333304405212402,4.793610381970526,3.563804824944848,2,0.07733309268951416,4.559386009039156,Normal Volume
2011-02-28,1.5926669836044312,1.6066670417785645,1.5666669607162476,1.5826669931411743,15768000,2011,0.009999990463256836,1.1859582363053844,3.5460905218175744,2,0.040000081062316895,1.5164307299892825,Normal Volume
2011-03-01,1.5959999561309814,1.6213330030441284,1.5800000429153442,1.6033329963684082,16596000,2011,-0.007333040237426758,0.20926989514200578,3.534866842616591,3,0.04133296012878418,1.1226617749706835,Normal Volume
2011-03-02,1.6013330221176147,1.6186670064926147,1.5820000171661377,1.5880000591278076,9949500,2011,0.013332962989807129,0.3341520133598008,3.535782858442032,3,0.03666698932647705,1.931167898170648,Normal Volume
2011-03-03,1.6239999532699585,1.6526670455932615,1.6039999723434448,1.631999969482422,9603000,2011,-0.008000016212463601,1.4155038857794233,3.3506124349291952,3,0.04866707324981667,1.2663649814524094,Normal Volume
2011-03-04,1.6633330583572388,1.6660000085830688,1.585332989692688,1.631999969482422,23701500,2011,0.03133308887481667,2.4219892992042302,3.178978355238368,3,0.08066701889038086,2.0833357681636255,Normal Volume
2011-03-07,1.6626670360565186,1.6933330297470093,1.6466670036315918,1.6619999408721924,30504000,2011,0.0006670951843261719,-0.04004142750447803,3.167345485060445,3,0.04666602611541748,1.8852641389610256,Normal Volume
2011-03-08,1.6440000534057615,1.6640000343322754,1.600000023841858,1.6399999856948853,20998500,2011,0.004000067710876243,-1.1227132219467695,2.967547152952847,3,0.06400001049041748,1.4634176126057137,Normal Volume
2011-03-09,1.6480000019073486,1.6660000085830688,1.618000030517578,1.6440000534057615,13872000,2011,0.003999948501587136,0.24330586202236937,2.964741429124027,3,0.047999978065490945,1.3381967434691722,Normal Volume
2011-03-10,1.6006669998168943,1.6326669454574585,1.5820000171661377,1.6293330192565918,15255000,2011,-0.028666019439697488,-2.872148181776235,3.0116856879782428,3,0.0506669282913208,0.2046190779579152,Normal Volume
2011-03-11,1.6046669483184814,1.6166670322418213,1.5686670541763306,1.590000033378601,13962000,2011,0.014666914939880371,0.2498926073970953,3.00901586276041,3,0.04799997806549072,1.677169704616631,Normal Volume
2011-03-14,1.5499999523162842,1.600000023841858,1.546666979789734,1.5880000591278076,17490000,2011,-0.03800010681152344,-3.4067502954106654,2.999287183621352,3,0.0533330440521238,0.7556652561235513,Normal Volume
2011-03-15,1.5299999713897705,1.5306669473648071,1.453333020210266,1.4800000190734863,19782000,2011,0.04999995231628418,-1.2903213897927035,3.006282541044784,3,0.07733392715454124,3.4234410566453537,Normal Volume
2011-03-16,1.5213329792022705,1.5499999523162842,1.512666940689087,1.52400004863739,17545500,2011,-0.002667069435119407,-0.5664700882070828,3.0048528852758274,3,0.037333011627197266,1.7060303706775342,Normal Volume
2011-03-17,1.5206669569015503,1.562000036239624,1.5093330144882202,1.5493329763412476,13839000,2011,-0.028666019439697266,-0.043778864313415156,3.004550012239727,3,0.05266702175140381,0.8175815071263602,Normal Volume
2011-03-18,1.5306669473648071,1.5460000038146973,1.5006669759750366,1.5460000038146973,10318500,2011,-0.015333056449890137,0.6576055603675579,2.9993176479676786,3,0.045333027839660645,0.0,Normal Volume
2011-03-21,1.51533305644989,1.536666989326477,1.50266695022583,1.536666989326477,6175500,2011,-0.021333932876587136,-1.0017784039379696,3.0019235990668927,3,0.03400003910064697,0.0,Normal Volume
2011-03-22,1.4793330430984497,1.52400004863739,1.4666670560836792,1.51533305644989,8743500,2011,-0.03600001335144021,-2.37571622939321,3.0178177796606076,3,0.057332992553710715,0.5719529545408955,Normal Volume
2011-03-23,1.480666995048523,1.48466694355011,1.4513330459594729,1.4739999771118164,6342000,2011,0.006667017936706543,0.09017252445597812,2.7789954538056363,3,0.03333389759063721,0.7236748035230459,Normal Volume
2011-03-24,1.4886670112609863,1.4919999837875366,1.4653329849243164,1.47599995136261,6933000,2011,0.012667059898376243,0.5402981385562056,2.6205479326981296,3,0.026666998863220215,1.0840130726397155,Normal Volume
2011-03-25,1.5166670083999634,1.5333329439163208,1.4933329820632937,1.495332956314087,8520000,2011,0.021334052085876465,1.8808771153771664,2.6452742442652037,3,0.03999996185302712,2.541239223129393,Normal Volume
2011-03-28,1.5499999523162842,1.5693329572677612,1.5033329725265503,1.5133329629898071,15871500,2011,0.03666698932647705,2.1977760267552826,2.6764696997821513,3,0.06599998474121094,3.700441056098987,Normal Volume
2011-03-29,1.5946669578552246,1.600000023841858,1.547333002090454,1.553333044052124,11331000,2011,0.041333913803100586,2.881742381487884,2.721741197897184,3,0.05266702175140381,3.0043125631316907,Normal Volume
2011-03-30,1.5806670188903809,1.6326669454574585,1.534000039100647,1.6073329448699951,18349500,2011,-0.026665925979614258,-0.8779224336392555,2.719450083101895,3,0.09866690635681152,1.5761513921754682,Normal Volume
2011-03-31,1.850000023841858,1.9140000343322756,1.7666670083999634,1.7699999809265137,172767000,2011,0.08000004291534424,17.039199384355296,3.854955779551255,3,0.14733302593231223,8.1355963252827,High Volume
2011-04-01,1.7773330211639404,1.878666996955872,1.7713329792022705,1.830000042915344,42972000,2011,-0.05266702175140359,-3.9279460400768684,3.8278266029050125,4,0.10733401775360152,2.6593963332917445,Normal Volume
2011-04-04,1.722000002861023,1.7999999523162842,1.6820000410079956,1.7886669635772705,39139500,2011,-0.06666696071624756,-3.113261141498458,3.8624834685469627,4,0.11799991130828857,0.6335997125114949,Normal Volume
2011-04-05,1.7799999713897705,1.7999999523162842,1.7126669883728027,1.726667046546936,47713500,2011,0.05333292484283447,3.3681747057133116,3.721314700883238,4,0.08733296394348145,4.247078550320542,Normal Volume
2011-04-06,1.7660000324249268,1.8006670475006104,1.7200000286102295,1.7993329763412476,19324500,2011,-0.0333329439163208,-0.7865134376329852,3.7280453074904187,4,0.08066701889038086,0.07414253931340073,Normal Volume
2011-04-07,1.815999984741211,1.8626669645309448,1.7633329629898071,1.7899999618530271,42154500,2011,0.026000022888183816,2.8312543260618384,3.7199973139805187,4,0.0993340015411377,4.0596091746668,Normal Volume
2011-04-08,1.7660000324249268,1.840000033378601,1.7573330402374268,1.838667035102844,29196000,2011,-0.07266700267791726,-2.7533013621368174,3.688470300874276,4,0.08266699314117432,0.07249807878795728,Normal Volume
2011-04-11,1.6846669912338257,1.7686669826507568,1.6679999828338623,1.76466703414917,20541000,2011,-0.08000004291534424,-4.605494886623596,3.798308047137069,4,0.10066699981689453,0.22666873830481452,Normal Volume
2011-04-12,1.6433329582214355,1.6806670427322388,1.6200000047683716,1.6720000505447388,20361000,2011,-0.028667092323303223,-2.4535432359909737,3.830332615167178,4,0.06066703796386719,0.5183607610942528,Normal Volume
2011-04-13,1.6619999408721924,1.7126669883728027,1.6540000438690186,1.675333023071289,18172500,2011,-0.01333308219909668,1.135922124446398,3.8343571646428254,4,0.05866694450378418,2.2284503909002833,Normal Volume
2011-04-14,1.6759999990463257,1.685333013534546,1.613332986831665,1.6579999923706057,14751000,2011,0.018000006675719993,0.8423621343082832,3.829468000503354,4,0.07200002670288086,1.6485537569188704,Normal Volume
2011-04-15,1.7053329944610596,1.745332956314087,1.694000005722046,1.7100000381469729,14152500,2011,-0.004667043685913308,1.750178725025342,3.8178000283063276,4,0.051332950592041016,2.0662524782983196,Normal Volume
2011-04-18,1.668666958808899,1.7079999446868896,1.6239999532699585,1.675333023071289,15508500,2011,-0.006666064262390137,-2.1500807039594227,3.8407708028398706,4,0.08399999141693115,1.9498763031432549,Normal Volume
2011-04-19,1.6773329973220823,1.684000015258789,1.6433329582214355,1.684000015258789,8230500,2011,-0.006667017936706765,0.5193390129429654,3.834754765442448,4,0.040667057037353516,0.0,Normal Volume
2011-04-20,1.7166670560836792,1.7393330335617063,1.6866669654846191,1.713333010673523,12558000,2011,0.00333404541015625,2.345035769545767,3.8559709182017294,4,0.05266606807708718,1.5175113492947052,Normal Volume
2011-04-21,1.78266704082489,1.7986669540405271,1.7059999704360962,1.7233330011367798,20791500,2011,0.05933403968811013,3.844658433172232,3.866217527236121,4,0.09266698360443093,4.371410102055379,Normal Volume
2011-04-25,1.7593330144882202,1.781999945640564,1.7313330173492432,1.7799999713897705,12013500,2011,-0.020666956901550293,-1.3089391233638503,3.879138842927824,4,0.0506669282913208,0.11235810578311062,Normal Volume
2011-04-26,1.7953330278396606,1.816666960716248,1.753999948501587,1.7773330211639404,21000000,2011,0.018000006675720215,2.0462307621682774,3.8231571691385486,4,0.06266701221466109,2.213087760365165,Normal Volume
2011-04-27,1.8053330183029173,1.8240000009536743,1.775333046913147,1.7953330278396606,14953500,2011,0.009999990463256614,0.5569991922495632,3.8072178849695395,4,0.048666954040527344,1.5967496096536964,Normal Volume
2011-04-28,1.843999981880188,1.8459999561309812,1.7813329696655271,1.8046669960021973,24000000,2011,0.03933298587799072,2.141818887997693,3.810252619794344,4,0.0646669864654541,2.2903372323174924,Normal Volume
2011-04-29,1.840000033378601,1.8580000400543213,1.8279999494552608,1.8459999561309812,10890000,2011,-0.005999922752380149,-0.21691694907222114,3.811563117355707,4,0.030000090599060503,0.6500587328556042,Normal Volume
2011-05-02,1.830000042915344,1.853332996368408,1.8040000200271609,1.840000033378601,11769000,2011,-0.009999990463257058,-0.543477732709341,3.8183612977545383,5,0.049332976341247115,0.7246175406488973,Normal Volume
2011-05-03,1.7913329601287842,1.825999975204468,1.7666670083999634,1.8253329992294312,13708500,2011,-0.03400003910064697,-2.112955293976926,3.8403951845844975,5,0.05933296680450462,0.03653996149296642,Normal Volume
2011-05-04,1.779332995414734,1.7999999523162842,1.7166670560836792,1.7853330373764038,15667500,2011,-0.0060000419616697,-0.6698902426932052,3.8068983549139386,5,0.08333289623260498,0.8215226309503468,Normal Volume
2011-05-05,1.762666940689087,1.829332947731018,1.7446670532226562,1.8133330345153809,18277500,2011,-0.050666093826293945,-0.9366461909375512,3.8170152837606266,5,0.08466589450836182,0.8823483006756802,Normal Volume
2011-05-06,1.807999968528748,1.846667051315308,1.7746670246124268,1.7933330535888672,14725500,2011,0.014666914939880815,2.5718430857924135,3.833010798557777,5,0.0720000267028813,2.9740152070306975,Normal Volume
2011-05-09,1.8606669902801516,1.8666670322418213,1.7899999618530271,1.7999999523162842,13746000,2011,0.06066703796386741,2.9129990413805817,3.8484228818191903,5,0.07666707038879417,3.7037267606450914,Normal Volume
2011-05-10,1.8886669874191284,1.9299999475479128,1.8606669902801516,1.8826669454574585,23029500,2011,0.006000041961669922,1.5048365605046188,3.841513002224165,5,0.06933295726776123,2.5141463393013015,Normal Volume
2011-05-11,1.8046669960021973,1.886667013168335,1.7946670055389404,1.8799999952316284,14437500,2011,-0.07533299922943115,-4.447580858694289,3.9318098943773796,5,0.09200000762939453,0.35462861455407196,Normal Volume
2011-05-12,1.8446669578552248,1.8493330478668213,1.7766669988632202,1.8046669960021973,9420000,2011,0.039999961853027566,2.2164732851898794,3.935449000890322,5,0.07266604900360107,2.4750301281937803,Normal Volume
2011-05-13,1.8366669416427608,1.879333019256592,1.8200000524520876,1.8666670322418213,9922500,2011,-0.030000090599060503,-0.4336834992569871,2.4163557148157886,5,0.059332966804504395,0.6785348857615592,Normal Volume
2011-05-16,1.773332953453064,1.866000056266785,1.7699999809265137,1.866000056266785,11335500,2011,-0.09266710281372093,-3.448311000417381,2.3908936727100936,5,0.09600007534027122,0.0,Normal Volume
2011-05-17,1.730666995048523,1.7999999523162842,1.7146669626235962,1.7999999523162842,18513000,2011,-0.06933295726776123,-2.4059756134041876,2.3622447404403677,5,0.08533298969268799,0.0,Normal Volume
2011-05-18,1.7566670179367063,1.76466703414917,1.7013330459594729,1.7400000095367432,10942500,2011,0.016667008399963157,1.502312285527485,2.2953149472737757,5,0.06333398818969704,1.4176450848982523,Normal Volume
2011-05-19,1.8799999952316284,1.8960000276565552,1.773332953453064,1.8020000457763672,39826500,2011,0.07799994945526123,7.020851193516631,2.6242528126650297,5,0.12266707420349121,5.2164250550664875,Normal Volume
2011-05-20,1.864667057991028,1.885332942008972,1.8233330249786377,1.8839999437332156,12637500,2011,-0.0193328857421875,-0.8155817701856583,2.584332196969764,5,0.06199991703033425,0.07075362609167633,Normal Volume
2011-05-23,1.787999987602234,1.841333031654358,1.7746670246124268,1.841333031654358,12954000,2011,-0.0533330440521238,-4.111568875539328,2.6475368572839884,5,0.06666600704193115,0.0,Normal Volume
2011-05-24,1.7813329696655271,1.8333330154418943,1.773332953453064,1.801332950592041,9205500,2011,-0.019999980926513894,-0.3728757261149518,2.498069183038798,5,0.060000061988830344,1.7764658576492418,Normal Volume
2011-05-25,1.932000041007996,1.934000015258789,1.7446670532226562,1.7933330535888672,70396500,2011,0.13866698741912886,8.458108276677724,2.863590909438193,5,0.1893329620361328,7.843883844577297,Normal Volume
2011-05-26,1.9653329849243164,1.9839999675750728,1.8733329772949217,1.9213329553604128,50053500,2011,0.04400002956390359,1.7253076195034245,2.869553085225625,5,0.11066699028015115,3.261642498757047,Normal Volume
2011-05-27,1.9700000286102293,1.9780000448226929,1.9213329553604128,1.9693330526351929,25306500,2011,0.000666975975036399,0.23746834361977331,2.8699128636185516,5,0.05666708946228005,0.4400978379915258,Normal Volume
2011-05-31,2.0093328952789307,2.018666982650757,1.9700000286102293,1.9793330430984497,49357500,2011,0.029999852180480957,1.996592187688928,2.8737294981057935,5,0.048666954040527566,1.9872319966292153,Normal Volume
2011-06-01,1.901332974433899,2.006666898727417,1.8919999599456787,2.0,22948500,2011,-0.09866702556610107,-5.374914286168564,3.0354287251567675,6,0.11466693878173828,0.3333449363708496,Normal Volume
2011-06-02,1.9173330068588257,1.9546669721603396,1.9006669521331787,1.901332974433899,14794500,2011,0.016000032424926758,0.841516590732394,3.0361423580019036,6,0.05400002002716087,2.805084561388847,Normal Volume
2011-06-03,2.0086669921875,2.0999999046325684,1.9666670560836792,1.9966670274734497,93138000,2011,0.011999964714050293,4.763595317138325,3.11808021992857,6,0.13333284854888916,5.175268371605976,Normal Volume
2011-06-06,1.9133330583572388,2.0086669921875,1.8839999437332156,2.006666898727417,34966500,2011,-0.09333384037017822,-4.746129358477669,3.2004973482776697,6,0.12466704845428445,0.09967242003899213,Normal Volume
2011-06-07,1.891332983970642,1.9593329429626465,1.8839999437332156,1.929332971572876,18331500,2011,-0.03799998760223389,-1.1498298370219762,3.1978955898900012,6,0.07533299922943093,1.5549400664268558,Normal Volume
2011-06-08,1.807999968528748,1.9066669940948489,1.801332950592041,1.8960000276565552,25438500,2011,-0.08800005912780717,-4.406046748412629,3.2913412799593784,6,0.10533404350280784,0.5626037068932951,Normal Volume
2011-06-09,1.841333031654358,1.8733329772949217,1.8066669702529907,1.8286670446395876,24048000,2011,0.012665987014770286,1.8436429040833646,3.3061842407903552,6,0.06666600704193093,2.4425404715562777,Normal Volume
2011-06-10,1.8573329448699951,1.886667013168335,1.8233330249786377,1.834666967391968,23499000,2011,0.02266597747802712,0.8689309831835246,3.2874329249808083,6,0.06333398818969727,2.8343043560808496,Normal Volume
2011-06-13,1.8953330516815183,1.925333023071289,1.858667016029358,1.8713330030441284,25701000,2011,0.024000048637389915,2.0459501844556582,3.306392201848825,6,0.06666600704193115,2.8856446147915906,Normal Volume
2011-06-14,1.9066669940948489,1.9800000190734863,1.901332974433899,1.9026670455932615,23601000,2011,0.003999948501587358,0.5979921261477061,3.3046902183081293,6,0.0786670446395874,4.064451195459267,Normal Volume
2011-06-15,1.821333050727844,1.896667003631592,1.8046669960021973,1.8960000276565552,20175000,2011,-0.07466697692871116,-4.475555701718925,3.3885322711983523,6,0.09200000762939475,0.0351780572419728,Normal Volume
2011-06-16,1.7666670083999634,1.8666670322418213,1.715999960899353,1.8446669578552248,27633000,2011,-0.07799994945526145,-3.0014303153415467,3.433486689378578,6,0.15066707134246826,1.1926312385502755,Normal Volume
2011-06-17,1.7666670083999634,1.846667051315308,1.7426669597625732,1.7913329601287842,25710000,2011,-0.0246659517288208,0.0,3.4286229652113285,6,0.10400009155273482,3.088989731007113,Normal Volume
2011-06-20,1.7339999675750732,1.7640000581741333,1.7000000476837158,1.75266695022583,23067000,2011,-0.018666982650756836,-1.8490774248666186,3.412082981468905,6,0.06400001049041748,0.6466207368629253,Normal Volume
2011-06-21,1.835332989692688,1.848667025566101,1.7333329916000366,1.7493330240249634,22440000,2011,0.08599996566772461,5.843888351354742,3.540382785218339,6,0.11533403396606445,5.678392860416278,Normal Volume
2011-06-22,1.8140000104904173,1.8833329677581787,1.8066669702529907,1.824666976928711,22134000,2011,-0.010666966438293679,-1.1623492479063802,3.5351469546053944,6,0.07666599750518799,3.215161537488593,Normal Volume
2011-06-23,1.8473329544067385,1.8480000495910645,1.74733304977417,1.8133330345153809,17550000,2011,0.033999919891357644,1.8375382427539,3.4523221918493237,6,0.10066699981689453,1.9117842346565126,Normal Volume
2011-06-24,1.838000059127808,1.864667057991028,1.817332983016968,1.8426669836044312,54127500,2011,-0.004666924476623091,-0.5052091587857577,3.431432653202944,6,0.04733407497406006,1.1939256839324637,Normal Volume
2011-06-27,1.8306670188903809,1.885332942008972,1.820667028427124,1.848667025566101,27141000,2011,-0.018000006675720215,-0.3989684440438457,3.4312718008277794,6,0.06466591358184792,1.9833705007878848,Normal Volume
2011-06-28,1.8739999532699585,1.8833329677581787,1.8446669578552248,1.852666974067688,13338000,2011,0.021332979202270508,2.367057139962192,3.391128263509502,6,0.03866600990295388,1.6552350810875052,Normal Volume
2011-06-29,1.8860000371932983,1.9393329620361328,1.8713330030441284,1.899999976158142,21927000,2011,-0.01399993896484375,0.6403460097424762,3.3546034188596527,6,0.0679999589920044,2.070157177450245,Normal Volume
2011-06-30,1.9420000314712524,1.95533299446106,1.8933329582214355,1.899999976158142,14200500,2011,0.04200005531311035,2.969246721823615,3.382692708612097,6,0.06200003623962447,2.9122641577503057,Normal Volume
2011-07-01,1.9346669912338257,1.97333300113678,1.919999957084656,1.937999963760376,12823500,2011,-0.003332972526550293,-0.3776024777852993,3.1438306847381807,7,0.05333304405212402,1.8231701773536662,Normal Volume
2011-07-05,1.942667007446289,1.968000054359436,1.9140000343322756,1.9346669912338257,14940000,2011,0.008000016212463379,0.41350869419451985,3.1389126545928905,7,0.05400002002716042,1.7229354341933716,Normal Volume
2011-07-06,1.9306670427322388,1.942667007446289,1.9033329486846924,1.942667007446289,13903500,2011,-0.011999964714050293,-0.6177056936703118,3.0372090551115356,7,0.03933405876159668,0.0,Normal Volume
2011-07-07,1.98199999332428,2.0,1.934000015258789,1.942667007446289,19918500,2011,0.039332985877990945,2.658819436799198,3.064348920268236,7,0.06599998474121094,2.9512516727752214,Normal Volume
2011-07-08,1.920667052268982,1.9926669597625728,1.906000018119812,1.9926669597625728,18609000,2011,-0.07199990749359086,-3.094497540962571,2.7239731479236564,7,0.08666694164276079,0.0,Normal Volume
2011-07-11,1.8899999856948853,1.9019999504089355,1.8666670322418213,1.8933329582214355,14637000,2011,-0.003332972526550293,-1.5966883243958452,2.719626709951552,7,0.03533291816711426,0.45776376256829243,Normal Volume
2011-07-12,1.878000020980835,1.9393329620361328,1.8666670322418213,1.891332983970642,15681000,2011,-0.013332962989807129,-0.6349187727447747,2.7206204324214767,7,0.07266592979431152,2.5378914486395803,Normal Volume
2011-07-13,1.9093329906463623,1.935333013534546,1.8600000143051147,1.8953330516815183,15990000,2011,0.013999938964843972,1.6684222212714817,2.7124499308808714,7,0.07533299922943115,2.1104450121597385,Normal Volume
2011-07-14,1.8406670093536377,1.9306670427322388,1.816666960716248,1.9019999504089355,17385000,2011,-0.06133294105529785,-3.5963334645717993,2.6115164106708275,7,0.11400008201599077,1.5072078375785296,Normal Volume
2011-07-15,1.838667035102844,1.8553329706192017,1.8266669511795044,1.852666974067688,10635000,2011,-0.013999938964843972,-0.10865486481967945,2.605772353302311,7,0.028666019439697266,0.1439004736863339,Normal Volume
2011-07-18,1.8153330087661743,1.830000042915344,1.775333046913147,1.8226670026779173,12778500,2011,-0.007333993911742942,-1.269072969231999,2.4447638824801365,7,0.054666996002197044,0.40232473768674337,Normal Volume
2011-07-19,1.859333038330078,1.8739999532699585,1.8359999656677248,1.838667035102844,15391500,2011,0.020666003227233887,2.4237993443312567,2.3443171347089766,7,0.037999987602233665,1.9216594137251266,Normal Volume
2011-07-20,1.9126670360565183,2.0293331146240234,1.853332996368408,1.8666670322418213,45724500,2011,0.046000003814697044,2.868447805044183,2.394675534910548,7,0.17600011825561546,8.714252706699607,Normal Volume
2011-07-21,1.9133330583572388,1.944000005722046,1.8733329772949217,1.9273329973220823,15172500,2011,-0.013999938964843528,0.03482165417005856,2.2410888767487527,7,0.07066702842712425,0.8647705623844683,Normal Volume
2011-07-22,1.952666997909546,1.9693330526351929,1.9033329486846924,1.9133330583572388,8752500,2011,0.03933393955230713,2.0557811082864363,2.2467385220904994,7,0.06600010395050049,2.9268293898624695,Normal Volume
2011-07-25,1.8993330001831052,1.950000047683716,1.8960000276565552,1.934000015258789,10099500,2011,-0.034667015075683816,-2.731341175097346,2.306258204510338,7,0.05400002002716087,0.8273026007595977,Normal Volume
2011-07-26,1.8666670322418213,1.9179999828338623,1.864667057991028,1.8873330354690552,11409000,2011,-0.020666003227233887,-1.7198652336443798,2.2991753794885157,7,0.05333292484283425,1.6248826671539467,Normal Volume
2011-07-27,1.8426669836044312,1.899999976158142,1.8339999914169312,1.899999976158142,14377500,2011,-0.05733299255371094,-1.2857166394890873,2.307273492875359,7,0.06599998474121094,0.0,Normal Volume
2011-07-28,1.878000020980835,1.9033329486846924,1.8359999656677248,1.840000033378601,14080500,2011,0.03799998760223389,1.9174944626884738,2.1797834637833886,7,0.06733298301696755,3.442006204195532,Normal Volume
2011-07-29,1.878000020980835,1.8933329582214355,1.8333330154418943,1.853332996368408,14223000,2011,0.02466702461242698,0.0,2.0987109919843765,7,0.05999994277954124,2.158271715412567,Normal Volume
2011-08-01,1.9179999828338623,1.932000041007996,1.880666971206665,1.911332964897156,17473500,2011,0.006667017936706321,2.129923397558664,2.126675971430361,8,0.05133306980133101,1.081291250159132,Normal Volume
2011-08-02,1.8226670026779173,1.946666955947876,1.8179999589920044,1.9126670360565183,23241000,2011,-0.09000003337860107,-4.970436966067626,2.304188358297999,8,0.12866699695587158,1.777618333479396,Normal Volume
2011-08-03,1.8133330345153809,1.8553329706192017,1.75600004196167,1.8333330154418943,26917500,2011,-0.01999998092651345,-0.5121049620595897,2.0441204415814167,8,0.09933292865753174,1.1999977631998642,Normal Volume
2011-08-04,1.649999976158142,1.792667031288147,1.6446670293807983,1.7673330307006836,45967500,2011,-0.1173330545425415,-9.007339261366853,2.616869820756983,8,0.14800000190734863,1.4334593507494944,Normal Volume
2011-08-05,1.616000056266785,1.6920000314712524,1.5219999551773071,1.6660000085830688,29466000,2011,-0.04999995231628396,-2.0606012353116876,2.604780475670739,8,0.1700000762939453,1.5606256155002414,Normal Volume
2011-08-08,1.5759999752044678,1.6293330192565918,1.5399999618530271,1.5399999618530271,39127500,2011,0.03600001335144065,-2.4752524548002586,2.6319208872011934,8,0.08933305740356468,5.800848027039779,Normal Volume
2011-08-09,1.670667052268982,1.696666955947876,1.5800000429153442,1.6100000143051147,20001000,2011,0.06066703796386719,6.006794324487985,2.8860465948216207,8,0.11666691303253174,5.383039805758461,Normal Volume
2011-08-10,1.5880000591278076,1.6959999799728394,1.5753329992294312,1.6959999799728394,23463000,2011,-0.10799992084503174,-4.948142900699571,2.9641050407342115,8,0.1206669807434082,0.0,Normal Volume
2011-08-11,1.6866669654846191,1.7166670560836792,1.600000023841858,1.602666974067688,12547500,2011,0.08399999141693115,6.213281025380013,3.203475796363798,8,0.11666703224182129,7.113148511861484,Normal Volume
2011-08-12,1.753999948501587,1.8093329668045044,1.6906670331954956,1.7066669464111328,15136500,2011,0.0473330020904541,3.992073384660233,3.2448821814620823,8,0.11866593360900879,6.0155861463927085,Normal Volume
2011-08-15,1.7486670017242432,1.7833329439163208,1.7286670207977295,1.7746670246124268,11079000,2011,-0.026000022888183594,-0.30404486510388073,3.2448394913626597,8,0.05466592311859131,0.48831240924119895,Normal Volume
2011-08-16,1.7400000095367432,1.769333004951477,1.722000002861023,1.7419999837875366,8065500,2011,-0.001999974250793457,-0.49563422761189635,3.2423354964934537,8,0.0473330020904541,1.5690597829118067,Normal Volume
2011-08-17,1.722000002861023,1.7766669988632202,1.7006670236587524,1.7593330144882202,9655500,2011,-0.037333011627197266,-1.0344831366128848,3.2445680774550705,8,0.07599997520446777,0.985258858456786,Normal Volume
2011-08-18,1.6173330545425415,1.6766669750213623,1.564666986465454,1.6666669845581057,15849000,2011,-0.04933393001556419,-6.078219985167377,3.3572781901369035,8,0.1119999885559082,0.5999993133546098,Normal Volume
2011-08-19,1.4866670370101929,1.6146670579910278,1.4666670560836792,1.5906670093536377,20629500,2011,-0.10399997234344482,-8.079103878162385,3.5986152215073663,8,0.14800000190734863,1.508804073779243,Normal Volume
2011-08-22,1.463333010673523,1.5866669416427612,1.4453330039978027,1.5406670570373535,14791500,2011,-0.07733404636383057,-1.569552950040276,3.598407981065727,8,0.1413339376449585,2.985712220904094,Normal Volume
2011-08-23,1.5306669473648071,1.5406670570373535,1.4333330392837524,1.462000012397766,13035000,2011,0.06866693496704124,4.601408988941791,3.730542817274987,8,0.10733401775360107,5.3807827614562775,Normal Volume
2011-08-24,1.591333031654358,1.5953329801559448,1.5219999551773071,1.5399999618530271,10264500,2011,0.05133306980133079,3.963375860045404,3.80174954752231,8,0.0733330249786377,3.5930532255557623,Normal Volume
2011-08-25,1.5406670570373535,1.591333031654358,1.5266669988632202,1.591333031654358,10197000,2011,-0.050665974617004395,-3.183869976250775,3.7910259598147777,8,0.0646660327911377,0.0,Normal Volume
2011-08-26,1.5820000171661377,1.5966670513153076,1.4713330268859863,1.5140000581741333,11427000,2011,0.0679999589920044,2.6827963861488557,3.835488996269805,8,0.1253340244293213,5.460171067686071,Normal Volume
2011-08-29,1.647333025932312,1.6566669940948486,1.6013330221176147,1.6146670579910278,12051000,2011,0.03266596794128418,4.129772949257382,3.920374403061758,8,0.05533397197723389,2.601151481722629,Normal Volume
2011-08-30,1.6419999599456787,1.651332974433899,1.6059999465942385,1.6333329677581787,5493000,2011,0.0086669921875,-0.32373939590114587,3.8877662436042466,8,0.04533302783966042,1.1020414717046956,Normal Volume
2011-08-31,1.6493330001831057,1.7000000476837158,1.6186670064926147,1.6533329486846924,12357000,2011,-0.003999948501586692,0.44659198637675424,3.8437535936592124,8,0.08133304119110107,2.82260745097649,Normal Volume
2011-09-01,1.600000023841858,1.6579999923706057,1.5893330574035645,1.6440000534057615,12721500,2011,-0.04400002956390359,-2.9910864777319635,3.871006961381581,9,0.06866693496704124,0.8515777682513749,Normal Volume
2011-09-02,1.537999987602234,1.5993330478668213,1.5119999647140503,1.5773329734802246,11548500,2011,-0.0393329858779905,-3.875002207234457,3.8862832072869993,9,0.087333083152771,1.3947641212404098,Normal Volume
2011-09-06,1.529332995414734,1.546666979789734,1.4859999418258667,1.5,12147000,2011,0.02933299541473411,-0.5635235537948202,3.8676802878551646,9,0.06066703796386741,3.111131985982274,Normal Volume
2011-09-07,1.5893330574035645,1.600000023841858,1.5520000457763672,1.5593329668045044,6888000,2011,0.03000009059906006,3.9232830370314,3.950026518168089,9,0.04799997806549072,2.6079777637672428,Normal Volume
2011-09-08,1.5740000009536743,1.6019999980926514,1.5520000457763672,1.5720000267028809,7585500,2011,0.001999974250793457,-0.9647478468068349,3.9481425422807668,9,0.04999995231628418,1.908395094158654,Normal Volume
2011-09-09,1.5313329696655271,1.5713330507278442,1.5033329725265503,1.5579999685287476,10039500,2011,-0.026666998863220437,-2.7107389620264044,3.942957578307636,9,0.06800007820129395,0.8557819299372253,Normal Volume
2011-09-12,1.525333046913147,1.5540000200271606,1.4966670274734497,1.5,8499000,2011,0.025333046913146973,-0.3918104599870742,3.941543639970711,9,0.05733299255371094,3.600001335144043,Normal Volume
2011-09-13,1.6053329706192017,1.6066670417785645,1.5166670083999634,1.534000039100647,10897500,2011,0.07133293151855469,5.244751227802502,4.055715101374602,9,0.09000003337860107,4.73709262227403,Normal Volume
2011-09-14,1.6226669549942017,1.656000018119812,1.5859999656677246,1.6166670322418213,12462000,2011,0.005999922752380371,1.0797750181580135,3.975970422283957,9,0.0700000524520874,2.432967648474153,Normal Volume
2011-09-15,1.6546670198440552,1.6619999408721924,1.621999979019165,1.6386669874191284,8439000,2011,0.016000032424926758,1.9720660947315505,3.9974159341690783,9,0.039999961853027344,1.4238984267214019,Normal Volume
2011-09-16,1.7200000286102295,1.7226669788360596,1.6326669454574585,1.6519999504089355,21256500,2011,0.06800007820129395,3.948408228522715,3.7052501462286753,9,0.09000003337860107,4.277665287437275,Normal Volume
2011-09-19,1.718000054359436,1.720667004585266,1.5880000591278076,1.6633330583572388,17361000,2011,0.054666996002197266,-0.116277570786405,3.681178187581557,9,0.13266694545745827,3.446931204785407,Normal Volume
2011-09-20,1.7339999675750732,1.773332953453064,1.7113330364227295,1.7319999933242798,17706000,2011,0.001999974250793457,0.9313104021759111,3.6459491183763677,9,0.06199991703033447,2.3864295778346154,Normal Volume
2011-09-21,1.7233330011367798,1.796666979789734,1.713333010673523,1.7300000190734863,14814000,2011,-0.006667017936706543,-0.6151653193633422,3.490923862263878,9,0.08333396911621116,3.853581501805517,Normal Volume
2011-09-22,1.7086670398712158,1.7406669855117798,1.658666968345642,1.7093329429626465,11637000,2011,-0.0006659030914306641,-0.8510230614680814,3.3618373183552874,9,0.0820000171661377,1.833115232356347,Normal Volume
2011-09-23,1.7586669921875,1.7746670246124268,1.690000057220459,1.6993329524993896,17346000,2011,0.05933403968811035,2.9262548612193573,3.2127039494865715,9,0.08466696739196777,4.433155492114437,Normal Volume
2011-09-26,1.7013330459594729,1.7680000066757202,1.659999966621399,1.7680000066757202,14022000,2011,-0.06666696071624734,-3.260079735545207,3.189496346164831,9,0.10800004005432129,0.0,Normal Volume
2011-09-27,1.746000051498413,1.7993329763412476,1.7046669721603394,1.7333329916000366,10117500,2011,0.012667059898376465,2.6254122110318523,3.2261450425626412,9,0.0946660041809082,3.8076921780786317,Normal Volume
2011-09-28,1.6393330097198486,1.7666670083999634,1.633999943733215,1.7333329916000366,10849500,2011,-0.09399998188018799,-6.109223289370647,3.4158455510216803,9,0.13266706466674827,1.9231167329917482,Normal Volume
2011-09-29,1.6080000400543213,1.7213330268859863,1.5700000524520874,1.7146669626235962,13944000,2011,-0.1066669225692749,-1.9113242690624532,3.4274822585878217,9,0.15133297443389893,0.3887672887911978,Normal Volume
2011-09-30,1.6260000467300415,1.6593329906463623,1.565999984741211,1.6533329486846924,20041500,2011,-0.02733290195465088,1.1194033723476826,3.2468514975839655,9,0.09333300590515137,0.362905848240867,Normal Volume
2011-10-03,1.5820000171661377,1.6666669845581057,1.5499999523162842,1.6633330583572388,15348000,2011,-0.08133304119110107,-2.7060288006996003,2.912891463039172,10,0.11666703224182151,0.20043647807731385,Normal Volume
2011-10-04,1.5773329734802246,1.6213330030441284,1.5286669731140137,1.5526670217514038,18004500,2011,0.0246659517288208,-0.2950090793471194,2.8947002995943,10,0.09266602993011475,4.422453773460687,Normal Volume
2011-10-05,1.6913330554962158,1.7226669788360596,1.5566669702529907,1.6019999980926514,18442500,2011,0.08933305740356445,7.2273948451392345,3.064278054173674,10,0.16600000858306885,7.532270966733762,Normal Volume
2011-10-06,1.797333002090454,1.840000033378601,1.6679999828338623,1.6913330554962158,26536500,2011,0.10599994659423828,6.26724264920957,3.18376104369464,10,0.17200005054473877,8.789929186287218,Normal Volume
2011-10-07,1.7993329763412476,1.840000033378601,1.7366670370101929,1.7986669540405271,19674000,2011,0.0006660223007204369,0.11127455226533911,3.1098689404584996,10,0.1033329963684082,2.297984028962298,Normal Volume
2011-10-10,1.858667016029358,1.878666996955872,1.7999999523162842,1.820667028427124,13852500,2011,0.03799998760223389,3.297557509825655,3.126286946187349,10,0.07866704463958785,3.185643921879237,Normal Volume
2011-10-11,1.8406670093536377,1.8513330221176147,1.805999994277954,1.8339999914169312,8635500,2011,0.006667017936706543,-0.9684363320856315,3.064947164395464,10,0.045333027839660645,0.945094371963015,Normal Volume
2011-10-12,1.853332996368408,1.8666670322418213,1.8133330345153809,1.816666960716248,16851000,2011,0.03666603565215998,0.6881194127132284,3.0620968759530864,10,0.05333399772644043,2.752297069676437,Normal Volume
2011-10-13,1.8626669645309448,1.8980000019073489,1.829332947731018,1.8420000076293943,15652500,2011,0.020666956901550515,0.503631467244503,3.06211283704901,10,0.06866705417633079,3.0401734009776185,Normal Volume
2011-10-14,1.870000004768372,1.9033329486846924,1.817332983016968,1.8666670322418213,21007500,2011,0.003332972526550737,0.3936849891614358,2.9924704720005257,10,0.08599996566772439,1.9642451390399405,Normal Volume
2011-10-17,1.8279999494552608,1.8666670322418213,1.817332983016968,1.8573329448699951,11317500,2011,-0.02933299541473433,-2.245992257006091,2.923119721458536,10,0.049334049224853294,0.5025532658324496,Normal Volume
2011-10-18,1.8893330097198489,1.8953330516815183,1.7806669473648071,1.8200000524520876,14995500,2011,0.06933295726776123,3.3552003260648444,2.9558589634808543,10,0.1146661043167112,4.139175662546521,Normal Volume
2011-10-19,1.838000059127808,1.870666980743408,1.8200000524520876,1.868000030517578,11893500,2011,-0.02999997138976984,-2.716987970249485,2.9585802137601482,10,0.05066692829132036,0.14277035236938035,Normal Volume
2011-10-20,1.8226670026779173,1.831333041191101,1.7999999523162842,1.829332947731018,14995500,2011,-0.006665945053100808,-0.8342250248439487,2.956405094477686,10,0.031333088874816895,0.10933457808015702,Normal Volume
2011-10-21,1.8686670064926147,1.886667013168335,1.8006670475006104,1.8266669511795044,17139000,2011,0.04200005531311035,2.523774433130832,2.9125670896888027,10,0.08599996566772461,3.284674414790703,Normal Volume
2011-10-24,1.9033329486846924,1.9259999990463257,1.850000023841858,1.8580000400543213,14109000,2011,0.045332908630371094,1.8551160839053837,2.912241145614076,10,0.07599997520446777,3.659847014320641,Normal Volume
2011-10-25,1.8833329677581787,1.924000024795532,1.853332996368408,1.8819999694824217,9816000,2011,0.001332998275757058,-1.0507873013145042,2.8043500691445575,10,0.07066702842712402,2.231671413079831,Normal Volume
2011-10-26,1.8653329610824585,1.891332983970642,1.8266669511795044,1.879333019256592,7657500,2011,-0.014000058174133523,-0.9557527523742393,2.816227937286834,10,0.0646660327911377,0.6385225285296641,Normal Volume
2011-10-27,1.9173330068588257,1.9299999475479128,1.8739999532699585,1.8893330097198489,13041000,2011,0.02799999713897683,2.7877085143121816,2.8347690635280265,10,0.055999994277954324,2.152449442149644,Normal Volume
2011-10-28,1.9913330078125,2.0,1.8673330545425413,1.899999976158142,18960000,2011,0.09133303165435791,3.8595278279232703,2.831118216301069,10,0.13266694545745872,5.263159215615413,Normal Volume
2011-10-31,1.9579999446868896,1.9673329591751096,1.9166669845581052,1.9666670560836792,17010000,2011,-0.00866711139678955,-1.6739070258382838,2.8574990479008484,10,0.050665974617004395,0.03385947252080825,Normal Volume
2011-11-01,1.925333023071289,1.9279999732971191,1.8666670322418213,1.8926670551300049,9528000,2011,0.03266596794128418,-1.6683821521161768,2.8825233220855275,11,0.06133294105529785,1.8668322075636956,Normal Volume
2011-11-02,1.9140000343322756,1.9506670236587524,1.8833329677581787,1.9333330392837524,13129500,2011,-0.01933300495147683,-0.5886248562305907,2.8822084646249406,11,0.06733405590057373,0.8965855350727245,Normal Volume
2011-11-03,2.1640000343322754,2.1659998893737797,1.9686670303344729,2.0,37645500,2011,0.1640000343322754,13.061650758392783,3.6835142324027474,11,0.19733285903930686,8.299994468688986,Normal Volume
2011-11-04,2.1540000438690186,2.1600000858306885,2.0339999198913574,2.0973329544067383,45493500,2011,0.05666708946228027,-0.46210676084127433,3.6697027254271424,11,0.12600016593933105,2.9879438690113234,Normal Volume
2011-11-07,2.084666967391968,2.1333329677581787,2.049999952316284,2.109333038330078,18994500,2011,-0.024666070938109907,-3.218805713323669,3.6681583776093016,11,0.08333301544189453,1.1377970662755517,Normal Volume
2011-11-08,2.122667074203491,2.1333329677581787,2.0480000972747803,2.0913329124450684,17518500,2011,0.03133416175842285,1.822838247351477,3.6568607402483146,11,0.08533287048339844,2.0082912224628195,Normal Volume
2011-11-09,2.058666944503784,2.0993330478668213,2.0199999809265137,2.058000087738037,14305500,2011,0.0006668567657470703,-3.0150809082353347,3.4979147350805926,11,0.07933306694030762,2.0084041966302117,Normal Volume
2011-11-10,2.0886669158935547,2.0999999046325684,2.043333053588867,2.062666893005371,11209500,2011,0.026000022888183594,1.4572522995943693,3.4611285500756694,11,0.05666685104370117,1.809938955911678,Normal Volume
2011-11-11,2.242666959762573,2.299999952316284,2.0380001068115234,2.126667022705078,58024500,2011,0.11599993705749467,7.37312602105995,3.6557194207525336,11,0.26199984550476074,8.15044987111946,Normal Volume
2011-11-14,2.2146670818328857,2.236000061035156,2.1746668815612797,2.200000047683716,19885500,2011,0.014667034149169922,-1.2485080679411897,3.612277585042805,11,0.061333179473876065,1.6363642077800329,Normal Volume
2011-11-15,2.26200008392334,2.293333053588867,2.181999921798706,2.194667100906372,13365000,2011,0.06733298301696777,2.137251349366731,3.605130887024693,11,0.11133313179016113,4.495713843878519,Normal Volume
2011-11-16,2.329333066940308,2.3333330154418945,2.2266669273376465,2.2320001125335693,27498000,2011,0.09733295440673873,2.9767011723616843,3.442758187404984,11,0.10666608810424805,4.540004381688899,Normal Volume
2011-11-17,2.245332956314087,2.326667070388794,2.2126669883728027,2.299999952316284,20239500,2011,-0.054666996002197266,-3.6061871880159857,3.406209686525435,11,0.11400008201599121,1.159439940233644,Normal Volume
2011-11-18,2.173332929611206,2.2739999294281006,2.169332981109619,2.242666959762573,13542000,2011,-0.06933403015136674,-3.2066525590518813,3.482303614676246,11,0.10466694831848145,1.3971298560016667,Normal Volume
2011-11-21,2.117332935333252,2.1626670360565186,2.069999933242798,2.1626670360565186,15474000,2011,-0.0453341007232666,-2.57668733192995,3.495623006794471,11,0.0926671028137207,0.0,Normal Volume
2011-11-22,2.138000011444092,2.186000108718872,2.069999933242798,2.117332935333252,10989000,2011,0.020667076110839844,0.9760900501737613,3.4856239496752077,11,0.11600017547607422,3.2430975894120513,Normal Volume
2011-11-23,2.096667051315308,2.136667013168335,2.0833330154418945,2.117332935333252,6777000,2011,-0.020665884017943892,-1.933253503626775,3.51495105345247,11,0.05333399772644043,0.9131335706559521,Normal Volume
2011-11-25,2.110666990280152,2.1606669425964355,2.072000026702881,2.103332996368408,3594000,2011,0.007333993911743608,0.6677235165240436,3.5151338497267735,11,0.08866691589355469,2.7258615885843804,Normal Volume
2011-11-28,2.1706669330596924,2.2186670303344727,2.120666980743408,2.1333329677581787,10218000,2011,0.03733396530151367,2.8427005802358574,3.541522106791568,11,0.09800004959106445,4.000034868723168,Normal Volume
2011-11-29,2.1166670322418213,2.204667091369629,2.1086668968200684,2.1659998893737797,8866500,2011,-0.04933285713195845,-2.4877101132118273,3.5483861626411577,11,0.09600019454956055,1.7851894723331856,Normal Volume
2011-11-30,2.182667016983032,2.1953330039978027,2.1480000019073486,2.166666984558105,11404500,2011,0.016000032424926758,3.1181089767958525,3.5421779033275484,11,0.0473330020904541,1.3230468569466936,Normal Volume
2011-12-01,2.173332929611206,2.2660000324249268,2.131999969482422,2.171333074569702,15453000,2011,0.0019998550415039062,-0.4276459624486195,3.4939106709521592,12,0.13400006294250488,4.35985427403785,Normal Volume
2011-12-02,2.220000028610229,2.246000051498413,2.1600000858306885,2.188667058944702,12042000,2011,0.0313329696655269,2.1472595552753715,3.493615936442826,12,0.08599996566772461,2.6195392451035873,Normal Volume
2011-12-05,2.2946670055389404,2.3333330154418945,2.228667020797729,2.23533296585083,17401500,2011,0.05933403968811035,3.363377295785641,3.511910278412606,12,0.10466599464416548,4.384136550939422,Normal Volume
2011-12-06,2.324666976928711,2.3320000171661377,2.268666982650757,2.2799999713897705,14277000,2011,0.04466700553894043,1.3073779906781935,3.5073565399851008,12,0.06333303451538086,2.280703790740429,Normal Volume
2011-12-07,2.2793331146240234,2.325999975204468,2.25333309173584,2.308666944503784,10114500,2011,-0.029333829879760742,-1.9501228672582305,3.526855410819985,12,0.07266688346862837,0.7507809102542303,Normal Volume
2011-12-08,2.059333086013794,2.109999895095825,1.9739999771118164,2.055999994277954,49587000,2011,0.0033330917358398438,-9.651947194498533,3.9937583586716867,12,0.1359999179840088,2.62645432724504,Normal Volume
2011-12-09,2.069333076477051,2.074666976928711,2.018666982650757,2.0360000133514404,18592500,2011,0.03333306312561035,0.4855936385994575,3.968456150777972,12,0.0559999942779541,1.8991632280798068,Normal Volume
2011-12-12,2.0273330211639404,2.041332960128784,2.001332998275757,2.0293331146240234,11380500,2011,-0.002000093460083008,-2.029642100179141,3.9333125140795464,12,0.039999961853027344,0.5913196516769976,Normal Volume
2011-12-13,1.963333010673523,2.062000036239624,1.9273329973220823,2.0380001068115234,14911500,2011,-0.07466709613800049,-3.1568573008135314,3.965987256725831,12,0.13466703891754173,1.1776215981484306,Normal Volume
2011-12-14,1.9019999504089355,1.9786670207977293,1.8666670322418213,1.9666670560836792,17458500,2011,-0.06466710567474365,-3.1239254844264597,3.996942072344371,12,0.11199998855590798,0.6101675765061215,Normal Volume
2011-12-15,1.9079999923706052,1.9446669816970823,1.874667048454285,1.911332964897156,10504500,2011,-0.003332972526550737,0.31545962766086344,3.995485113473608,12,0.06999993324279741,1.7440193525736596,Normal Volume
2011-12-16,1.8666670322418213,1.928666949272156,1.8653329610824585,1.9193329811096191,15445500,2011,-0.05266594886779785,-2.1662977093322544,3.169339677010274,12,0.06333398818969749,0.48631312306948526,Normal Volume
2011-12-19,1.850000023841858,1.899999976158142,1.824666976928711,1.8726669549942017,14805000,2011,-0.02266693115234375,-0.8928752751339197,3.170407897976785,12,0.07533299922943115,1.459577267118758,Normal Volume
2011-12-20,1.8600000143051147,1.896667003631592,1.8480000495910645,1.870000004768372,12649500,2011,-0.00999999046325728,0.5405400180747089,3.131526873562797,12,0.048666954040527566,1.426042716321977,Normal Volume
2011-12-21,1.838000059127808,1.8713330030441284,1.73533296585083,1.8606669902801516,25582500,2011,-0.022666931152343528,-1.182793280005734,3.1082224564301426,12,0.13600003719329834,0.5732359857886713,Normal Volume
2011-12-22,1.8513330221176147,1.870000004768372,1.8200000524520876,1.840000033378601,15141000,2011,0.011332988739013672,0.7254060152823705,3.075869259340884,12,0.0499999523162844,1.630433198127998,Normal Volume
2011-12-23,1.8600000143051147,1.8666670322418213,1.834666967391968,1.8666670322418213,8871000,2011,-0.006667017936706543,0.46814873844720495,3.061575133121,12,0.032000064849853294,0.0,Normal Volume
2011-12-27,1.9046670198440552,1.9179999828338623,1.8426669836044312,1.843999981880188,11662500,2011,0.06066703796386719,2.401451892226336,2.7481943895982233,12,0.07533299922943115,4.013015275532817,Normal Volume
2011-12-28,1.9006669521331787,1.9493329524993896,1.869333028793335,1.932667016983032,8628000,2011,-0.032000064849853294,-0.21001401658143903,2.74505262507482,12,0.07999992370605469,0.8623283457475159,Normal Volume
2011-12-29,1.915333032608032,1.955999970436096,1.9033329486846924,1.906000018119812,7323000,2011,0.009333014488219993,0.7716281097218669,2.711426278692053,12,0.05266702175140359,2.6232923316342247,Normal Volume
2011-12-30,1.9040000438690183,1.932000041007996,1.8833329677581787,1.8993330001831052,5097000,2011,0.004667043685913086,-0.5916980778837178,2.6299461254226144,12,0.04866707324981734,1.719921721032675,Normal Volume
2012-01-03,1.871999979019165,1.9666670560836792,1.8433330059051516,1.929332971572876,13921500,2012,-0.05733299255371094,-1.680675636163731,2.5779268973966287,1,0.12333405017852761,1.9350773070740017,Normal Volume
2012-01-04,1.8473329544067385,1.911332964897156,1.8333330154418943,1.880666971206665,9451500,2012,-0.033334016799926536,-1.3176829534662038,2.534033416450628,1,0.07799994945526167,1.6305913891184662,Normal Volume
2012-01-05,1.807999968528748,1.861999988555908,1.7899999618530271,1.8506669998168943,15082500,2012,-0.042667031288146307,-2.1291768646341303,2.522729599543604,1,0.07200002670288086,0.6123732005884884,Normal Volume
2012-01-06,1.7940000295639038,1.852666974067688,1.7606669664382937,1.8133330345153809,14794500,2012,-0.01933300495147705,-0.7743329208261263,2.5077688109243903,1,0.09200000762939431,2.169151435705204,Normal Volume
2012-01-09,1.816666960716248,1.8326669931411743,1.7413330078125,1.7999999523162842,13455000,2012,0.016667008399963823,1.2634855506582277,2.5149483088151605,1,0.09133398532867432,1.8148356494595115,Normal Volume
2012-01-10,1.841333031654358,1.8506669998168943,1.816666960716248,1.829332947731018,10077000,2012,0.012000083923339844,1.3577651529691925,2.5285961610413143,1,0.034000039100646307,1.166220294251933,Normal Volume
2012-01-11,1.8819999694824217,1.8919999599456787,1.8200000524520876,1.841333031654358,10084500,2012,0.04066693782806374,2.208559621152628,2.5028818699519237,1,0.07199990749359109,2.7516439134206356,Normal Volume
2012-01-12,1.8833329677581787,1.9079999923706052,1.8539999723434448,1.8986669778823853,10939500,2012,-0.015334010124206543,0.07082881495070747,2.474244321096152,1,0.05400002002716042,0.491556160029141,Normal Volume
2012-01-13,1.519333004951477,1.899999976158142,1.5093330144882202,1.8933329582214355,82506000,2012,-0.3739999532699585,-19.327435405115235,4.187404561815611,1,0.3906669616699219,0.35213129881652855,Normal Volume
2012-01-17,1.773332953453064,1.8226670026779173,1.7606669664382937,1.7746670246124268,69774000,2012,-0.001334071159362793,16.717858933743024,5.304306396706922,1,0.06200003623962358,2.7047315017290816,Normal Volume
2012-01-18,1.7873330116271973,1.7920000553131104,1.75,1.779332995414734,18903000,2012,0.008000016212463157,0.7894771338271322,5.2863957920246945,1,0.04200005531311035,0.7118993426760882,Normal Volume
2012-01-19,1.784000039100647,1.8493330478668213,1.77400004863739,1.8126670122146609,18694500,2012,-0.028666973114013894,-0.1864774222189225,5.234561440625162,1,0.07533299922943137,2.022767303927652,Normal Volume
2012-01-20,1.773332953453064,1.7999999523162842,1.7599999904632568,1.7933330535888672,9934500,2012,-0.020000100135803223,-0.5979307967370118,5.220928618212865,1,0.039999961853027344,0.37176021007782195,Normal Volume
2012-01-23,1.7846670150756836,1.8140000104904173,1.773332953453064,1.7873330116271973,8919000,2012,-0.002665996551513672,0.6391389502208078,5.222008338022167,1,0.040667057037353294,1.4919994589560128,Normal Volume
2012-01-24,1.8279999494552608,1.8453329801559448,1.762666940689087,1.775333046913147,12870000,2012,0.052666902542113814,2.428068318264942,4.96540653866669,1,0.08266603946685791,3.942918392946605,Normal Volume
2012-01-25,1.864667057991028,1.8673330545425413,1.803333044052124,1.8179999589920044,9168000,2012,0.04666709899902366,2.0058593845527106,4.981146278433807,1,0.06400001049041726,2.7135916756505196,Normal Volume
2012-01-26,1.929332971572876,1.972000002861023,1.8666670322418213,1.8713330030441284,19066500,2012,0.05799996852874756,3.467960315205998,5.013378752234854,1,0.10533297061920166,5.3794273735961395,Normal Volume
2012-01-27,1.95533299446106,1.9813330173492432,1.899999976158142,1.899999976158142,11226000,2012,0.055333018302917925,1.347617195749673,4.984144926862763,1,0.08133304119110107,4.280686432194539,Normal Volume
2012-01-30,1.9713330268859863,1.9739999771118164,1.9019999504089355,1.965999960899353,10935000,2012,0.005333065986633301,0.8182766040490286,4.947743122241022,1,0.07200002670288086,0.40691843192121663,Normal Volume
2012-01-31,1.937999963760376,2.0,1.9246670007705688,1.9933329820632932,14346000,2012,-0.05533301830291726,-1.6908894981719547,4.960269306633202,1,0.07533299922943115,0.3344658417183141,Normal Volume
2012-02-01,1.972000002861023,1.9800000190734863,1.9333330392837524,1.937999963760376,7848000,2012,0.03400003910064697,1.7543880152957048,4.948068438122562,2,0.04666697978973389,2.1671855571976395,Normal Volume
2012-02-02,2.016666889190674,2.058666944503784,1.9739999771118164,1.9813330173492432,12085500,2012,0.035333871841430664,2.2650550844242945,4.95525908875958,2,0.08466696739196777,3.9031261518067977,Normal Volume
2012-02-03,2.076667070388794,2.0886669158935547,2.016666889190674,2.0273330211639404,11467500,2012,0.049334049224853516,2.975215268308351,4.977329226908005,2,0.07200002670288086,3.0253487754271866,Normal Volume
2012-02-06,2.119999885559082,2.126667022705078,2.069999933242798,2.0733330249786377,9781500,2012,0.046666860580444336,2.0866520102413633,4.975166437186174,2,0.05666708946228027,2.5723796941395825,Normal Volume
2012-02-07,2.1066670417785645,2.119999885559082,2.0546669960021973,2.119999885559082,15324000,2012,-0.013332843780517578,-0.6289077594455406,4.980148882066822,2,0.06533288955688477,0.0,Normal Volume
2012-02-08,2.128667116165161,2.134000062942505,2.0859999656677246,2.1066670417785645,9355500,2012,0.02200007438659668,1.044307142528944,4.980906340577056,2,0.04800009727478027,1.2974533052391795,Normal Volume
2012-02-09,2.171999931335449,2.19333291053772,2.0953330993652344,2.1333329677581787,19156500,2012,0.03866696357727051,2.0356783285285562,4.976729635477837,2,0.0979998111724858,2.8124977997500613,Normal Volume
2012-02-10,2.0733330249786377,2.1513330936431885,1.9893330335617063,2.1506669521331787,28113000,2012,-0.07733392715454102,-4.542675390240292,5.062091922227203,2,0.16200006008148216,0.030973717680882244,Normal Volume
2012-02-13,2.0993330478668213,2.1373329162597656,2.059999942779541,2.103332996368408,17368500,2012,-0.003999948501586914,1.254020583039317,5.064015377993135,2,0.07733297348022461,1.6164782252768017,Normal Volume
2012-02-14,2.211333036422729,2.25266695022583,2.093333005905152,2.115999937057495,27162000,2012,0.09533309936523393,5.335027173021145,5.137635701186378,2,0.15933394432067827,6.458743725596882,Normal Volume
2012-02-15,2.240000009536743,2.2939999103546143,2.1513330936431885,2.206666946411133,41427000,2012,0.03333306312561035,1.2963661575096097,5.1201274185833405,2,0.14266681671142578,3.957686686045557,Normal Volume
2012-02-16,2.2786669731140137,2.3006670475006104,2.169332981109619,2.233333110809326,33295500,2012,0.0453338623046875,1.726203723778874,5.108250934916002,2,0.1313340663909912,3.014952689564674,Normal Volume
2012-02-17,2.3313329219818115,2.3313329219818115,2.233333110809326,2.2660000324249268,20650500,2012,0.06533288955688477,2.3112613422322514,5.0837136854706495,2,0.09799981117248535,2.8831813160642246,Normal Volume
2012-02-21,2.299999952316284,2.324666976928711,2.253999948501587,2.324666976928711,17037000,2012,-0.024667024612426758,-1.3439937887074427,5.0915567741138466,2,0.07066702842712402,0.0,Normal Volume
2012-02-22,2.281332969665528,2.314666986465454,2.166666984558105,2.299999952316284,24819000,2012,-0.018666982650756392,-0.8116079581635294,5.101415256816737,2,0.14800000190734908,0.6376971501412008,Normal Volume
2012-02-23,2.302000045776367,2.3313329219818115,2.237333059310913,2.2660000324249268,12306000,2012,0.03600001335144043,0.9059210727081934,5.100664317335641,2,0.09399986267089844,2.8831813160642246,Normal Volume
2012-02-24,2.25,2.301332950592041,2.2179999351501465,2.282000064849853,14398500,2012,-0.03200006484985307,-2.2589072433675694,5.125645990036961,2,0.08333301544189453,0.8471904116032517,Normal Volume
2012-02-27,2.2413330078125,2.266666889190674,2.200000047683716,2.227333068847656,9090000,2012,0.013999938964844194,-0.385199652777779,5.128342389971269,2,0.06666684150695801,1.7659604166595506,Normal Volume
2012-02-28,2.253999948501587,2.2960000038146973,2.211333036422729,2.242666959762573,9183000,2012,0.011332988739014116,0.5651521056859732,3.4633838309612126,2,0.08466696739196822,2.3781080744048926,Normal Volume
2012-02-29,2.227333068847656,2.2746670246124268,2.2093329429626465,2.253999948501587,8035500,2012,-0.026666879653931108,-1.183091404756187,1.933389556280891,2,0.06533408164978027,0.916906680702406,Normal Volume
2012-03-01,2.2939999103546143,2.299999952316284,2.220666885375977,2.233999967575073,10552500,2012,0.05999994277954146,2.9931240387612856,1.9751437553945228,3,0.07933306694030717,2.9543413473211464,Normal Volume
2012-03-02,2.2693328857421875,2.299999952316284,2.24733304977417,2.293333053588867,8250000,2012,-0.024000167846679688,-1.0752844627885616,1.997827595853247,3,0.05266690254211426,0.29070782880767687,Normal Volume
2012-03-05,2.251332998275757,2.293333053588867,2.2306671142578125,2.289999961853028,7005000,2012,-0.03866696357727095,-0.793179686396861,2.0029329264820164,3,0.06266593933105469,0.14554985988481503,Normal Volume
2012-03-06,2.2073330879211426,2.2186670303344727,2.1746668815612797,2.2166669368743896,8607000,2012,-0.00933384895324707,-1.9543937031222258,2.0659029904391013,3,0.044000148773192915,0.09022976915527232,Normal Volume
2012-03-07,2.2079999446868896,2.220666885375977,2.194000005722046,2.2079999446868896,5473500,2012,0.0,0.03021097130271322,2.044277024420452,3,0.026666879653931108,0.5736839223917473,Normal Volume
2012-03-08,2.204667091369629,2.2326669692993164,2.202666997909546,2.2073330879211426,9499500,2012,-0.002665996551513672,-0.1509444474978583,2.0329043134347753,3,0.029999971389770508,1.1477144757537783,Normal Volume
2012-03-09,2.315999984741211,2.3540000915527344,2.2133328914642334,2.2133328914642334,23301000,2012,0.10266709327697754,5.049873235165747,2.1286634589396924,3,0.14066720008850098,6.355447055930317,Normal Volume
2012-03-12,2.4006669521331787,2.419332981109619,2.3066670894622803,2.312666893005371,29449500,2012,0.08800005912780762,3.6557412758976504,2.1960466609887397,3,0.11266589164733887,4.612254727512126,Normal Volume
2012-03-13,2.4059998989105225,2.439332962036133,2.3666670322418213,2.434000015258789,15024000,2012,-0.0280001163482666,0.22214438252690094,2.1977243788707153,3,0.07266592979431152,0.2191021669643144,Normal Volume
2012-03-14,2.352667093276977,2.400000095367432,2.319999933242798,2.400000095367432,12772500,2012,-0.04733300209045499,-2.216658681394601,2.2193518007912787,3,0.08000016212463423,0.0,Normal Volume
2012-03-15,2.3333330154418945,2.365333080291748,2.318666934967041,2.351999998092652,8574000,2012,-0.01866698265075728,-0.8217940349627861,2.2258593093689307,3,0.04666614532470703,0.5668827470199261,Normal Volume
2012-03-16,2.354666948318481,2.392667055130005,2.322000026702881,2.326667070388794,10939500,2012,0.027999877929687056,0.9143115335616292,2.204284734341199,3,0.07066702842712402,2.8366750697246133,Normal Volume
2012-03-19,2.3320000171661377,2.354666948318481,2.3026669025421143,2.3506669998168945,15234000,2012,-0.018666982650756836,-0.9626385238273416,2.1713423457580263,3,0.05200004577636674,0.170162277425856,Normal Volume
2012-03-20,2.330667018890381,2.346667051315308,2.3046669960021973,2.3320000171661377,8505000,2012,-0.001332998275756836,-0.057161160632268615,2.1494226219942725,3,0.042000055313110796,0.6289465712351857,Normal Volume
2012-03-21,2.343333005905152,2.353332996368408,2.3066670894622803,2.329333066940308,9108000,2012,0.01399993896484375,0.5434490174748952,2.141873065794347,3,0.04666590690612793,1.0303348099387613,Normal Volume
2012-03-22,2.293333053588867,2.343333005905152,2.2866671085357666,2.3313329219818115,7836000,2012,-0.037999868392944336,-2.13371092329967,2.185894677890829,3,0.05666589736938521,0.5147305994005908,Normal Volume
2012-03-23,2.2720000743865967,2.308666944503784,2.2100000381469727,2.2839999198913574,17559000,2012,-0.011999845504760742,-0.9302172298474631,2.1703722520355497,3,0.09866690635681152,1.079992358913922,Normal Volume
2012-03-26,2.493333101272583,2.5393331050872803,2.3359999656677246,2.372667074203491,47107500,2012,0.1206660270690918,9.741770230608049,2.620446468096664,3,0.20333313941955566,7.024417066171795,Normal Volume
2012-03-27,2.5293331146240234,2.663332939147949,2.4686670303344727,2.477333068847656,38088000,2012,0.05200004577636763,1.443850937248059,2.6221867764225535,3,0.19466590881347656,7.50806876310791,Normal Volume
2012-03-28,2.523333072662353,2.562666893005371,2.4739999771118164,2.518666982650757,14325000,2012,0.004666090011596236,-0.23721833739412945,2.4723333418294247,3,0.08866691589355469,1.7469522830011772,Normal Volume
2012-03-29,2.4886670112609863,2.5460000038146973,2.4686670303344727,2.5460000038146973,11946000,2012,-0.05733299255371094,-1.3738202767179963,2.489541590941992,3,0.07733297348022461,0.0,Normal Volume
2012-03-30,2.4826669692993164,2.5293331146240234,2.4453330039978027,2.501332998275757,13296000,2012,-0.01866602897644043,-0.24109460745532774,2.478757462403943,3,0.0840001106262207,1.1194077864709702,Normal Volume
2012-04-02,2.438667058944702,2.531332969665528,2.435333013534546,2.4886670112609863,15429000,2012,-0.04999995231628418,-1.772284035624494,2.477468472295743,4,0.09599995613098189,1.7144100922896464,Normal Volume
2012-04-03,2.5339999198913574,2.564666986465454,2.444667100906372,2.446666955947876,16471500,2012,0.08733296394348145,3.9092200223473483,2.5506962313660835,4,0.11999988555908203,4.822888960457764,Normal Volume
2012-04-04,2.3333330154418945,2.365999937057495,2.312666893005371,2.351332902908325,67227000,2012,-0.017999887466430664,-7.9189783264897,2.9599224637479074,4,0.05333304405212402,0.6237753119104703,Normal Volume
2012-04-05,2.298666954040528,2.3626670837402344,2.2939999103546143,2.3399999141693115,22641000,2012,-0.041332960128783736,-1.4856885481818627,2.9701291898815114,4,0.06866717338562012,0.9686824958269105,Normal Volume
2012-04-09,2.2100000381469727,2.2860000133514404,2.206666946411133,2.273333072662353,24835500,2012,-0.06333303451538042,-3.857318944690924,3.026540201453644,4,0.07933306694030762,0.5571968683960952,Normal Volume
2012-04-10,2.1640000343322754,2.256666898727417,2.140000104904175,2.2100000381469727,27715500,2012,-0.046000003814697266,-2.081448100483607,3.0494322486212857,4,0.11666679382324219,2.1116226142499652,Normal Volume
2012-04-11,2.2060000896453857,2.2193329334259038,2.134000062942505,2.2160000801086426,16582500,2012,-0.009999990463256836,1.9408528025310234,3.0696302181726134,4,0.08533287048339888,0.15039951248999,Normal Volume
2012-04-12,2.22933292388916,2.298666954040528,2.194667100906372,2.251332998275757,15508500,2012,-0.02200007438659668,1.0576986988031,3.067784634969121,4,0.10399985313415572,2.1024857629245837,Normal Volume
2012-04-13,2.239332914352417,2.2693328857421875,2.190000057220459,2.262666940689087,9744000,2012,-0.023334026336669922,0.4485642479011842,3.018325496016598,4,0.07933282852172852,0.29460566790578985,Normal Volume
2012-04-16,2.150000095367432,2.24666690826416,2.1393330097198486,2.227333068847656,16494000,2012,-0.07733297348022372,-3.9892603021386197,3.0987116833199977,4,0.10733389854431152,0.8680264162964635,Normal Volume
2012-04-17,2.149333000183105,2.204667091369629,2.135999917984009,2.1619999408721924,16732500,2012,-0.012666940689087358,-0.031027681615658498,3.0962443208403454,4,0.06866717338562012,1.9735037772583737,Normal Volume
2012-04-18,2.177333116531372,2.183332920074463,2.101999998092652,2.1393330097198486,12346500,2012,0.03800010681152344,1.3027351436879053,3.0863795016320017,4,0.08133292198181108,2.0567116084641803,Normal Volume
2012-04-19,2.21066689491272,2.228667020797729,2.166666984558105,2.183332920074463,11623500,2012,0.02733397483825728,1.5309452709951321,3.0990226818405673,4,0.06200003623962402,2.0763714185063464,Normal Volume
2012-04-20,2.21066689491272,2.248667001724243,2.196000099182129,2.2093329429626465,12327000,2012,0.0013339519500736863,0.0,3.0988077174912347,4,0.05266690254211426,1.7803590394506557,Normal Volume
2012-04-23,2.129333019256592,2.197999954223633,2.114000082015991,2.190666913986206,13362000,2012,-0.06133389472961426,-3.6791556359439426,3.022510094115414,4,0.0839998722076416,0.33474008260266863,Normal Volume
2012-04-24,2.121332883834839,2.146667003631592,2.066667079925537,2.121332883834839,10117500,2012,0.0,-0.3757108610726423,2.93177627813013,4,0.07999992370605469,1.1942548003571785,Normal Volume
2012-04-25,2.194000005722046,2.1993329524993896,2.138000011444092,2.138000011444092,10683000,2012,0.0559999942779541,3.425540726820908,3.011355222047205,4,0.06133294105529785,2.8687063015435204,Normal Volume
2012-04-26,2.2326669692993164,2.2346670627593994,2.194000005722046,2.1973330974578857,6379500,2012,0.035333871841430664,1.7623957828817316,3.0099922171994873,4,0.040667057037353516,1.699058069288888,Normal Volume
2012-04-27,2.22266697883606,2.242000102996826,2.194000005722046,2.240000009536743,8865000,2012,-0.01733303070068315,-0.4478944061413137,3.0078061483130347,4,0.04800009727478027,0.08928988623069914,Normal Volume
2012-04-30,2.208667039871216,2.2239999771118164,2.171999931335449,2.2179999351501465,6208500,2012,-0.009332895278930664,-0.6298711906979171,3.0027316880083017,4,0.05200004577636719,0.27051587633449375,Normal Volume
2012-05-01,2.252000093460083,2.2806670665740967,2.208667039871216,2.208667039871216,9885000,2012,0.04333305358886719,1.9619550075503422,3.0235106685661703,5,0.07200002670288086,3.259885958504596,Normal Volume
2012-05-02,2.262666940689087,2.2926669120788574,2.2260000705718994,2.233333110809326,7459500,2012,0.029333829879760742,0.4736610473499159,3.025155883127782,5,0.06666684150695801,2.656737634988521,Normal Volume
2012-05-03,2.1640000343322754,2.266666889190674,2.1419999599456787,2.260667085647583,12619500,2012,-0.09666705131530762,-4.36064648236576,3.122647251133653,5,0.12466692924499512,0.2653996946822507,Normal Volume
2012-05-04,2.121999979019165,2.1640000343322754,2.093333005905152,2.1546669006347656,18712500,2012,-0.032666921615600586,-1.9408528025310234,3.118763916135175,5,0.07066702842712358,0.43315900451992007,Normal Volume
2012-05-07,2.1646668910980225,2.171999931335449,2.107332944869995,2.130666971206665,17370000,2012,0.03399991989135742,2.0106933317963094,3.141539704344104,5,0.0646669864654541,1.9399071130002075,Normal Volume
2012-05-08,2.012666940689087,2.181999921798706,1.9579999446868896,2.166666984558105,46458000,2012,-0.1540000438690181,-7.021863319202614,2.8004460397405144,5,0.2239999771118164,0.7076739226599793,Normal Volume
2012-05-09,2.003999948501587,2.051332950592041,1.9839999675750728,2.0199999809265137,29218500,2012,-0.016000032424926758,-0.4306222759605016,2.7723683199184923,5,0.06733298301696822,1.551137126801152,Normal Volume
2012-05-10,2.1973330974578857,2.312000036239624,2.1600000858306885,2.197999954223633,83344500,2012,-0.0006668567657470703,9.647362970286299,3.3588992715666053,5,0.15199995040893555,5.186537051419447,Normal Volume
2012-05-11,2.150000095367432,2.22933292388916,2.1440000534057617,2.1659998893737797,18319500,2012,-0.015999794006347656,-2.154111370060985,3.369659658064813,5,0.08533287048339844,2.923962961682831,Normal Volume
2012-05-14,2.003999948501587,2.1419999599456787,2.00333309173584,2.128000020980835,20713500,2012,-0.12400007247924805,-6.7907042041732595,3.5634948242661593,5,0.13866686820983887,0.6578918621622436,Normal Volume
2012-05-15,1.962000012397766,2.063999891281128,1.9479999542236328,2.017333030700684,23785500,2012,-0.05533301830291815,-2.095805248659055,3.567495974457551,5,0.11599993705749512,2.313294823920818,Normal Volume
2012-05-16,1.9453330039978027,2.01200008392334,1.925333023071289,1.972000002861023,18856500,2012,-0.026666998863220215,-0.8494907387688766,3.4615172839040107,5,0.08666706085205078,2.028401673645226,Normal Volume
2012-05-17,1.9046670198440552,1.9859999418258667,1.8826669454574585,1.953333020210266,17235000,2012,-0.048666000366210715,-2.0904381959374496,3.2032233137942705,5,0.1033329963684082,1.6723682688825066,Normal Volume
2012-05-18,1.8373329639434812,1.897333025932312,1.7886669635772705,1.891332983970642,24247500,2012,-0.05400002002716087,-3.535214039989354,3.2438119254845996,5,0.1086660623550415,0.31723879467662564,Normal Volume
2012-05-21,1.9179999828338623,1.9506670236587524,1.807999968528748,1.838667035102844,22128000,2012,0.07933294773101829,4.390440952914965,3.3151328232162567,5,0.14266705513000444,6.091368715360898,Normal Volume
2012-05-22,2.053333044052124,2.0893330574035645,2.0,2.006666898727417,35493000,2012,0.04666614532470703,7.055946946271918,3.567234446488514,5,0.08933305740356445,4.119575537353633,Normal Volume
2012-05-23,2.068000078201294,2.069999933242798,1.9666670560836792,2.0373330116271973,18306000,2012,0.03066706657409668,0.7143037117946172,3.549860155769598,5,0.10333287715911865,1.603415908404186,Normal Volume
2012-05-24,2.018666982650757,2.0833330154418945,1.9793330430984497,2.0833330154418945,16134000,2012,-0.0646660327911377,-2.3855461162963776,3.56494138178611,5,0.10399997234344482,0.0,Normal Volume
2012-05-25,1.987333059310913,2.0273330211639404,1.946666955947876,2.010667085647583,11355000,2012,-0.023334026336669922,-1.5522086411052571,3.5697574091149575,5,0.08066606521606445,0.8288759305466903,Normal Volume
2012-05-29,2.1126670837402344,2.128667116165161,2.000667095184326,2.000667095184326,24750000,2012,0.1119999885559082,6.306644165260322,3.6990204167788097,5,0.12800002098083496,6.397867055890276,Normal Volume
2012-05-30,2.0273330211639404,2.0946669578552246,2.0160000324249268,2.072000026702881,19608000,2012,-0.04466700553894043,-4.0391627830552395,3.7721057969130936,5,0.07866692543029785,1.0939638446054,Normal Volume
2012-05-31,1.9666670560836792,2.0193328857421875,1.9166669845581052,2.004667043685913,16780500,2012,-0.03799998760223389,-2.992402552858897,3.797412672313891,5,0.10266590118408225,0.7315849333916733,Normal Volume
2012-06-01,1.876667022705078,1.944000005722046,1.8506669998168943,1.9019999504089355,13287000,2012,-0.025332927703857644,-4.576271977516255,3.8607243632301214,6,0.09333300590515159,2.2082048584743768,Normal Volume
2012-06-04,1.858667016029358,1.8940000534057615,1.807332992553711,1.8686670064926147,15463500,2012,-0.009999990463256836,-0.9591475982656861,3.8606411535650054,6,0.08666706085205056,1.3556747577352204,Normal Volume
2012-06-05,1.8606669902801516,1.8926670551300049,1.8373329639434812,1.8559999465942385,9463500,2012,0.004667043685913086,0.10760261163218487,3.814925545998026,6,0.05533409118652366,1.9755985770932027,Normal Volume
2012-06-06,1.9479999542236328,1.963333010673523,1.8760000467300413,1.8799999952316284,13648500,2012,0.0679999589920044,4.693637518142446,3.925739818700542,6,0.08733296394348167,4.432607215598814,Normal Volume
2012-06-07,1.928666949272156,1.9913330078125,1.923333048820496,1.987333059310913,7381500,2012,-0.0586661100387571,-0.9924540762723977,3.8670821512151057,6,0.06799995899200395,0.20127217644001022,Normal Volume
2012-06-08,2.005332946777344,2.012666940689087,1.876667022705078,1.924000024795532,13216500,2012,0.08133292198181219,3.9750770621190146,3.9295026696543203,6,0.135999917984009,4.608467502643497,Normal Volume
2012-06-11,1.941333055496216,2.066667079925537,1.9306670427322388,2.02066707611084,9540000,2012,-0.0793340206146238,-3.191484555419022,3.965222735731143,6,0.13600003719329834,2.2764761379312946,Normal Volume
2012-06-12,1.9773329496383667,1.9893330335617063,1.920667052268982,1.948667049407959,8535000,2012,0.028665900230407715,1.854390416947238,3.9856051929912826,6,0.06866598129272439,2.086861589110485,Normal Volume
2012-06-13,1.9846669435501096,2.0426669120788574,1.964666962623596,1.9700000286102293,12661500,2012,0.014666914939880371,0.3709033379069693,3.965108374226541,6,0.07799994945526145,3.688674234177157,Normal Volume
2012-06-14,1.9593329429626465,2.043333053588867,1.9079999923706052,2.01200008392334,13083000,2012,-0.05266714096069336,-1.2764862472161909,3.9655190668316993,6,0.13533306121826194,1.5573045903869442,Normal Volume
2012-06-15,1.99399995803833,1.9966670274734497,1.920667052268982,1.9593329429626465,9702000,2012,0.034667015075683594,1.7693274234068967,3.912163657325125,6,0.07599997520446777,1.9054487214588203,Normal Volume
2012-06-18,2.122667074203491,2.1553330421447754,1.9666670560836792,1.996000051498413,18852000,2012,0.12666702270507812,6.452714085899092,4.0798622405260465,6,0.1886659860610962,7.982614555883892,Normal Volume
2012-06-19,2.1393330097198486,2.177333116531372,2.0999999046325684,2.134666919708252,13666500,2012,0.00466609001159668,0.78514128376026,4.065981069987383,6,0.07733321189880371,1.9987285336745355,Normal Volume
2012-06-20,2.252000093460083,2.299999952316284,2.21399998664856,2.233333110809326,51336000,2012,0.018666982650756836,5.26645843486464,3.9473016252465034,6,0.08599996566772417,2.9850827529619597,Normal Volume
2012-06-21,2.1459999084472656,2.2853329181671143,2.122667074203491,2.2839999198913574,28378500,2012,-0.1380000114440918,-4.7069351959907575,4.055890900803603,6,0.16266584396362305,0.05836244844615592,Normal Volume
2012-06-22,2.25266695022583,2.2653329372406006,2.1640000343322754,2.173332929611206,45699000,2012,0.07933402061462402,4.970505420745486,3.763855389530042,6,0.1013329029083252,4.233129971755072,Normal Volume
2012-06-25,2.2073330879211426,2.2746670246124268,2.183332920074463,2.262666940689087,22477500,2012,-0.055333852767944336,-2.0124529416185033,3.760951735532102,6,0.09133410453796387,0.5303513171799497,Normal Volume
2012-06-26,2.107332944869995,2.1566669940948486,2.0926671028137207,2.136667013168335,39208500,2012,-0.029334068298339844,-4.530360351972396,3.6376144392943806,6,0.06399989128112793,0.9360363970264558,Normal Volume
2012-06-27,2.130666971206665,2.163332939147949,2.104666948318481,2.126667022705078,15708000,2012,0.003999948501586914,1.1072776323016953,3.613897337454295,6,0.05866599082946822,1.724102365410866,Normal Volume
2012-06-28,2.094000101089477,2.140666961669922,2.041332960128784,2.126667022705078,13711500,2012,-0.03266692161560103,-1.7209104291142419,3.6272458814397046,6,0.0993340015411377,0.6583042298288947,Normal Volume
2012-06-29,2.0859999656677246,2.186666965484619,2.066667079925537,2.186666965484619,16887000,2012,-0.10066699981689453,-0.3820503837411504,3.6016025804128455,6,0.11999988555908203,0.0,Normal Volume
2012-07-02,2.0266671180725098,2.119999885559082,2.012666940689087,2.0899999141693115,19734000,2012,-0.06333279609680176,-2.844335981387347,3.577931181766392,7,0.10733294486999512,1.4354053886023366,Normal Volume
2012-07-03,2.0439999103546143,2.066667079925537,2.0266671180725098,2.039999961853028,14205000,2012,0.00399994850158647,0.8552362707985761,3.4989290086157276,7,0.039999961853027344,1.3072116946652452,Normal Volume
2012-07-05,2.0820000171661377,2.111332893371582,2.053333044052124,2.053999900817871,18807000,2012,0.0280001163482666,1.8591051114542845,3.2727533262060535,7,0.05799984931945801,2.7912850692388944,Normal Volume
2012-07-06,2.065999984741211,2.115333080291748,2.053333044052124,2.065999984741211,11767500,2012,0.0,-0.768493385831226,3.2743140056998996,7,0.06200003623962402,2.3878555621923985,Normal Volume
2012-07-09,2.0993330478668213,2.121999979019165,2.0446670055389404,2.062666893005371,13657500,2012,0.036666154861450195,1.6134106181896035,3.2531536853590772,7,0.07733297348022461,2.8765229235508674,Normal Volume
2012-07-10,2.084666967391968,2.165333032608032,2.059333086013794,2.102667093276977,11376000,2012,-0.018000125885008877,-0.6986066593747786,3.2411788374263573,7,0.10599994659423784,2.9803072265420156,Normal Volume
2012-07-11,2.1006669998168945,2.111999988555908,2.067332983016968,2.104666948318481,9579000,2012,-0.00399994850158647,0.7675102390547917,3.032976566517128,7,0.044667005538939986,0.3484180831216986,Normal Volume
2012-07-12,2.180000066757202,2.200666904449463,2.053333044052124,2.0859999656677246,16885500,2012,0.09400010108947754,3.7765655835609646,3.0073850701898777,7,0.14733386039733887,5.496977021523278,Normal Volume
2012-07-13,2.2833330631256104,2.293333053588867,2.188667058944702,2.197999954223633,19572000,2012,0.08533310890197754,4.740045559820483,3.0478258989307574,7,0.10466599464416504,4.3372657575376286,Normal Volume
2012-07-16,2.3973329067230225,2.400000095367432,2.259999990463257,2.2880001068115234,26160000,2012,0.10933279991149902,4.992694471009851,2.993781981833579,7,0.14000010490417525,4.895104166406177,Normal Volume
2012-07-17,2.2233328819274902,2.3473329544067383,2.158667087554932,2.3333330154418945,38539500,2012,-0.1100001335144043,-7.258066842013089,3.3281525253395996,7,0.1886658668518062,0.5999974659507569,Normal Volume
2012-07-18,2.1433329582214355,2.244667053222656,2.070667028427124,2.0946669578552246,43228500,2012,0.04866600036621094,-3.5981981985846345,3.416668704353318,7,0.17400002479553178,7.161047478450683,Normal Volume
2012-07-19,2.1513330936431885,2.2100000381469727,2.135999917984009,2.181333065032959,21538500,2012,-0.029999971389770508,0.37325677240513944,3.324894326670885,7,0.07400012016296387,1.3141951393644935,Normal Volume
2012-07-20,2.119333028793335,2.150000095367432,2.0833330154418945,2.138000011444092,23527500,2012,-0.018666982650756836,-1.487452823758817,3.333183414138826,7,0.06666707992553755,0.5612761393408481,Normal Volume
2012-07-23,2.0439999103546143,2.086667060852051,2.041332960128784,2.069999933242798,20802000,2012,-0.026000022888183594,-3.554567282028931,3.3357304751894303,7,0.0453341007232666,0.8051752727905996,Normal Volume
2012-07-24,1.9893330335617063,2.069333076477051,1.974666953086853,2.0439999103546143,22504500,2012,-0.05466687679290794,-2.6745048527631154,3.3193417983746287,7,0.09466612339019775,1.239391743321626,Normal Volume
2012-07-25,1.9299999475479128,1.9986670017242432,1.9166669845581052,1.994667053222656,42633000,2012,-0.06466710567474321,-2.982561743699763,3.3502600194843333,7,0.08200001716613792,0.20053213869074918,Normal Volume
2012-07-26,1.8753329515457156,2.0,1.8426669836044312,1.9933329820632932,33934500,2012,-0.11800003051757768,-2.8324869164712885,3.3879931118614306,7,0.15733301639556885,0.3344658417183141,Normal Volume
2012-07-27,1.9673329591751096,1.9773329496383667,1.8733329772949217,1.9140000343322756,25095000,2012,0.05333292484283403,4.905795930987322,3.5021574939002242,7,0.10399997234344505,3.3089296849561247,Normal Volume
2012-07-30,1.8233330249786377,2.016666889190674,1.8140000104904173,1.9673329591751096,30978000,2012,-0.14399993419647195,-7.31955074126599,3.7356742048073532,7,0.20266687870025657,2.5076553404691393,Normal Volume
2012-07-31,1.8279999494552608,1.864667057991028,1.8233330249786377,1.8359999656677248,23626500,2012,-0.008000016212464045,0.25595568185783346,3.5184130409907795,7,0.04133403301239036,1.5613884999653278,Normal Volume
2012-08-01,1.75,1.866000056266785,1.73533296585083,1.866000056266785,23884500,2012,-0.11600005626678489,-4.266955777460746,3.578307837794636,8,0.1306670904159548,0.0,Normal Volume
2012-08-02,1.7400000095367432,1.7899999618530271,1.7013330459594729,1.7893329858779907,19576500,2012,-0.04933297634124756,-0.5714280264718208,3.4024006544158767,8,0.08866691589355424,0.037275117616474666,Normal Volume
2012-08-03,1.8179999589920044,1.8366669416427608,1.78266704082489,1.7933330535888672,18142500,2012,0.024666905403137207,4.48275569125014,3.451822950392282,8,0.05399990081787087,2.416388186632296,Normal Volume
2012-08-06,1.8846670389175413,1.9133330583572388,1.8366669416427608,1.8366669416427608,22923000,2012,0.048000097274780495,3.667056184231199,3.3882952372994284,8,0.07666611671447798,4.174198107246701,Normal Volume
2012-08-07,2.016666889190674,2.059999942779541,1.899999976158142,1.9179999828338623,35808000,2012,0.09866690635681152,7.003881722733718,3.6431878162186164,8,0.15999996662139893,7.403543337673679,Normal Volume
2012-08-08,1.9393329620361328,2.0,1.906000018119812,1.9933329820632932,19633500,2012,-0.05400002002716042,-3.834739766346662,3.61703554028881,8,0.09399998188018799,0.3344658417183141,Normal Volume
2012-08-09,1.9606670141220093,2.0,1.9420000314712524,1.968000054359436,10089000,2012,-0.007333040237426758,1.10007164852588,3.6169450683335427,8,0.05799996852874756,1.626013453082938,Normal Volume
2012-08-10,1.996000051498413,1.996000051498413,1.9539999961853027,1.9539999961853027,10611000,2012,0.04200005531311035,1.8020927124245079,3.6234973609303527,8,0.04200005531311035,2.149439887159927,Normal Volume
2012-08-13,2.078000068664551,2.086667060852051,1.940000057220459,1.9793330430984497,13051500,2012,0.09866702556610107,4.108217186897356,3.7031364386071455,8,0.1466670036315918,5.422736619683785,Normal Volume
2012-08-14,1.9613330364227293,2.078000068664551,1.9506670236587524,2.049999952316284,11901000,2012,-0.08866691589355491,-5.614390201478614,3.810857245184179,8,0.12733304500579834,1.3658593658321512,Normal Volume
2012-08-15,1.9600000381469729,1.9800000190734863,1.920667052268982,1.9593329429626465,7881000,2012,0.0006670951843263939,-0.06796389246507273,3.80711603541226,8,0.059332966804504395,1.0548016448694932,Normal Volume
2012-08-16,2.0199999809265137,2.026000022888184,1.9666670560836792,1.9686670303344729,10035000,2012,0.051332950592040794,3.061221510804968,3.8343425297133864,8,0.05933296680450484,2.912274735660626,Normal Volume
2012-08-17,2.000667095184326,2.047333002090454,1.9986670017242432,2.0193328857421875,7623000,2012,-0.018665790557861328,-0.9570735606304392,3.8357504433478167,8,0.04866600036621094,1.38660230544284,Normal Volume
2012-08-20,1.9673329591751096,2.026000022888184,1.940000057220459,2.009999990463257,17686500,2012,-0.042667031288147195,-1.666151059786658,3.833866339852875,8,0.08599996566772505,0.7960215174548124,Normal Volume
2012-08-21,1.940667033195496,2.0,1.9333330392837524,1.972000002861023,11424000,2012,-0.0313329696655269,-1.3554353296045263,3.8390093948606765,8,0.06666696071624756,1.419878149003753,Normal Volume
2012-08-22,1.9966670274734497,2.00266695022583,1.934000015258789,1.934000015258789,11632500,2012,0.06266701221466064,2.885605481005382,3.876082974703705,8,0.06866693496704102,3.550513672454789,Normal Volume
2012-08-23,2.048666954040528,2.0566670894622803,1.976667046546936,2.0,22065000,2012,0.04866695404052779,2.604336419221487,3.8414495868818577,8,0.08000004291534424,2.8333544731140137,Normal Volume
2012-08-24,1.9666670560836792,2.0160000324249268,1.9606670141220093,2.003999948501587,21441000,2012,-0.037332892417907715,-4.002597776818851,3.790117753734714,8,0.05533301830291748,0.598806598389009,Normal Volume
2012-08-27,1.888000011444092,1.9800000190734863,1.878000020980835,1.9713330268859863,20256000,2012,-0.08333301544189431,-4.000018426923813,3.7012943389797655,8,0.10199999809265137,0.43965134603313594,Normal Volume
2012-08-28,1.9126670360565183,1.958667039871216,1.8666670322418213,1.8933329582214355,21040500,2012,0.019334077835082786,1.3065161262133085,3.5052369850064795,8,0.09200000762939475,3.4507444327781736,Normal Volume
2012-08-29,1.8940000534057615,1.9093329906463623,1.868000030517578,1.8993330001831052,12583500,2012,-0.00533294677734375,-0.9759661404132203,3.456143297071904,8,0.0413329601287844,0.5265001167406141,Normal Volume
2012-08-30,1.8940000534057615,1.9160000085830688,1.8733329772949217,1.9066669940948489,9846000,2012,-0.012666940689087358,0.0,3.4541077955781665,8,0.042667031288147195,0.48949368280488076,Normal Volume
2012-08-31,1.901332974433899,1.9226670265197756,1.8799999952316284,1.9073330163955688,8097000,2012,-0.006000041961669922,0.3871658300617087,3.4500747816983104,8,0.042667031288147195,0.8039503323433577,Normal Volume
2012-09-04,1.8760000467300413,1.932667016983032,1.8600000143051147,1.901332974433899,11287500,2012,-0.025332927703857644,-1.332377234524118,3.4013796194673076,9,0.07266700267791726,1.6480039514626545,Normal Volume
2012-09-05,1.8626669645309448,1.899999976158142,1.8539999723434448,1.8673330545425413,9589500,2012,-0.004666090011596458,-0.7107186496256523,3.371466977000475,9,0.046000003814697266,1.7493891374189563,Normal Volume
2012-09-06,1.9033329486846924,1.9266669750213623,1.8600000143051147,1.8666670322418213,12625500,2012,0.036665916442871094,2.183212830211323,3.3544228110787078,9,0.06666696071624756,3.2142820194066726,Normal Volume
2012-09-07,1.9566669464111328,1.9713330268859863,1.899999976158142,1.9033329486846924,14298000,2012,0.05333399772644043,2.8021370492901543,3.347622368582088,9,0.07133305072784424,3.5726843402929442,Normal Volume
2012-09-10,1.824666976928711,1.9566669464111328,1.8200000524520876,1.946666955947876,22249500,2012,-0.12199997901916504,-6.746164426425905,3.4565134042178913,9,0.1366668939590452,0.5136980638985376,Normal Volume
2012-09-11,1.853332996368408,1.8773330450057983,1.8266669511795044,1.8506669998168943,15223500,2012,0.002665996551513672,1.5710274697878113,3.195661408231984,9,0.050666093826293945,1.4408883495270828,Normal Volume
2012-09-12,1.885332942008972,1.9053330421447756,1.853332996368408,1.8600000143051147,17178000,2012,0.0253329277038572,1.7266160858986357,3.2093240893052832,9,0.05200004577636763,2.437259542527317,Normal Volume
2012-09-13,1.9653329849243164,1.9666670560836792,1.8986669778823853,1.9046670198440552,22270500,2012,0.06066596508026123,4.24328462802428,3.1811589156975892,9,0.06800007820129395,3.2551640572166933,Normal Volume
2012-09-14,2.026000022888184,2.043333053588867,1.976667046546936,2.0,23049000,2012,0.026000022888184038,3.086857974156665,3.2111578322111707,9,0.06666600704193115,2.1666526794433594,Normal Volume
2012-09-17,2.169332981109619,2.185333013534546,2.1006669998168945,2.1566669940948486,48192000,2012,0.012665987014770508,7.074677028734944,3.3521519147396104,9,0.08466601371765137,1.3291815342001083,Normal Volume
2012-09-18,2.0893330574035645,2.126667022705078,2.045332908630371,2.125333070755005,26827500,2012,-0.03600001335144043,-3.6877659816490937,3.392221640957099,9,0.08133411407470703,0.06276437177911921,Normal Volume
2012-09-19,2.069999933242798,2.115999937057495,2.062666893005371,2.066667079925537,15727500,2012,0.003332853317260742,-0.9253251458526179,3.1609416079887973,9,0.05333304405212402,2.3870732548628726,Normal Volume
2012-09-20,2.059999942779541,2.0999999046325684,2.045332908630371,2.062000036239624,13686000,2012,-0.002000093460083008,-0.4830913423070071,3.0738053542394406,9,0.054666996002197266,1.842864584146321,Normal Volume
2012-09-21,2.001332998275757,2.0993330478668213,1.9693330526351929,2.0733330249786377,28050000,2012,-0.07200002670288086,-2.8479100064743412,3.1201977825239906,9,0.12999999523162842,1.254020583039306,Normal Volume
2012-09-24,2.0439999103546143,2.068666934967041,1.9600000381469729,1.9673329591751096,19528500,2012,0.07666695117950462,2.131924677982977,3.126918879525783,9,0.10866689682006814,5.1508299761531,Normal Volume
2012-09-25,1.843999981880188,1.9653329849243164,1.835332989692688,1.9079999923706052,85206000,2012,-0.06400001049041726,-9.78473274197591,3.5208746100644657,9,0.12999999523162842,3.0048738355851596,Normal Volume
2012-09-26,1.8359999656677248,1.8933329582214355,1.8320000171661377,1.843999981880188,22908000,2012,-0.008000016212463157,-0.43384036285651906,3.3771967201183246,9,0.06133294105529785,2.6753241228856433,Normal Volume
2012-09-27,1.8993330001831052,1.9026670455932615,1.840000033378601,1.8546669483184812,26379000,2012,0.04466605186462402,3.4495117483483773,3.4410921918349646,9,0.06266701221466042,2.5880709913065076,Normal Volume
2012-09-28,1.9520000219345093,1.9926669597625728,1.9073330163955688,1.915333032608032,65151000,2012,0.03666698932647727,2.772921954513863,3.4325057898014624,9,0.08533394336700395,4.037623005396523,Normal Volume
2012-10-01,1.944000005722046,1.9926669597625728,1.9333330392837524,1.9666670560836792,13266000,2012,-0.0226670503616333,-0.4098368915249839,3.4290050415938,10,0.05933392047882036,1.322028738848582,Normal Volume
2012-10-02,1.9866670370101929,1.9926669597625728,1.9333330392837524,1.9520000219345093,10935000,2012,0.034667015075683594,2.194806129761284,3.4382275145592383,10,0.05933392047882036,2.083347201387886,Normal Volume
2012-10-03,1.953333020210266,1.9966670274734497,1.9493329524993896,1.9833329916000368,15792000,2012,-0.029999971389770952,-1.6778864388917736,3.4434047491580437,10,0.04733407497406006,0.6723044455916475,Normal Volume
2012-10-04,1.9600000381469729,2.006666898727417,1.909999966621399,2.0,23119500,2012,-0.03999996185302712,0.3413149661489534,3.4030186225988728,10,0.09666693210601807,0.3333449363708496,Normal Volume
2012-10-05,1.9259999990463257,1.987333059310913,1.9119999408721924,1.9800000190734863,14079000,2012,-0.054000020027160645,-1.7346958387200684,3.3804382062032725,10,0.0753331184387207,0.37035556397914343,Normal Volume
2012-10-08,1.950000047683716,1.9600000381469729,1.9073330163955688,1.924000024795532,13345500,2012,0.026000022888184038,1.246108444925964,3.3092095034778644,10,0.05266702175140403,1.8711025409298878,Normal Volume
2012-10-09,1.891332983970642,1.941333055496216,1.8833329677581787,1.941333055496216,17895000,2012,-0.05000007152557395,-3.0085672963321652,3.2723658873627426,10,0.05800008773803733,0.0,Normal Volume
2012-10-10,1.8933329582214355,1.914667010307312,1.8673330545425413,1.8926670551300049,7554000,2012,0.0006659030914306641,0.10574416391737618,3.263908906127586,10,0.04733395576477073,1.162378513308881,Normal Volume
2012-10-11,1.888000011444092,1.932000041007996,1.8833329677581787,1.929332971572876,6759000,2012,-0.04133296012878396,-0.2816697799605805,3.2590714297626167,10,0.04866707324981734,0.1382379026542921,Normal Volume
2012-10-12,1.8426669836044312,1.915333032608032,1.8333330154418943,1.888000011444092,14814000,2012,-0.04533302783966087,-2.4011137481395717,3.289474067412037,10,0.0820000171661377,1.447723569823155,Normal Volume
2012-10-15,1.8220000267028809,1.870000004768372,1.7906670570373535,1.868000030517578,22030500,2012,-0.046000003814697044,-1.1215785101398978,3.294275105278722,10,0.07933294773101851,0.10706500097004701,Normal Volume
2012-10-16,1.870666980743408,1.8726669549942017,1.8226670026779173,1.8446669578552248,7189500,2012,0.02600002288818315,2.6710731793234688,3.323114106675343,10,0.0499999523162844,1.5178890162120178,Normal Volume
2012-10-17,1.9213329553604128,1.9226670265197756,1.853332996368408,1.8833329677581787,10020000,2012,0.03799998760223411,2.708444375111063,3.3547881800156882,10,0.06933403015136763,2.0885344989430155,Normal Volume
2012-10-18,1.869333028793335,1.932667016983032,1.8519999980926516,1.932667016983032,11115000,2012,-0.06333398818969704,-2.7064505619393553,3.3717817108885595,10,0.08066701889038042,0.0,Normal Volume
2012-10-19,1.8493330478668213,1.8799999952316284,1.8200000524520876,1.8553329706192017,15411000,2012,-0.005999922752380371,-1.0698992966183152,3.3345596158910507,10,0.059999942779540794,1.3295200917059296,Normal Volume
2012-10-22,1.8566670417785645,1.8666670322418213,1.8240000009536743,1.866000056266785,7053000,2012,-0.009333014488220437,0.3965750744682195,3.0923051809718425,10,0.04266703128814697,0.03574362030678527,Normal Volume
2012-10-23,1.8926670551300049,1.9040000438690183,1.824666976928711,1.8253329992294312,11235000,2012,0.06733405590057373,1.9389590347311136,3.0990428480257597,10,0.0793330669403074,4.309736616430902,Normal Volume
2012-10-24,1.8279999494552608,1.901332974433899,1.816666960716248,1.901332974433899,15246000,2012,-0.07333302497863814,-3.4167185136691813,3.1488036295275035,10,0.08466601371765092,0.0,Normal Volume
2012-10-25,1.834666967391968,1.853332996368408,1.830000042915344,1.853332996368408,8665500,2012,-0.018666028976439986,0.3647165274098585,3.0441515101621257,10,0.023332953453063965,0.0,Normal Volume
2012-10-26,1.8253329992294312,1.853332996368408,1.801332950592041,1.835332989692688,7161000,2012,-0.009999990463256836,-0.5087554487234969,2.981077735257514,10,0.052000045776366965,0.9807488219744774,Normal Volume
2012-10-31,1.8753329515457156,1.8899999856948853,1.824666976928711,1.846667051315308,11628000,2012,0.028665900230407493,2.7392236012492965,2.7032075589090976,10,0.06533300876617432,2.3465483043471673,Normal Volume
2012-11-01,1.950000047683716,1.965999960899353,1.8799999952316284,1.8833329677581787,15361500,2012,0.06666707992553733,3.981538109083904,2.74851658465588,11,0.08599996566772461,4.389398717932326,Normal Volume
2012-11-02,1.9279999732971191,1.9700000286102293,1.9033329486846924,1.9513330459594729,15454500,2012,-0.023333072662353738,-1.1282089153140995,2.750631173966646,11,0.06666707992553689,0.9566271984892161,Normal Volume
2012-11-05,2.0999999046325684,2.105333089828491,1.95533299446106,1.9866670370101929,30733500,2012,0.11333286762237549,8.921158387845196,3.2139946166461333,11,0.1500000953674312,5.97312235053153,Normal Volume
2012-11-06,2.076667070388794,2.0799999237060547,1.9966670274734497,2.040667057037353,34860000,2012,0.036000013351440874,-1.1110873953995237,3.17419036343189,11,0.08333289623260498,1.9274514445195776,Normal Volume
2012-11-07,2.102667093276977,2.136667013168335,2.053999900817871,2.066667079925537,25717500,2012,0.036000013351439986,1.2520072793043013,3.1594896937654915,11,0.08266711235046387,3.387092866709813,Normal Volume
2012-11-08,2.087332963943481,2.125333070755005,2.062666893005371,2.067332983016968,19110000,2012,0.019999980926512784,-0.729270429090989,2.552598701099811,11,0.06266617774963379,2.8055513173012927,Normal Volume
2012-11-09,2.0213329792022705,2.062000036239624,1.9900000095367432,2.039999961853028,12945000,2012,-0.01866698265075728,-3.1619289246752724,2.6323291205293513,11,0.07200002670288086,1.0784350391169877,Normal Volume
2012-11-12,2.0713329315185547,2.0946669578552246,2.010667085647583,2.0193328857421875,8338500,2012,0.05200004577636719,2.4736128500716825,2.598568101195936,11,0.0839998722076416,3.730641572023364,Normal Volume
2012-11-13,2.107332944869995,2.1333329677581787,2.0480000972747803,2.0859999656677246,14974500,2012,0.021332979202270508,1.738011924768057,2.5716300766215388,11,0.08533287048339844,2.2690797156989837,Normal Volume
2012-11-14,2.0920000076293945,2.141333103179932,2.0799999237060547,2.130666971206665,13069500,2012,-0.03866696357727051,-0.7275991806575455,2.5752504243940084,11,0.0613331794738774,0.5006006155540335,Normal Volume
2012-11-15,2.0546669960021973,2.095999956130981,2.0333330631256104,2.086667060852051,14760000,2012,-0.032000064849853516,-1.7845607787306927,2.5755070627842276,11,0.06266689300537065,0.44726326753436696,Normal Volume
2012-11-16,2.122667074203491,2.1333329677581787,2.0393331050872803,2.076667070388794,13630500,2012,0.046000003814697266,3.3095425357784425,2.614547683651809,11,0.09399986267089844,2.728694366920152,Normal Volume
2012-11-19,2.194667100906372,2.2166669368743896,2.122667074203491,2.138000011444092,20886000,2012,0.05666708946228027,3.391960405750294,2.674451548223996,11,0.09399986267089844,3.679463283873559,Normal Volume
2012-11-20,2.200000047683716,2.206666946411133,2.127332925796509,2.186666965484619,13837500,2012,0.01333308219909668,0.24299570422965378,2.6439240424285373,11,0.07933402061462402,0.9146331490895865,Normal Volume
2012-11-21,2.1646668910980225,2.231333017349243,2.1526670455932617,2.174000024795532,14448000,2012,-0.009333133697509322,-1.6060525372667223,2.666515401733689,11,0.07866597175598145,2.637212138905272,Normal Volume
2012-11-23,2.1419999599456787,2.188667058944702,2.113332986831665,2.173332929611206,6454500,2012,-0.031332969665527344,-1.0471325285917765,2.6038133646083748,11,0.07533407211303711,0.705558229232705,Normal Volume
2012-11-26,2.1513330936431885,2.1533329486846924,2.1080000400543213,2.140000104904175,7437000,2012,0.011332988739013672,0.43572053557585644,2.6030155027949142,11,0.045332908630371094,0.6230300526604226,Normal Volume
2012-11-27,2.1433329582214355,2.177333116531372,2.101332902908325,2.1419999599456787,13662000,2012,0.001332998275756836,-0.37186874712205054,2.6039521850224436,11,0.07600021362304688,1.649540487694006,Normal Volume
2012-11-28,2.2153329849243164,2.2860000133514404,2.127332925796509,2.1333329677581787,22878000,2012,0.0820000171661377,3.3592553329944375,2.598399645981513,11,0.15866708755493164,7.156268988506397,Normal Volume
2012-11-29,2.246000051498413,2.266666889190674,2.191333055496216,2.22933292388916,16551000,2012,0.01666712760925293,1.3843095725469157,2.579770265312012,11,0.07533383369445801,1.67466980375381,Normal Volume
2012-11-30,2.254667043685913,2.2853329181671143,2.200666904449463,2.242000102996826,21304500,2012,0.012666940689086914,0.38588566290183035,2.554130074760849,11,0.08466601371765137,1.9327748965027334,Normal Volume
2012-12-03,2.308000087738037,2.3333330154418945,2.233333110809326,2.2593328952789307,31285500,2012,0.048667192459106445,2.365450996477758,2.545374576394807,12,0.09999990463256836,3.2753084026525463,Normal Volume
2012-12-04,2.259999990463257,2.319999933242798,2.2366669178009038,2.2720000743865967,18949500,2012,-0.012000083923339844,-2.079726839257745,2.519369490027232,12,0.08333301544189409,2.112669774852906,Normal Volume
2012-12-05,2.24733304977417,2.2793331146240234,2.2386670112609863,2.254667043685913,9922500,2012,-0.007333993911743164,-0.5604841036521591,2.5089711137728816,12,0.04066610336303711,1.0940005978792524,Normal Volume
2012-12-06,2.259999990463257,2.319999933242798,2.233333110809326,2.254667043685913,9906000,2012,0.00533294677734375,0.5636432343821829,2.5085020594418146,12,0.08666682243347168,2.8976735052675022,Normal Volume
2012-12-07,2.2780001163482666,2.299333095550537,2.256666898727417,2.2866671085357666,9966000,2012,-0.0086669921875,0.7964657504852424,2.4974905797105724,12,0.04266619682312012,0.5539060306369206,Normal Volume
2012-12-10,2.3046669960021973,2.319999933242798,2.2786669731140137,2.295332908630371,13947000,2012,0.009334087371826172,1.1706267906903767,2.377525827715896,12,0.04133296012878418,1.074659998977909,Normal Volume
2012-12-11,2.351999998092652,2.3666670322418213,2.297333002090454,2.3066670894622803,23589000,2012,0.04533290863037154,2.053789210005652,2.38679532147721,12,0.06933403015136719,2.601153111935538,Normal Volume
2012-12-12,2.3506669998168945,2.386667013168335,2.3299999237060547,2.3473329544067383,30957000,2012,0.00333404541015625,-0.056675096804348346,2.3792820270990735,12,0.05666708946228027,1.6756914986326648,Normal Volume
2012-12-13,2.2406671047210693,2.353332996368408,2.183332920074463,2.3506669998168945,32269500,2012,-0.1099998950958252,-4.679518413471307,2.557523241797109,12,0.1700000762939453,0.11341447137009793,Normal Volume
2012-12-14,2.253999948501587,2.293333053588867,2.239332914352417,2.252000093460083,15345000,2012,0.0019998550415039062,0.5950390288867791,2.4778069574397277,12,0.054000139236450195,1.8353889171149278,Normal Volume
2012-12-17,2.293333053588867,2.299999952316284,2.25,2.251332998275757,12373500,2012,0.04200005531311035,1.7450357580277798,2.4676837260402418,12,0.04999995231628418,2.1616950525666447,Normal Volume
2012-12-18,2.305999994277954,2.338000059127808,2.2839999198913574,2.2839999198913574,23308500,2012,0.02200007438659668,0.5523375974224143,1.9043535417451667,12,0.05400013923645064,2.364279383994867,Normal Volume
2012-12-19,2.307332992553711,2.3506669998168945,2.301332950592041,2.316667079925537,19482000,2012,-0.009334087371826172,0.05780564956914258,1.8857189232768794,12,0.049334049224853516,1.4676221795515934,Normal Volume
2012-12-20,2.295332908630371,2.319333076477051,2.2699999809265137,2.3006670475006104,13818000,2012,-0.005334138870239258,-0.5200846155308692,1.8848586915606014,12,0.04933309555053711,0.811331174439985,Normal Volume
2012-12-21,2.266666889190674,2.2780001163482666,2.2386670112609863,2.262666940689087,22386000,2012,0.003999948501586914,-1.2488828671394003,1.8970847957108246,12,0.03933310508728027,0.6776594196629763,Normal Volume
2012-12-24,2.2853329181671143,2.289999961853028,2.2366669178009038,2.242666959762573,5637000,2012,0.04266595840454146,0.823501197527321,1.7829450109573897,12,0.05333304405212402,2.1105675938377426,Normal Volume
2012-12-26,2.239332914352417,2.299999952316284,2.233333110809326,2.263999938964844,9021000,2012,-0.024667024612427202,-2.012836005162444,1.793348759807379,12,0.06666684150695801,1.590106639662723,Normal Volume
2012-12-27,2.246000051498413,2.260667085647583,2.200000047683716,2.233333110809326,8416500,2012,0.012666940689086914,0.2977287165863096,1.772007931342441,12,0.06066703796386719,1.2239094430633959,Normal Volume
2012-12-28,2.2146670818328857,2.243333101272583,2.2013330459594727,2.225332975387573,6211500,2012,-0.010665893554687056,-1.3950564980897306,1.788531001866876,12,0.04200005531311035,0.8088733723938655,Normal Volume
2012-12-31,2.257999897003174,2.26466703414917,2.200000047683716,2.200000047683716,8923500,2012,0.05799984931945801,1.9566288552239408,1.775360184816046,12,0.0646669864654541,2.9394084119924977,Normal Volume
2013-01-02,2.357332944869995,2.363332986831665,2.313999891281128,2.3333330154418945,17922000,2013,0.023999929428100586,4.399160867928131,1.8480683997396263,1,0.04933309555053711,1.2857132347261204,Normal Volume
2013-01-03,2.318000078201294,2.363332986831665,2.316667079925537,2.3453330993652344,11130000,2013,-0.02733302116394043,-1.6685325148616315,1.7925230882706988,1,0.04666590690612793,0.7674768019648187,Normal Volume
2013-01-04,2.293333053588867,2.319999933242798,2.2613329887390137,2.319999933242798,10110000,2013,-0.026666879653930664,-1.0641511553169503,1.807216854395878,1,0.05866694450378418,0.0,Normal Volume
2013-01-07,2.2893331050872803,2.319999933242798,2.259999990463257,2.319999933242798,6630000,2013,-0.030666828155517578,-0.1744163803564125,1.7777903427690578,1,0.059999942779541016,0.0,Normal Volume
2013-01-08,2.245332956314087,2.299999952316284,2.2073330879211426,2.299999952316284,19260000,2013,-0.054666996002197266,-1.9219635917297362,1.805940111865285,1,0.0926668643951416,0.0,Normal Volume
2013-01-09,2.242666959762573,2.2793331146240234,2.2266669273376465,2.267333030700684,10470000,2013,-0.02466607093811124,-0.11873502074679632,1.8059952250849822,1,0.05266618728637695,0.5292598732013779,Normal Volume
2013-01-10,2.23533296585083,2.2660000324249268,2.225332975387573,2.257999897003174,13837500,2013,-0.02266693115234375,-0.32702108887888715,1.8055630422364237,1,0.04066705703735396,0.3543018506055178,Normal Volume
2013-01-11,2.194000005722046,2.2693328857421875,2.140666961669922,2.2693328857421875,23448000,2013,-0.0753328800201416,-1.8490739751181429,1.735992609020391,1,0.12866592407226562,0.0,Normal Volume
2013-01-14,2.2173330783843994,2.225332975387573,2.190000057220459,2.20533299446106,13876500,2013,0.0120000839233394,1.0634946491111963,1.728028444608539,1,0.035332918167113814,0.9068916565772591,Normal Volume
2013-01-15,2.259999990463257,2.2833330631256104,2.20533299446106,2.2073330879211426,24363000,2013,0.05266690254211426,1.9242446024367865,1.7632116366833155,1,0.07800006866455034,3.443067818824038,Normal Volume
2013-01-16,2.273333072662353,2.282000064849853,2.248667001724243,2.256666898727417,20673000,2013,0.01666617393493608,0.5899593918300416,1.7108937897525913,1,0.03333306312560991,1.1225921794980906,Normal Volume
2013-01-17,2.2920000553131104,2.3233330249786377,2.2613329887390137,2.2773330211639404,21550500,2013,0.014667034149169922,0.8211283632493016,1.672973902499746,1,0.06200003623962402,2.0199067675744127,Normal Volume
2013-01-18,2.301332950592041,2.318666934967041,2.254667043685913,2.315999984741211,53326500,2013,-0.014667034149169922,0.40719437407061854,1.669915234564306,1,0.06399989128112793,0.11515329202940743,Normal Volume
2013-01-22,2.345999956130981,2.369999885559082,2.2839999198913574,2.303999900817871,28803000,2013,0.04200005531310991,1.940918871710795,1.7019339980052692,1,0.08599996566772461,2.864582794373487,Normal Volume
2013-01-23,2.400000095367432,2.4159998893737797,2.330667018890381,2.334666967391968,23464500,2013,0.06533312797546387,2.3017962594299446,1.7436771104668456,1,0.08533287048339888,3.48370551850775,Normal Volume
2013-01-24,2.4660000801086426,2.51466703414917,2.3893330097198486,2.400000095367432,29556000,2013,0.0659999847412105,2.7499992549419483,1.797359704212777,1,0.1253340244293213,4.777788926053468,Normal Volume
2013-01-25,2.4653329849243164,2.50266695022583,2.453332901000977,2.4666669368743896,19317000,2013,-0.0013339519500732422,-0.027051709758940667,1.7648644581045114,1,0.04933404922485307,1.459459840859482,Normal Volume
2013-01-28,2.5353329181671143,2.580667018890381,2.4573330879211426,2.4573330879211426,29790000,2013,0.07799983024597168,2.8393703272885373,1.8299262445244417,1,0.12333393096923828,5.019015597660652,Normal Volume
2013-01-29,2.5299999713897705,2.562666893005371,2.475332975387573,2.539999961853028,21399000,2013,-0.00999999046325728,-0.21034502960657342,1.5777547843899489,1,0.0873339176177983,0.8923988776679708,Normal Volume
2013-01-30,2.501332998275757,2.5333330631256104,2.495332956314087,2.523333072662353,14521500,2013,-0.022000074386596236,-1.1330819540786963,1.6024064324660456,1,0.03800010681152344,0.39630085190086906,Normal Volume
2013-01-31,2.500667095184326,2.5246670246124268,2.461999893188477,2.5246670246124268,13521000,2013,-0.023999929428100586,-0.026621928863113098,1.5821188549894232,1,0.06266713142394975,0.0,Normal Volume
2013-02-01,2.553333044052124,2.566667079925537,2.507999897003174,2.5446670055389404,16509000,2013,0.008666038513183594,2.106075973456023,1.615707685771727,2,0.05866718292236328,0.8645561222238285,Normal Volume
2013-02-04,2.5160000324249268,2.561332941055298,2.50600004196167,2.559999942779541,16920000,2013,-0.04399991035461426,-1.4621285583626853,1.6487662817898248,2,0.05533289909362793,0.0520702463106121,Normal Volume
2013-02-05,2.5420000553131104,2.576667070388794,2.51200008392334,2.5333330631256104,19653000,2013,0.0086669921875,1.0333872238914354,1.646448767179256,2,0.0646669864654541,1.7105531007327701,Normal Volume
2013-02-06,2.611332893371582,2.625999927520752,2.5266671180725098,2.545332908630371,28398000,2013,0.06599998474121094,2.7274916030610274,1.6728212522354218,2,0.09933280944824219,3.169212900083365,Normal Volume
2013-02-07,2.631999969482422,2.6453330516815186,2.596667051315308,2.6126670837402344,17949000,2013,0.0193328857421875,0.79143781948674,1.672608657394029,2,0.04866600036621049,1.2502920155644295,Normal Volume
2013-02-08,2.615999937057495,2.666666984558105,2.609333038330078,2.630000114440918,17097000,2013,-0.014000177383422852,-0.6079039745609527,1.6190630400534773,2,0.0573339462280269,1.3941775103299434,Normal Volume
2013-02-11,2.561332941055298,2.609999895095825,2.5,2.532000064849853,48994500,2013,0.02933287620544478,-2.089717022840887,1.6881813858601769,2,0.1099998950958252,3.0805619371339743,Normal Volume
2013-02-12,2.526000022888184,2.5913329124450684,2.486000061035156,2.563333034515381,33919500,2013,-0.03733301162719682,-1.379473851320412,1.6875956054028,2,0.10533285140991255,1.0923230634750942,Normal Volume
2013-02-13,2.563333034515381,2.5999999046325684,2.5366671085357666,2.553333044052124,14502000,2013,0.009999990463256836,1.4779497739081826,1.6751061673951835,2,0.06333279609680176,1.8276840418116516,Normal Volume
2013-02-14,2.551332950592041,2.5833330154418945,2.547333002090454,2.575999975204468,14860500,2013,-0.024667024612427202,-0.46814377069847035,1.5052255878580472,2,0.03600001335144043,0.2846677138203101,Normal Volume
2013-02-15,2.4693329334259038,2.567332983016968,2.4633328914642334,2.566667079925537,30264000,2013,-0.09733414649963334,-3.214006903611266,1.597641030855543,2,0.10400009155273482,0.02594427211223775,Normal Volume
2013-02-19,2.618666887283325,2.619333028793335,2.487333059310913,2.4906671047210693,40521000,2013,0.12799978256225586,6.0475423073161005,1.8991729568388176,2,0.13199996948242188,5.1659221671326065,Normal Volume
2013-02-20,2.569333076477051,2.6433329582214355,2.563999891281128,2.619999885559082,46830000,2013,-0.05066680908203125,-1.883928461685891,1.9439950357530262,2,0.07933306694030762,0.8905753313563396,Normal Volume
2013-02-21,2.344000101089477,2.492666959762573,2.3026669025421143,2.432667016983032,135567000,2013,-0.08866691589355469,-8.77009592296767,2.5378325521005007,2,0.19000005722045854,2.4664264513255216,High Volume
2013-02-22,2.4073328971862797,2.4260001182556152,2.373332977294922,2.381333112716675,38209500,2013,0.025999784469604936,2.7019109797548957,2.578492934615514,2,0.05266714096069336,1.875714292150558,Normal Volume
2013-02-25,2.2920000553131104,2.450000047683716,2.2893331050872803,2.4100000858306885,43341000,2013,-0.11800003051757812,-4.790897096449431,2.7379506512675436,2,0.16066694259643555,1.6597493953714941,Normal Volume
2013-02-26,2.295332908630371,2.330667018890381,2.25333309173584,2.297333002090454,41443500,2013,-0.002000093460083008,0.1454124448878158,2.7125767972686985,2,0.07733392715454102,1.4509875916810724,Normal Volume
2013-02-27,2.3399999141693115,2.360666990280152,2.293333053588867,2.2939999103546143,29388000,2013,0.046000003814697266,1.945992468935298,2.7271571990535057,2,0.06733393669128462,2.9061500667291624,Normal Volume
2013-02-28,2.322000026702881,2.4066669940948486,2.291332960128784,2.392667055130005,29473500,2013,-0.07066702842712402,-0.7692259883189112,2.7132907933654917,2,0.11533403396606445,0.5851185577544998,Normal Volume
2013-03-01,2.309999942779541,2.3386669158935547,2.2833330631256104,2.3333330154418945,23199000,2013,-0.023333072662353516,-0.516799473959495,2.714295908016345,3,0.055333852767944336,0.2285957647862795,Normal Volume
2013-03-04,2.371999979019165,2.388667106628418,2.313333034515381,2.318000078201294,26365500,2013,0.053999900817871094,2.683984319281918,2.7526455281303304,3,0.07533407211303711,3.04862062308297,Normal Volume
2013-03-05,2.44333291053772,2.461333036422729,2.385999917984009,2.400000095367432,31305000,2013,0.043332815170288086,3.007290562795517,2.8014677645689043,3,0.07533311843872026,2.555539109089372,Normal Volume
2013-03-06,2.512666940689087,2.5253329277038574,2.4646670818328857,2.4673330783843994,17250000,2013,0.0453338623046875,2.837682489043547,2.8249465770128954,3,0.06066584587097168,2.350710158574784,Normal Volume
2013-03-07,2.548666954040528,2.576667070388794,2.458667039871216,2.5153329372406006,17374500,2013,0.0333340167999272,1.4327411551635194,2.807778291311865,3,0.11800003051757812,2.438410130130878,Normal Volume
2013-03-08,2.564666986465454,2.629333019256592,2.4906671047210693,2.5373330116271973,13681500,2013,0.027333974838256836,0.6277804324162695,2.768804713039819,3,0.13866591453552246,3.6258546752755456,Normal Volume
2013-03-11,2.6066670417785645,2.629333019256592,2.576667070388794,2.5913329124450684,23692500,2013,0.015334129333496094,1.6376416717943432,2.7814018373343115,3,0.05266594886779785,1.466430910093609,Normal Volume
2013-03-12,2.6080000400543213,2.625333070755005,2.5899999141693115,2.593333005905152,19126500,2013,0.014667034149169478,0.05113803391043614,2.7372306222711957,3,0.03533315658569336,1.2339358183845766,Normal Volume
2013-03-13,2.5986669063568115,2.632667064666748,2.587332963943481,2.5999999046325684,12330000,2013,-0.001332998275756836,-0.3578655503899242,2.737997575469435,3,0.045334100723267046,1.2564292781693853,Normal Volume
2013-03-14,2.456666946411133,2.594000101089477,2.4513330459594727,2.593333005905152,30315000,2013,-0.136666059494019,-5.464338642183075,2.9151516881692574,3,0.14266705513000444,0.025723467938991017,Normal Volume
2013-03-15,2.352667093276977,2.44333291053772,2.3473329544067383,2.442667007446289,49194000,2013,-0.08999991416931197,-4.233372101419198,3.015036869830396,3,0.09599995613098189,0.027261312712750122,Normal Volume
2013-03-18,2.343333005905152,2.4040000438690186,2.328000068664551,2.353332996368408,19741500,2013,-0.009999990463256392,-0.3967449282772928,2.984691126490264,3,0.07599997520446777,2.152990995273435,Normal Volume
2013-03-19,2.3386669158935547,2.373332977294922,2.329333066940308,2.3499999046325684,16477500,2013,-0.011332988739013672,-0.19912193443435422,2.975779267804956,3,0.043999910354613814,0.9928967493299422,Normal Volume
2013-03-20,2.396667003631592,2.4046669006347656,2.344000101089477,2.3506669998168945,21345000,2013,0.046000003814697266,2.480049097366921,3.007998052060176,3,0.06066679954528853,2.297216101731016,Normal Volume
2013-03-21,2.4006669521331787,2.470666885375977,2.382667064666748,2.396667003631592,17194500,2013,0.003999948501586914,0.16689629788060323,2.959424710910552,3,0.08799982070922896,3.087616328520215,Normal Volume
2013-03-22,2.441333055496216,2.453332901000977,2.413332939147949,2.413332939147949,6603000,2013,0.0280001163482666,1.6939502302433906,2.974785694757348,3,0.03999996185302779,1.6574572535835095,Normal Volume
2013-03-25,2.502000093460083,2.568000078201294,2.4513330459594727,2.4733328819274902,35682000,2013,0.028667211532592773,2.4849963763561966,3.013744927721227,3,0.11666703224182129,3.827515372699397,Normal Volume
2013-03-26,2.5239999294281006,2.5480000972747803,2.510667085647583,2.532000064849853,27123000,2013,-0.008000135421752486,0.879289973870212,2.9949683293334863,3,0.037333011627197266,0.6319127968061881,Normal Volume
2013-03-27,2.5439999103546143,2.558666944503784,2.487333059310913,2.5293331146240234,19444500,2013,0.01466679573059082,0.7923922934120364,2.9868300229433795,3,0.0713338851928711,1.1597456147693348,Normal Volume
2013-03-28,2.526000022888184,2.549333095550537,2.516666889190674,2.548666954040528,17380500,2013,-0.02266693115234375,-0.7075427712543103,2.9778857764124456,3,0.03266620635986328,0.026136859857395427,Normal Volume
2013-04-01,2.9286670684814453,3.111999988555908,2.7799999713897705,2.8239998817443848,211477500,2013,0.10466718673706055,15.940896355688029,4.161623086386726,4,0.3320000171661377,10.198304492620084,High Volume
2013-04-02,2.9560000896453857,3.0333330631256104,2.9006669521331787,2.9066669940948486,99786000,2013,0.04933309555053711,0.9332921948725703,4.101000871938864,4,0.13266611099243164,4.3577771133774545,High Volume
2013-04-03,2.740000009536743,2.8980000019073486,2.680666923522949,2.873332977294922,84654000,2013,-0.1333329677581787,-7.307174342290191,4.221326700887414,4,0.21733307838439941,0.8584812413787609,Normal Volume
2013-04-04,2.8006670475006104,2.816667079925537,2.720666885375977,2.7406671047210693,33972000,2013,0.059999942779541016,2.21412546542743,4.2167019410706414,4,0.0960001945495601,2.773046572257912,Normal Volume
2013-04-05,2.757999897003174,2.799999952316284,2.700000047683716,2.799999952316284,23286000,2013,-0.04200005531311035,-1.5234638667782296,3.8681220809575643,4,0.09999990463256836,0.0,Normal Volume
2013-04-08,2.7886669635772705,2.836667060852051,2.767333030700684,2.7980000972747803,25185000,2013,-0.009333133697509766,1.1119313893890759,3.849361332097203,4,0.06933403015136674,1.3819500440665347,Normal Volume
2013-04-09,2.700000047683716,2.7886669635772705,2.688667058944702,2.7866671085357666,25441500,2013,-0.08666706085205078,-3.1795448166321627,3.7827892639030942,4,0.09999990463256836,0.071765121688852,Normal Volume
2013-04-10,2.790667057037353,2.8006670475006104,2.7073330879211426,2.7133328914642334,31816500,2013,0.07733416557311967,3.358037324162977,3.814415171705581,4,0.09333395957946777,3.2187040635934507,Normal Volume
2013-04-11,2.9059998989105225,2.970000028610229,2.7833330631256104,2.803999900817871,51711000,2013,0.10199999809265137,4.132805509074577,3.85926684443088,4,0.1866669654846187,5.9201188895883705,Normal Volume
2013-04-12,2.916666984558105,3.0093328952789307,2.869999885559082,2.8833329677581787,47241000,2013,0.033334016799926314,0.3670710949295497,3.8489607070472474,4,0.13933300971984863,4.369940236861308,Normal Volume
2013-04-15,2.886667013168335,2.9200000762939453,2.8340001106262207,2.900000095367432,25221000,2013,-0.013333082199097124,-1.028570335543988,3.856270219833246,4,0.08599996566772461,0.6896544920278431,Normal Volume
2013-04-16,3.0393331050872803,3.075999975204468,2.927333116531372,2.946000099182129,47706000,2013,0.09333300590515137,5.288663057516385,3.9284575417824894,4,0.14866685867309615,4.412758711665692,Normal Volume
2013-04-17,3.0299999713897705,3.063333034515381,2.9693329334259038,3.0333330631256104,31777500,2013,-0.0033330917358398438,-0.3070783416890932,3.9137680134187978,4,0.0940001010894771,0.9890101339171078,Normal Volume
2013-04-18,3.131333112716675,3.173332929611206,3.026000022888184,3.0653328895568848,50518500,2013,0.06600022315979004,3.344328128175711,3.923984414672104,4,0.14733290672302202,3.5232728041466794,Normal Volume
2013-04-19,3.188667058944702,3.3253331184387207,3.138000011444092,3.1640000343322754,45175500,2013,0.024667024612426758,1.8309756312794745,3.9268440802811706,4,0.1873331069946289,5.099022830462539,Normal Volume
2013-04-22,3.345999956130981,3.346667051315308,3.183332920074463,3.240000009536743,59091000,2013,0.10599994659423784,4.934127466990823,3.99760680064253,4,0.16333413124084517,3.292192637796202,Normal Volume
2013-04-23,3.4006669521331787,3.5280001163482666,3.377332925796509,3.400000095367432,56007000,2013,0.0006668567657466262,1.6338014560349778,3.9975845672416,4,0.1506671905517578,3.764706393839138,Normal Volume
2013-04-24,3.361999988555908,3.4033329486846924,3.2653329372406006,3.3933329582214355,39450000,2013,-0.031332969665527344,-1.1370405900235414,4.012802311846631,4,0.1380000114440918,0.2946952328691665,Normal Volume
2013-04-25,3.4666669368743896,3.493333101272583,3.3666670322418213,3.3666670322418213,41938500,2013,0.09999990463256836,3.1132346423189405,4.024566273311864,4,0.12666606903076172,3.762358077520258,Normal Volume
2013-04-26,3.413332939147949,3.582667112350464,3.374666929244995,3.5420000553131104,54331500,2013,-0.12866711616516113,-1.538480583731161,3.866482215228588,4,0.20800018310546875,1.148138238347898,Normal Volume
2013-04-29,3.662667036056519,3.6659998893737793,3.413332939147949,3.450666904449463,54595500,2013,0.2120001316070561,7.3047107139454726,3.8841350885885015,4,0.2526669502258301,6.240329504034575,Normal Volume
2013-04-30,3.5993330478668213,3.878667116165161,3.5840001106262207,3.733333110809326,82839000,2013,-0.13400006294250488,-1.7291767874670794,3.914732223044379,4,0.29466700553894043,3.8928753754933187,Normal Volume
2013-05-01,3.552000045776367,3.732666969299317,3.5333330631256104,3.732666969299317,41142000,2013,-0.18066692352294966,-1.3150492455402674,3.9367876712601655,5,0.1993339061737065,0.0,Normal Volume
2013-05-02,3.607332944869995,3.6846671104431152,3.5799999237060547,3.5899999141693115,45756000,2013,0.017333030700683594,1.5577955625148077,3.9322623072412215,5,0.10466718673706055,2.6369693185830814,Normal Volume
2013-05-03,3.636667013168335,3.76466703414917,3.6333329677581783,3.76466703414917,50680500,2013,-0.12800002098083496,0.8131788428361153,3.9267928466644824,5,0.13133406639099166,0.0,Normal Volume
2013-05-06,3.9666669368743896,3.977333068847656,3.700000047683716,3.75933289527893,65500500,2013,0.20733404159545943,9.074240850513071,4.165542873920553,5,0.27733302116394,5.798905806998257,Normal Volume
2013-05-07,3.700666904449463,4.1579999923706055,3.6746668815612793,4.133333206176758,149865000,2013,-0.4326663017272949,-6.7058827135742956,4.435880069146616,5,0.48333311080932617,0.5967771036940883,High Volume
2013-05-08,3.7193329334259033,3.880000114440918,3.71399998664856,3.8333330154418954,101548500,2013,-0.1140000820159921,0.5043963549920649,4.437939317034645,5,0.16600012779235795,1.2174026835402116,High Volume
2013-05-09,4.626667022705078,5.051332950592041,4.245999813079834,4.674666881561279,429075000,2013,-0.04799985885620117,24.395075824616306,6.1064097467420435,5,0.805333137512207,8.057602361282266,High Volume
2013-05-10,5.117332935333252,5.400000095367432,4.616666793823242,4.643332958221436,376239000,2013,0.4739999771118155,10.60517020611731,6.269132044628966,5,0.7833333015441895,16.295775985787287,High Volume
2013-05-13,5.853332996368408,5.866666793823242,5.27666711807251,5.3993330001831055,336253500,2013,0.45399999618530273,14.382493191978064,6.159905626515819,5,0.5899996757507324,8.655398613574828,High Volume
2013-05-14,5.549333095550537,6.474667072296143,5.409999847412109,6.281332969665527,557458500,2013,-0.7319998741149902,-5.193620472412597,6.313441827071582,5,1.0646672248840332,3.077915206283198,High Volume
2013-05-15,5.656000137329102,5.791999816894531,5.207333087921143,5.453332901000977,253180500,2013,0.202667236328125,1.9221596530957896,6.048458992886451,5,0.5846667289733887,6.210274011171981,High Volume
2013-05-16,6.150000095367432,6.333333015441895,5.910666942596436,6.313333034515381,324210000,2013,-0.16333293914794922,8.734086740521342,6.15011298185082,5,0.422666072845459,0.31678957560409743,High Volume
2013-05-17,6.099999904632568,6.296000003814697,5.833333015441895,6.1666669845581055,285033000,2013,-0.06666707992553711,-0.8130112188539096,6.134138351248146,5,0.46266698837280185,2.097292096045618,High Volume
2013-05-20,5.995999813079834,6.1666669845581055,5.908667087554932,6.074666976928711,125226000,2013,-0.07866716384887695,-1.7049195603061063,6.183003709949221,5,0.25799989700317383,1.5144864398131794,High Volume
2013-05-21,5.8393330574035645,5.999332904815674,5.685332775115967,5.900000095367432,134973000,2013,-0.06066703796386719,-2.6128545790564006,6.165088233756603,5,0.31400012969970703,1.683606912586941,High Volume
2013-05-22,5.815999984741211,6.064000129699707,5.699999809265137,5.757999897003174,128520000,2013,0.05800008773803711,-0.3995845490054717,6.190923888138542,5,0.3640003204345703,5.314349395104974,High Volume
2013-05-23,6.182000160217285,6.200666904449463,5.536666870117188,5.65399980545044,180333000,2013,0.5280003547668448,6.292987902962643,6.221271860886472,5,0.6640000343322745,9.668679126448447,High Volume
2013-05-24,6.4720001220703125,6.53000020980835,6.133333206176758,6.173333168029785,241863000,2013,0.29866695404052734,4.691037760226036,6.214954608204532,5,0.3966670036315918,5.777544028008365,High Volume
2013-05-28,7.355332851409912,7.383333206176758,6.686666965484619,6.769999980926514,295378500,2013,0.5853328704833984,13.648527698992563,6.470358669745304,5,0.6966662406921387,9.059574992292777,High Volume
2013-05-29,6.975333213806152,7.659999847412109,6.599999904632568,7.570000171661377,376492500,2013,-0.5946669578552246,-5.16631463565812,6.641837118084442,5,1.059999942779541,1.1888992564049086,High Volume
2013-05-30,6.99666690826416,7.302667140960693,6.74666690826416,6.830667018890381,242005500,2013,0.1659998893737793,0.3058448077545961,6.632232373610866,5,0.5560002326965332,6.9100150946457255,High Volume
2013-05-31,6.517333030700684,7.0960001945495605,6.51533317565918,7.084000110626221,227580000,2013,-0.5666670799255371,-6.8508889139385465,6.872208548264905,5,0.5806670188903809,0.1693970036129636,High Volume
2013-06-03,6.172667026519775,6.507999897003174,5.883333206176758,6.507999897003174,287094000,2013,-0.33533287048339844,-5.28845161904904,7.023998557575984,6,0.624666690826416,0.0,High Volume
2013-06-04,6.322667121887207,6.427999973297119,6.159999847412109,6.183332920074463,132841500,2013,0.13933420181274414,2.4300694452330296,7.008304273722718,6,0.26800012588500977,3.956879831398595,High Volume
2013-06-05,6.357999801635742,6.531332969665527,5.940667152404785,6.24399995803833,183372000,2013,0.11399984359741211,0.5588255568006018,7.014917317385137,6,0.5906658172607422,4.601745892987935,High Volume
2013-06-06,6.489999771118164,6.618000030517578,6.340666770935059,6.349999904632568,142663500,2013,0.1399998664855957,2.0761241522603058,6.984631927333024,6,0.27733325958251953,4.220474486771148,High Volume
2013-06-07,6.802667140960693,6.860000133514404,6.446667194366455,6.533332824707031,160674000,2013,0.2693343162536621,4.817679212162118,6.99724820477512,6,0.4133329391479492,5.0000102179399,High Volume
2013-06-10,6.670000076293945,6.834667205810547,6.571332931518555,6.595333099365234,138429000,2013,0.07466697692871094,-1.9502213163999138,7.005827350399228,6,0.2633342742919922,3.6288403154094997,High Volume
2013-06-11,6.297999858856201,6.578667163848877,6.269999980926514,6.545332908630371,110910000,2013,-0.24733304977416992,-5.577214590444779,7.094103728143093,6,0.3086671829223633,0.5092828078240735,High Volume
2013-06-12,6.51533317565918,6.698667049407959,6.383333206176758,6.453332901000977,137890500,2013,0.062000274658203125,3.450830766491153,7.061912880942877,6,0.31533384323120117,3.801665777522939,High Volume
2013-06-13,6.545332908630371,6.618667125701904,6.341332912445068,6.599999904632568,89424000,2013,-0.054666996002197266,0.4604481791240955,7.038643079922428,6,0.27733421325683594,0.2828366869556064,Normal Volume
2013-06-14,6.686666965484619,6.834667205810547,6.622000217437744,6.6666669845581055,98470500,2013,0.019999980926513672,2.1593104403886176,7.037365777830246,6,0.21266698837280273,2.5200031986235047,High Volume
2013-06-17,6.813333034515381,6.983333110809326,6.74666690826416,6.906667232513428,105993000,2013,-0.09333419799804688,1.894308026474012,7.032245172826733,6,0.23666620254516602,1.1100271044620562,High Volume
2013-06-18,6.892666816711426,6.932000160217285,6.613333225250244,6.783332824707031,131929500,2013,0.10933399200439453,1.1643902007160145,6.918333793005993,6,0.318666934967041,2.191656216082465,High Volume
2013-06-19,6.97866678237915,7.111332893371582,6.800666809082031,6.803999900817871,128683500,2013,0.1746668815612793,1.2477023473587368,6.71980854841081,6,0.3106660842895508,4.516945870571928,High Volume
2013-06-20,6.710000038146973,7.142000198364258,6.630000114440918,6.976666927337647,151597500,2013,-0.2666668891906747,-3.849829095014967,6.807265429584109,6,0.5120000839233398,2.369803127318032,High Volume
2013-06-21,6.636666774749756,6.913332939147949,6.5,6.913332939147949,175779000,2013,-0.27666616439819336,-1.0928951263831643,5.382300620473799,6,0.4133329391479492,0.0,High Volume
2013-06-24,6.765999794006348,6.857999801635742,6.353332996368408,6.433332920074463,106797000,2013,0.33266687393188477,1.9487646983973983,5.092987516243832,6,0.504666805267334,6.601040033792685,High Volume
2013-06-25,6.826666831970215,6.946667194366455,6.703332901000977,6.873332977294922,87730500,2013,-0.04666614532470703,0.8966455780505589,4.427928752271974,6,0.24333429336547852,1.0669382279860784,Normal Volume
2013-06-26,7.047999858856201,7.058000087738037,6.843999862670898,6.920000076293945,99039000,2013,0.12799978256225586,3.242182932517723,4.313253814700466,6,0.21400022506713867,1.9942197965696942,High Volume
2013-06-27,7.283332824707031,7.349999904632568,7.075333118438721,7.116666793823242,131173500,2013,0.16666603088378906,3.3390035551025266,4.3326825937241695,6,0.27466678619384766,3.278685339207431,High Volume
2013-06-28,7.157332897186279,7.296000003814697,7.113999843597412,7.23799991607666,86229000,2013,-0.08066701889038086,-1.7299762423780285,4.098024232504581,6,0.18200016021728516,0.8013275547186786,Normal Volume
2013-07-01,7.811999797821045,7.851333141326904,7.27666711807251,7.2906670570373535,163554000,2013,0.5213327407836914,9.146799653431392,4.374842189128471,7,0.5746660232543945,7.690189113057426,High Volume
2013-07-02,7.854667186737059,8.12600040435791,7.699999809265137,7.883333206176758,180961500,2013,-0.028666019439699042,0.546177547622495,4.347517964155703,7,0.42600059509277344,3.078230893386791,High Volume
2013-07-03,7.682666778564453,7.949999809265137,7.618000030517578,7.866666793823242,72100500,2013,-0.18400001525878906,-2.1897860734702457,4.336088213092701,7,0.3319997787475586,1.0593179757826534,Normal Volume
2013-07-05,8.005999565124512,8.018667221069336,7.7133331298828125,7.888000011444092,102280500,2013,0.11799955368041992,4.208600943909158,4.366045523375677,7,0.30533409118652344,1.6565315597828238,High Volume
2013-07-08,8.107333183288574,8.145333290100098,7.921332836151123,8.091333389282227,117213000,2013,0.015999794006347656,1.2657210051008283,4.2574061254689095,7,0.2240004539489746,0.6673795061936184,High Volume
2013-07-09,8.229999542236328,8.354666709899902,8.12733268737793,8.309332847595215,129049500,2013,-0.07933330535888672,1.513029700081936,4.2013989171515895,7,0.22733402252197266,0.5455776430692324,High Volume
2013-07-10,8.15133285522461,8.216667175292969,8.052666664123535,8.212667465209961,84001500,2013,-0.06133460998535156,-0.955852872263252,3.4508657343100047,7,0.1640005111694336,0.048701717194214414,Normal Volume
2013-07-11,8.37399959564209,8.406000137329102,8.15666675567627,8.325332641601562,112254000,2013,0.048666954040527344,2.7316605072109423,3.309902583086892,7,0.24933338165283203,0.9689402117633691,High Volume
2013-07-12,8.65999984741211,8.662667274475098,8.300666809082031,8.366666793823242,170160000,2013,0.2933330535888672,3.4153363455959207,3.346782723717786,7,0.3620004653930664,3.537854296652284,High Volume
2013-07-15,8.484000205993652,8.883999824523926,8.454667091369629,8.868666648864746,148836000,2013,-0.38466644287109375,-2.0323284586552415,3.0729733978439913,7,0.4293327331542969,0.17289155479919235,High Volume
2013-07-16,7.269999980926514,8.421333312988281,7.153333187103272,8.41866683959961,485578500,2013,-1.1486668586730957,-14.309290377073413,4.002905290716264,7,1.2680001258850089,0.03167334495444521,High Volume
2013-07-17,8.016667366027832,8.107999801635742,6.966667175292969,7.101333141326904,390435000,2013,0.9153342247009277,10.27052802008619,4.364287973923418,7,1.1413326263427734,14.175741938516342,High Volume
2013-07-18,7.935332775115967,8.182000160217285,7.745333194732666,8.064666748046875,170971500,2013,-0.1293339729309082,-1.014568613093969,4.377824080216436,7,0.43666696548461914,1.4549071379648304,High Volume
2013-07-19,7.97866678237915,8.036666870117188,7.767333030700684,7.900000095367432,88354500,2013,0.07866668701171875,0.5460893511494813,4.371792136513295,7,0.2693338394165039,1.7299591531637755,Normal Volume
2013-07-22,8.161999702453613,8.445332527160645,7.992000102996826,7.992667198181152,146967000,2013,0.16933250427246094,2.2977889047748334,4.315493420480459,7,0.45333242416381836,5.663507784766802,High Volume
2013-07-23,8.182666778564453,8.370667457580566,8.121333122253418,8.266667366027832,116046000,2013,-0.0840005874633789,0.2532109392827664,4.287466746338976,7,0.24933433532714844,1.2580655171892667,High Volume
2013-07-24,8.113332748413086,8.300000190734863,7.970666885375977,8.29800033569336,103035000,2013,-0.18466758728027344,-0.8473280414277196,4.129896739149707,7,0.3293333053588867,0.024100445415766586,High Volume
2013-07-25,8.271332740783691,8.316666603088379,8.012666702270508,8.026666641235352,79264500,2013,0.24466609954833984,1.947411714397007,4.107345172874295,7,0.3039999008178711,3.61295634682537,Normal Volume
2013-07-26,8.62600040435791,8.711999893188477,8.440667152404785,8.542667388916016,144496500,2013,0.08333301544189453,4.287914350555,4.152976059503505,7,0.2713327407836914,1.9821970886068603,High Volume
2013-07-29,8.974666595458984,9.024666786193848,8.550000190734863,8.621333122253418,145183500,2013,0.3533334732055664,4.0420377319357215,4.185043923827003,7,0.4746665954589844,4.678321301601759,High Volume
2013-07-30,8.78266716003418,9.166000366210938,8.545332908630371,8.986666679382324,196905000,2013,-0.20399951934814453,-2.1393489483158334,4.222369483907987,7,0.6206674575805664,1.995552892153549,High Volume
2013-07-31,8.95199966430664,8.998000144958496,8.763333320617676,8.838000297546387,95275500,2013,0.1139993667602539,1.9280305308962964,4.226079494403922,7,0.2346668243408203,1.8103625483756622,Normal Volume
2013-08-01,9.036666870117188,9.101332664489746,8.842000007629395,9.0,79854000,2013,0.0366668701171875,0.9457909850927759,4.225739530903819,8,0.25933265686035156,1.1259184943305123,Normal Volume
2013-08-02,9.199999809265137,9.216667175292969,8.907333374023438,8.97266674041748,94048500,2013,0.22733306884765625,1.8074467222872315,4.129111670348825,8,0.30933380126953125,2.7193747626487177,Normal Volume
2013-08-05,9.645333290100098,9.65933322906494,9.3100004196167,9.333999633789062,153010500,2013,0.31133365631103516,4.840581413778655,4.160342586805257,8,0.3493328094482404,3.4854682669813926,High Volume
2013-08-06,9.476667404174805,9.715332984924316,9.40666675567627,9.649999618530272,138817500,2013,-0.17333221435546697,-1.7486786703203916,4.196300758892022,8,0.3086662292480469,0.6770297303285826,High Volume
2013-08-07,8.9486665725708,9.463333129882812,8.824000358581543,9.459333419799805,273183000,2013,-0.5106668472290039,-5.571587659301002,4.3756565082441545,8,0.6393327713012695,0.04228321283861101,High Volume
2013-08-08,10.232000350952148,10.592000007629396,10.030667304992676,10.289999961853027,408702000,2013,-0.057999610900878906,14.341061519880348,4.996785226781771,8,0.5613327026367205,2.9348886967535486,High Volume
2013-08-09,10.199999809265137,10.396666526794434,10.083333015441896,10.15999984741211,133915500,2013,0.039999961853027344,-0.3127496148300435,4.991671730251675,8,0.3133335113525373,2.3293964855974525,High Volume
2013-08-12,9.825332641601562,10.033332824707031,9.470000267028809,9.961999893188477,223683000,2013,-0.13666725158691406,-3.6732075948006093,5.044001379155933,8,0.5633325576782227,0.7160503140270923,High Volume
2013-08-13,9.695332527160645,9.989333152770996,9.630000114440918,9.966667175292969,131233500,2013,-0.2713346481323242,-1.323111584950143,4.83184947877359,8,0.3593330383300781,0.22741782262194463,High Volume
2013-08-14,9.290666580200195,9.656000137329102,9.203332901000977,9.514666557312012,175407000,2013,-0.2239999771118164,-4.1738222575328106,4.917684683206927,8,0.452667236328125,1.4854286187094505,High Volume
2013-08-15,9.31133270263672,9.57333278656006,9.0,9.095333099365234,152688000,2013,0.21599960327148615,0.22243960923715722,4.888807528478184,8,0.5733327865600604,5.255439047396579,High Volume
2013-08-16,9.466667175292969,9.593999862670898,9.39799976348877,9.44200038909912,106621500,2013,0.024666786193849433,1.6682302911618763,4.848829759223319,8,0.1960000991821289,1.6098227844521589,High Volume
2013-08-19,9.65999984741211,9.825332641601562,9.522000312805176,9.562000274658203,120565500,2013,0.09799957275390625,2.04224642674371,4.854166677098895,8,0.3033323287963867,2.753946448226517,High Volume
2013-08-20,9.972000122070312,9.985333442687988,9.800000190734863,9.90999984741211,96273000,2013,0.062000274658203125,3.229816558866583,4.874160999497694,8,0.185333251953125,0.7601775624199577,Normal Volume
2013-08-21,9.857333183288574,10.02066707611084,9.75,10.0,93994500,2013,-0.14266681671142578,-1.1498890631574943,4.876640655142044,8,0.27066707611083984,0.20667076110839844,Normal Volume
2013-08-22,10.473333358764648,10.498666763305664,9.87600040435791,9.947999954223633,158886000,2013,0.5253334045410156,6.249156480988161,4.967353158980305,8,0.6226663589477539,5.535452468998395,High Volume
2013-08-23,10.78933334350586,10.81999969482422,10.333333015441896,10.466667175292969,193978500,2013,0.3226661682128906,3.0171863523924314,4.960840095471242,8,0.4866666793823242,3.3757882391188363,High Volume
2013-08-26,10.947999954223633,11.533332824707031,10.68333339691162,11.010000228881836,362566500,2013,-0.062000274658203125,1.4705877153501357,4.931683129191764,8,0.8499994277954119,4.753247819671884,High Volume
2013-08-27,11.133999824523926,11.25333309173584,10.729999542236328,10.81999969482422,263503500,2013,0.31400012969970525,1.698939268158628,3.9991768609973533,8,0.5233335494995117,4.004929844119179,High Volume
2013-08-28,11.096667289733888,11.43333339691162,10.883333206176758,11.27066707611084,221101500,2013,-0.17399978637695135,-0.33530209608776396,3.6512321248128186,8,0.5500001907348615,1.4432714559155502,High Volume
2013-08-29,11.070667266845703,11.18333339691162,10.833999633789062,10.947999954223633,141540000,2013,0.12266731262207031,-0.23430478908058605,3.6380253330741175,8,0.3493337631225568,2.1495564822065707,High Volume
2013-08-30,11.266667366027832,11.280667304992676,10.93066692352295,11.091333389282228,165426000,2013,0.1753339767456037,1.7704452175986596,3.637564665609247,8,0.35000038146972656,1.707043770710242,High Volume
2013-09-03,11.262666702270508,11.579999923706056,11.09333324432373,11.5600004196167,180916500,2013,-0.2973337173461914,-0.03550884771291729,3.638633688761902,9,0.486666679382326,0.1730060844584327,High Volume
2013-09-04,11.374667167663574,11.441332817077637,11.03733253479004,11.317999839782717,172135500,2013,0.0566673278808576,0.9944400234314532,3.6349149919973587,9,0.4040002822875959,1.0897064767699083,High Volume
2013-09-05,11.32866668701172,11.43333339691162,11.216667175292969,11.34000015258789,100279500,2013,-0.011333465576170099,-0.4044116629858485,3.6273500783289085,9,0.21666622161865057,0.8230444714979055,High Volume
2013-09-06,11.131333351135254,11.313332557678224,11.010000228881836,11.23799991607666,129295500,2013,-0.10666656494140625,-1.741893740264322,3.6628031702185377,9,0.3033323287963885,0.6703385136513147,High Volume
2013-09-09,10.713333129882812,10.966667175292969,10.567333221435549,10.874667167663574,215167500,2013,-0.16133403778076172,-3.7551675802594775,3.7121924974279397,9,0.3993339538574201,0.8460029738009973,High Volume
2013-09-10,11.091333389282228,11.166666984558104,10.708666801452637,10.763333320617676,134517000,2013,0.32800006866455256,3.528316116158625,3.697826032164261,9,0.458000183105467,3.7472932587512005,High Volume
2013-09-11,10.90133285522461,11.19333267211914,10.808667182922363,11.093999862670898,87487500,2013,-0.19266700744628906,-1.7130540340733025,3.6870566158003317,9,0.38466548919677734,0.8953741723260457,Normal Volume
2013-09-12,10.995332717895508,11.11733341217041,10.70066738128662,10.93333339691162,92400000,2013,0.061999320983888495,0.8622786215159772,3.680803303889282,9,0.41666603088379084,1.6829269590440372,Normal Volume
2013-09-13,11.03600025177002,11.091333389282228,10.810667037963867,10.851332664489746,81018000,2013,0.18466758728027344,0.3698617851583874,3.681251732469654,9,0.28066635131836115,2.2117165901462816,Normal Volume
2013-09-16,11.10533332824707,11.390000343322754,11.05666732788086,11.199999809265137,113623500,2013,-0.0946664810180664,0.6282446076052883,3.6756566338282455,9,0.33333301544189453,1.6964333686902415,High Volume
2013-09-17,11.08199977874756,11.227999687194824,10.890666961669922,11.005332946777344,82453500,2013,0.07666683197021662,-0.21011120341755118,3.59384648488265,9,0.33733272552490234,2.0232621901973737,Normal Volume
2013-09-18,11.08133316040039,11.16333293914795,10.946666717529297,11.137999534606934,81595500,2013,-0.05666637420654297,-0.00601532539684646,3.569854494983773,9,0.21666622161865234,0.2274502208614938,Normal Volume
2013-09-19,11.861332893371582,12.031332969665527,11.272000312805176,11.386667251586914,233919000,2013,0.47466564178466797,7.038861856067591,3.5627449921021253,9,0.7593326568603516,5.661583884334275,High Volume
2013-09-20,12.22599983215332,12.388667106628418,11.904000282287598,11.92666721343994,201025500,2013,0.2993326187133807,3.074417875798119,2.561230795071382,9,0.4846668243408203,3.8736713695495686,High Volume
2013-09-23,12.074000358581545,12.36533260345459,11.807332992553713,12.298666954040527,122601000,2013,-0.2246665954589826,-1.2432477969779643,2.5785736336472938,9,0.5579996109008771,0.5420558964901524,High Volume
2013-09-24,12.155332565307615,12.330666542053224,11.84333324432373,11.942667007446287,94101000,2013,0.21266555786132812,0.673614413703949,2.449322315121651,9,0.48733329772949396,3.24885165403187,Normal Volume
2013-09-25,12.349332809448242,12.420000076293944,12.033332824707031,12.237333297729492,123790500,2013,0.11199951171875,1.5960093489693516,2.422352215453628,9,0.3866672515869123,1.4927008533660127,High Volume
2013-09-26,12.576000213623049,12.645333290100098,12.37399959564209,12.446666717529297,99216000,2013,0.12933349609375178,1.8354627547278346,2.2348480562470754,9,0.2713336944580078,1.5961427832803476,High Volume
2013-09-27,12.726667404174805,12.751999855041504,12.428667068481444,12.501333236694336,88746000,2013,0.22533416748046875,1.1980533396345194,2.2296626685627836,9,0.32333278656006037,2.0051190829103156,Normal Volume
2013-09-30,12.891332626342772,12.966667175292969,12.533332824707031,12.600000381469728,133870500,2013,0.2913322448730433,1.2938597115687234,2.2272486940702194,9,0.4333343505859375,2.910053831129095,High Volume
2013-10-01,12.866666793823242,12.9486665725708,12.55799961090088,12.93066692352295,116338500,2013,-0.06400012969970703,-0.19133656104044494,2.2305457866093303,10,0.3906669616699201,0.13920124270703568,High Volume
2013-10-02,12.063332557678224,12.788666725158691,11.69333267211914,12.572667121887209,311631000,2013,-0.5093345642089844,-6.243530271030762,2.549374325259642,10,1.0953340530395508,1.7180094022807482,High Volume
2013-10-03,11.553999900817873,11.97933292388916,11.199999809265137,11.670000076293944,357247500,2013,-0.11600017547607067,-4.222155481705303,2.6831107765296704,10,0.7793331146240234,2.6506670571801045,High Volume
2013-10-04,12.065333366394045,12.07866668701172,11.510000228881836,11.760000228881836,216210000,2013,0.3053331375122088,4.425596935828047,2.5680988065883374,10,0.5686664581298846,2.709748740882329,High Volume
2013-10-07,12.204667091369627,12.4486665725708,12.017333030700684,12.163999557495115,172284000,2013,0.04066753387451172,1.1548269802778455,2.527457291158523,10,0.4313335418701172,2.3402419058810433,High Volume
2013-10-08,11.648667335510254,12.395333290100098,11.547332763671877,12.293333053588867,206358000,2013,-0.6446657180786133,-4.555632297848922,2.6779311193671105,10,0.8480005264282209,0.8297199471176202,High Volume
2013-10-09,11.251999855041504,11.666000366210938,10.766667366027832,11.648667335510254,229747500,2013,-0.39666748046875,-3.4052606108815,2.7434981054348797,10,0.8993330001831055,0.14879840072215733,High Volume
2013-10-10,11.528667449951172,11.716667175292969,11.312666893005373,11.53933334350586,133258500,2013,-0.0106658935546875,2.4588304165832797,2.7764393845847506,10,0.4040002822875959,1.5367770954195532,High Volume
2013-10-11,11.91333293914795,11.952667236328123,11.41333293914795,11.516667366027832,124666500,2013,0.3966655731201172,3.336599748988389,2.8346771105920254,10,0.539334297180174,3.7858162994827396,High Volume
2013-10-14,11.981332778930664,12.166666984558104,11.609999656677246,11.666666984558104,116544000,2013,0.31466579437256037,0.5707877059262234,2.8214118637201246,10,0.5566673278808576,4.285714168937842,High Volume
2013-10-15,12.262666702270508,12.586000442504885,12.211999893188477,12.35200023651123,164677500,2013,-0.08933353424072266,2.348102072872682,2.846725099948275,10,0.374000549316408,1.8944316832343786,High Volume
2013-10-16,12.237333297729492,12.486666679382324,12.13933277130127,12.326666831970217,123081000,2013,-0.08933353424072443,-0.20658968522992982,2.8454048219278665,10,0.3473339080810547,1.2979976630595298,High Volume
2013-10-17,12.186667442321776,12.31999969482422,12.065999984741213,12.236000061035156,100575000,2013,-0.04933261871338068,-0.41402693033716353,2.8454854836561982,10,0.2539997100830078,0.6864958595134067,High Volume
2013-10-18,12.226667404174805,12.397333145141602,12.16800022125244,12.276666641235352,88962000,2013,-0.049999237060546875,0.3282272372028272,2.8196749549370965,10,0.22933292388916193,0.98289305584751,Normal Volume
2013-10-21,11.506667137145996,12.22599983215332,11.399999618530272,12.218667030334473,172981500,2013,-0.7119998931884766,-5.888769549607309,2.9507011544893818,10,0.8260002136230487,0.060013107818086844,High Volume
2013-10-22,11.435999870300291,11.85200023651123,11.074000358581545,11.366666793823242,170800500,2013,0.069333076477049,-0.6141419231427636,2.889783145491637,10,0.7779998779296857,4.269795635706707,High Volume
2013-10-23,10.966667175292969,11.45400047302246,10.67666721343994,11.260666847229004,199806000,2013,-0.29399967193603516,-4.103993532093297,2.97445668768737,10,0.7773332595825195,1.7168932214794215,High Volume
2013-10-24,11.543333053588867,11.633333206176758,10.85533332824707,11.0,162385500,2013,0.5433330535888672,5.258351229944136,3.1199213953218896,10,0.7779998779296875,5.75757460160689,High Volume
2013-10-25,11.310667037963867,11.633333206176758,11.119999885559082,11.61400032043457,113932500,2013,-0.3033332824707031,-2.0155878249797476,3.145982552536262,10,0.5133333206176758,0.1664619012294302,High Volume
2013-10-28,10.857333183288574,11.366666793823242,10.813332557678224,11.345333099365234,117625500,2013,-0.48799991607666016,-4.008020509786858,3.233324738812866,10,0.5533342361450178,0.1880393838696673,High Volume
2013-10-29,10.964667320251465,11.029999732971191,10.199999809265137,10.850666999816896,211675500,2013,0.11400032043456854,0.9885865631175106,3.238355369052457,10,0.8299999237060547,1.6527346490065664,High Volume
2013-10-30,10.614666938781738,11.178667068481444,10.54466724395752,10.975333213806152,126027000,2013,-0.36066627502441406,-3.1920747912094427,3.290898965169651,10,0.633999824523924,1.852644021955637,High Volume
2013-10-31,10.662667274475098,10.829333305358888,10.220000267028809,10.378000259399414,140007000,2013,0.2846670150756836,0.45220764787243795,3.0062408101617537,10,0.6093330383300799,4.348940399675742,High Volume
2013-11-01,10.81133270263672,11.0600004196167,10.694000244140623,10.866666793823242,107709000,2013,-0.05533409118652166,1.3942611575014308,2.9562437789485396,11,0.366000175476076,1.7791437748266141,High Volume
2013-11-04,11.68000030517578,11.692667007446287,10.947999954223633,11.0,196806000,2013,0.6800003051757795,8.034787444171476,3.323806538248321,11,0.7446670532226545,6.296972794966248,High Volume
2013-11-05,11.78733253479004,12.095333099365234,11.423999786376951,12.0,337006500,2013,-0.21266746520995916,0.918940298029769,3.325967380275138,11,0.671333312988283,0.7944424947102865,High Volume
2013-11-06,10.077333450317385,10.715332984924316,9.756667137145996,10.320667266845703,466075500,2013,-0.24333381652831854,-14.507091230570046,4.228348259273077,11,0.9586658477783203,3.824032960993177,High Volume
2013-11-07,9.317999839782717,9.710000038146973,9.174667358398438,9.612667083740234,334270500,2013,-0.29466724395751775,-7.535064849032591,4.3864755294667175,11,0.5353326797485352,1.012548895731304,High Volume
2013-11-08,9.196666717529297,9.373332977294922,8.821332931518555,9.09866714477539,337168500,2013,0.09799957275390625,-1.3021369858303045,4.3689940923230255,11,0.5520000457763672,3.018748000659075,High Volume
2013-11-11,9.646666526794434,9.694666862487791,9.140000343322754,9.399999618530272,209964000,2013,0.24666690826416193,4.893075100866873,4.481594077337085,11,0.5546665191650373,3.1347580416560903,High Volume
2013-11-12,9.186667442321776,9.646666526794434,9.07866668701172,9.645999908447266,224778000,2013,-0.45933246612549006,-4.768477102374913,4.5355824389555615,11,0.5679998397827131,0.00691082680380489,High Volume
2013-11-13,9.24666690826416,9.4913330078125,9.089332580566406,9.38933277130127,189874500,2013,-0.14266586303710938,0.6531145958976969,4.4350456697859535,11,0.40200042724609375,1.0863416921700415,High Volume
2013-11-14,9.173333168029783,9.359999656677246,8.940667152404785,9.261333465576172,183055500,2013,-0.0880002975463885,-0.7930829666723982,4.387313664297702,11,0.41933250427246094,1.0653562088851525,High Volume
2013-11-15,9.029999732971191,9.196666717529297,8.956666946411133,9.123332977294922,148503000,2013,-0.09333324432373047,-1.5625011370798858,4.282465666587445,11,0.23999977111816406,0.8038042721544789,High Volume
2013-11-18,8.10533332824707,9.029999732971191,7.973999977111816,9.017999649047852,347073000,2013,-0.9126663208007812,-10.239938339620224,4.5909487856103235,11,1.055999755859375,0.13306813473436815,High Volume
2013-11-19,8.406000137329102,8.600000381469727,7.947999954223633,7.961999893188477,297243000,2013,0.444000244140625,3.7094934520978784,4.6334870581866365,11,0.6520004272460938,8.013068284854688,High Volume
2013-11-20,8.074000358581543,8.49666690826416,7.937333106994629,8.405332565307617,207744000,2013,-0.3313322067260742,-3.9495571416091724,4.644389334396338,11,0.5593338012695312,1.0866237861130998,High Volume
2013-11-21,8.140000343322754,8.31933307647705,8.016667366027832,8.192667007446289,178557000,2013,-0.052666664123535156,0.8174384668073742,4.611891374503333,11,0.30266571044921875,1.546090777467647,High Volume
2013-11-22,8.092000007629395,8.183333396911621,7.861999988555908,8.10533332824707,166450500,2013,-0.013333320617675781,-0.5896846888063578,4.53834024948308,11,0.3213334083557129,0.9623301782385766,High Volume
2013-11-25,8.055999755859375,8.38933277130127,8.020000457763672,8.300000190734863,154009500,2013,-0.24400043487548828,-0.4448869468126171,4.528626839498994,11,0.36933231353759766,1.076296126669088,High Volume
2013-11-26,8.033332824707031,8.1813325881958,7.739999771118164,7.958666801452637,208282500,2013,0.07466602325439453,-0.28136707844184095,4.482572864889669,11,0.4413328170776367,2.7977774707507863,High Volume
2013-11-27,8.462667465209961,8.463333129882812,7.967999935150146,8.087332725524902,185514000,2013,0.3753347396850586,5.344414950448506,4.640987758823729,11,0.4953331947326669,4.649251083378743,High Volume
2013-11-29,8.485333442687988,8.706000328063965,8.465332984924316,8.65133285522461,145743000,2013,-0.1659994125366211,0.2678349063248264,4.646200331557726,11,0.24066734313964844,0.6318965384199886,High Volume
2013-12-02,8.277999877929688,8.569999694824219,8.26200008392334,8.423333168029785,116268000,2013,-0.14533329010009766,-2.443434499759878,4.644558952893804,12,0.3079996109008789,1.7411934666326259,High Volume
2013-12-03,9.646666526794434,9.662667274475098,8.772666931152344,8.845333099365234,385236000,2013,0.8013334274291992,16.53378435669954,5.572694905602027,12,0.8900003433227539,9.240287120091809,High Volume
2013-12-04,9.263333320617676,9.628666877746582,9.142000198364258,9.621333122253418,197215500,2013,-0.3579998016357422,-3.9737375093460203,5.6100263855783465,12,0.4866666793823242,0.07622390161506454,High Volume
2013-12-05,9.36533260345459,9.55666732788086,9.300000190734863,9.34333324432373,139326000,2013,0.021999359130859375,1.1011077687325788,5.5766519357619835,12,0.2566671371459961,2.283275978481596,High Volume
2013-12-06,9.157333374023438,9.499333381652832,9.08666706085205,9.434000015258787,118644000,2013,-0.2766666412353498,-2.2209486650204835,5.482530047898158,12,0.41266632080078125,0.6925309125331028,High Volume
2013-12-09,9.4399995803833,9.446666717529297,8.947333335876465,9.133333206176758,135922500,2013,0.30666637420654297,3.0867742257991937,5.516904950381839,12,0.49933338165283203,3.4306589311844613,High Volume
2013-12-10,9.47933292388916,9.724666595458984,9.324000358581545,9.33666706085205,161223000,2013,0.14266586303710938,0.41666679294769526,5.47761666191563,12,0.40066623687743963,4.155653533301908,High Volume
2013-12-11,9.3100004196167,9.536666870117188,9.29933261871338,9.458666801452637,107067000,2013,-0.1486663818359375,-1.7863335493336296,5.4784243838023485,12,0.23733425140380682,0.8246412554946089,High Volume
2013-12-12,9.83133316040039,9.88266658782959,9.235333442687988,9.313332557678224,161517000,2013,0.5180006027221662,5.599706952592753,5.558421637121339,12,0.6473331451416016,6.113107489992799,High Volume
2013-12-13,9.84333324432373,10.119999885559082,9.821332931518556,9.869999885559082,158878500,2013,-0.026666641235351562,0.12205957958657532,5.557605481687334,12,0.29866695404052557,2.5329280942118153,High Volume
2013-12-16,9.862667083740234,10.028667449951172,9.739999771118164,9.898667335510254,100129500,2013,-0.03600025177001953,0.19641557322722658,5.550673428809803,12,0.2886676788330078,1.313309257040678,High Volume
2013-12-17,10.163999557495115,10.308667182922363,9.754667282104492,9.838666915893556,157425000,2013,0.32533264160155895,3.0552838415448758,5.368742894706632,12,0.5539999008178711,4.7770726567596276,High Volume
2013-12-18,9.86533260345459,10.326666831970217,9.729999542236328,10.149333000183104,173728500,2013,-0.28400039672851385,-2.9384786210491676,5.38414964489265,12,0.5966672897338885,1.747246166658574,High Volume
2013-12-19,9.381333351135254,9.800000190734863,9.273332595825195,9.793333053588867,191100000,2013,-0.4119997024536133,-4.9060611717221985,4.770203052796704,12,0.526667594909668,0.06807832542315971,High Volume
2013-12-20,9.54933261871338,9.623332977294922,9.43866729736328,9.43866729736328,111189000,2013,0.11066532135010121,1.7907824110929393,4.5707827710672,12,0.1846656799316424,1.9564804448953224,High Volume
2013-12-23,9.56999969482422,9.749333381652832,9.506667137145996,9.65666675567627,80782500,2013,-0.086667060852049,0.21642429828383491,4.562208370144069,12,0.24266624450683594,0.9596129629521727,Normal Volume
2013-12-24,10.093999862670898,10.33133316040039,9.98799991607666,10.0,149122500,2013,0.09399986267089844,5.47544602462291,4.583920592589678,12,0.34333324432373047,3.3133316040039067,High Volume
2013-12-26,10.366666793823242,10.533332824707031,10.28600025177002,10.336000442504885,106942500,2013,0.0306663513183576,2.701277341608721,4.504124926970653,12,0.24733257293701172,1.909175442665945,High Volume
2013-12-27,10.074666976928713,10.366666793823242,10.053333282470703,10.353333473205566,81903000,2013,-0.2786664962768537,-2.816718456394407,4.544391159960351,12,0.31333351135253906,0.12878287608703443,Normal Volume
2013-12-30,10.162667274475098,10.320667266845703,10.050000190734863,10.074666976928713,67012500,2013,0.08800029754638494,0.8734809572158442,4.539703244386275,12,0.27066707611083984,2.441770933772187,Normal Volume
2013-12-31,10.028667449951172,10.213333129882812,9.910667419433594,10.154666900634766,63936000,2013,-0.12599945068359375,-1.3185497557367087,4.536212530668926,12,0.30266571044921875,0.5777267715633259,Normal Volume
2014-01-02,10.006667137145996,10.165332794189451,9.770000457763672,9.986666679382324,92826000,2014,0.020000457763671875,-0.2193742380527608,4.066827104103898,1,0.3953323364257795,1.789046541184627,Normal Volume
2014-01-03,9.970666885375977,10.145999908447266,9.90666675567627,10.0,70425000,2014,-0.029333114624023438,-0.3597626590014391,4.033496765145926,1,0.2393331527709961,1.4599990844726562,Normal Volume
2014-01-06,9.800000190734863,10.026666641235352,9.682666778564451,10.0,80416500,2014,-0.19999980926513672,-1.7116878600310192,3.9657189416748304,1,0.3439998626709002,0.2666664123535156,Normal Volume
2014-01-07,9.957332611083984,10.026666641235352,9.68333339691162,9.841333389282228,75511500,2014,0.11599922180175604,1.6054328294591969,3.9689975773022157,1,0.34333324432373225,1.8832128190572395,Normal Volume
2014-01-08,10.085332870483398,10.24666690826416,9.917332649230955,9.923333168029783,92448000,2014,0.16199970245361506,1.2854874332201227,3.961998851308533,1,0.3293342590332049,3.258317893387557,Normal Volume
2014-01-09,9.835332870483398,10.228667259216309,9.789999961853027,10.166666984558104,80730000,2014,-0.33133411407470525,-2.47884728457175,4.001391346273108,1,0.43866729736328125,0.6098387480614401,Normal Volume
2014-01-10,9.714667320251465,9.92666721343994,9.483332633972168,9.897333145141602,111691500,2014,-0.18266582489013672,-1.2268578178381784,4.013423448559807,1,0.44333457946777166,0.2963835597747618,High Volume
2014-01-13,9.28933334350586,9.800000190734863,9.187999725341797,9.718667030334473,94741500,2014,-0.4293336868286133,-4.378266004631392,4.018760664576399,1,0.6120004653930664,0.836875675918609,Normal Volume
2014-01-14,10.751333236694336,10.800000190734863,9.111332893371582,9.366666793823242,414105000,2014,1.3846664428710938,15.738480245307972,4.8993363634339255,1,1.6886672973632812,15.30249157423662,High Volume
2014-01-15,10.94200038909912,11.482000350952148,10.80666732788086,11.229999542236328,306984000,2014,-0.2879991531372088,1.7734279852291701,4.860422508191348,1,0.6753330230712891,2.2439966071952053,High Volume
2014-01-16,11.39799976348877,11.513333320617676,10.826666831970217,10.833333015441896,179391000,2014,0.5646667480468732,4.167422392380238,3.938069616078943,1,0.6866664886474592,6.276926078119292,High Volume
2014-01-17,11.333999633789062,11.546667098999023,11.196666717529297,11.345999717712402,138093000,2014,-0.012000083923339844,-0.5615031674655602,3.8488124385764206,1,0.35000038146972656,1.7686178942288917,High Volume
2014-01-21,11.778667449951172,11.81933307647705,11.387332916259766,11.416000366210938,146020500,2014,0.3626670837402344,3.9233088982679964,3.892120417891132,1,0.43200016021728516,3.533047453816635,High Volume
2014-01-22,11.904000282287598,12.021332740783691,11.650667190551758,11.854000091552734,105339000,2014,0.05000019073486328,1.0640663119913851,3.8490995112733164,1,0.3706655502319336,1.4116133620599494,High Volume
2014-01-23,12.100000381469728,12.158666610717772,11.56133270263672,11.815333366394045,118011000,2014,0.2846670150756836,1.6465061704825867,3.8304182078454945,1,0.5973339080810511,2.9058278228548176,High Volume
2014-01-24,11.640000343322754,12.031999588012695,11.5686674118042,11.856666564941406,114964500,2014,-0.21666622161865234,-3.801653087973711,3.924966592022976,1,0.4633321762084961,1.4787716438760756,High Volume
2014-01-27,11.30799961090088,11.861332893371582,10.980667114257812,11.677332878112791,130746000,2014,-0.3693332672119105,-2.8522398851330344,3.953510884508316,1,0.8806657791137695,1.5757024072137922,High Volume
2014-01-28,11.892000198364258,11.932000160217283,11.399999618530272,11.43333339691162,91401000,2014,0.4586668014526385,5.164490692946266,3.935754456493209,1,0.5320005416870117,4.3615168559710185,Normal Volume
2014-01-29,11.682000160217283,11.939332962036133,11.541999816894531,11.686667442321776,89032500,2014,-0.0046672821044921875,-1.765893328658541,3.960457376232275,1,0.39733314514160156,2.1619980286198723,Normal Volume
2014-01-30,12.189332962036133,12.3186674118042,11.800666809082031,11.866666793823242,128475000,2014,0.3226661682128906,4.342859055477133,4.016232347083749,1,0.518000602722168,3.808993930934585,High Volume
2014-01-31,12.093999862670898,12.399999618530272,11.900667190551758,11.923333168029783,97632000,2014,0.17066669464111506,-0.7821026766776429,4.002449801321398,1,0.49933242797851385,3.997761731414009,High Volume
2014-02-03,11.807332992553713,12.325332641601562,11.677332878112791,12.192667007446287,101473500,2014,-0.3853340148925746,-2.3703230806377484,3.986171030693493,2,0.6479997634887713,1.0880772358849287,High Volume
2014-02-04,11.915332794189451,12.106666564941406,11.74666690826416,12.046667098999023,70294500,2014,-0.1313343048095721,0.914684134883359,3.8443378413567286,2,0.3599996566772461,0.49805863687698537,Normal Volume
2014-02-05,11.628000259399414,12.03933334350586,11.290666580200195,11.886667251586914,109020000,2014,-0.2586669921875,-2.4114520320419053,3.885888109264923,2,0.7486667633056641,1.2843473169366615,High Volume
2014-02-06,11.892000198364258,12.007332801818848,11.733332633972168,11.75333309173584,87624000,2014,0.13866710662841797,2.2703812613991126,3.894649755358708,2,0.2740001678466797,2.161086630494659,Normal Volume
2014-02-07,12.435333251953123,12.44200038909912,11.973333358764648,12.067333221435549,133927500,2014,0.3680000305175746,4.568895429917674,3.8604601807488366,2,0.4686670303344709,3.1048050202014696,High Volume
2014-02-10,13.104000091552734,13.286666870117188,12.621333122253418,12.62266731262207,194560500,2014,0.48133277893066406,5.377152554352249,3.936869478306899,2,0.6653337478637695,5.260374380865992,High Volume
2014-02-11,13.107999801635742,13.479999542236328,12.846667289733888,13.264666557312012,160648500,2014,-0.15666675567626953,0.03052281788051836,3.8791896546862543,2,0.6333322525024396,1.623357692362167,High Volume
2014-02-12,13.021332740783691,13.218000411987305,12.954667091369627,13.052000045776367,77605500,2014,-0.03066730499267578,-0.6611768550777386,3.890340008723928,2,0.26333332061767756,1.2718385353105732,Normal Volume
2014-02-13,13.308667182922363,13.514666557312012,12.883333206176758,12.88933277130127,120439500,2014,0.41933441162109375,2.206643880919512,3.874251798637623,2,0.6313333511352539,4.851560566448238,High Volume
2014-02-14,13.215332984924316,13.458666801452637,13.133333206176758,13.206666946411133,92370000,2014,0.008666038513183594,-0.7013038699909213,3.880547519505077,2,0.3253335952758789,1.9081260704464424,Normal Volume
2014-02-18,13.579999923706056,13.733332633972168,13.423999786376951,13.682666778564451,139992000,2014,-0.10266685485839488,2.7594230065768555,3.884627774913049,2,0.3093328475952166,0.37029225535983085,High Volume
2014-02-19,12.90933322906494,13.579999923706056,12.894000053405762,13.579999923706056,242535000,2014,-0.6706666946411168,-4.938635481656828,4.008014860238973,2,0.6859998703002947,0.0,High Volume
2014-02-20,13.998000144958496,14.347332954406738,13.751333236694336,14.333999633789062,270034500,2014,-0.3359994888305664,8.433176962559607,4.231386820275454,2,0.5959997177124023,0.09301884301884303,High Volume
2014-02-21,13.973333358764648,14.26533317565918,13.946000099182127,14.109333038330078,117282000,2014,-0.1359996795654297,-0.17621650191746996,4.239069633709782,2,0.31933307647705256,1.1056521020894767,High Volume
2014-02-24,14.510000228881836,14.557332992553713,13.887999534606934,13.917332649230955,124176000,2014,0.5926675796508807,3.840650303963211,4.2080997397293345,2,0.6693334579467791,4.59858479676508,High Volume
2014-02-25,16.53333282470703,17.280000686645508,15.229999542236328,15.333333015441896,490225500,2014,1.199999809265135,13.944400853955852,4.758783296296419,2,2.0500011444091797,12.695658988447986,High Volume
2014-02-26,16.866666793823242,17.666667938232422,16.5,17.238666534423828,369069000,2014,-0.37199974060058594,2.0161329397426986,4.6090926723946275,2,1.1666679382324219,2.482798788142455,High Volume
2014-02-27,16.836000442504883,17.459999084472656,16.55533218383789,17.416667938232422,269187000,2014,-0.5806674957275391,-0.18181631079348115,3.837151812649222,2,0.9046669006347656,0.24879125211496655,High Volume
2014-02-28,16.320667266845703,16.845333099365234,16.170000076293945,16.643333435058594,218847000,2014,-0.3226661682128906,-3.0609002263871865,3.9289297569892665,2,0.6753330230712891,1.2136971544482518,High Volume
2014-03-03,16.70400047302246,16.77666664123535,15.666000366210938,15.817333221435549,196339500,2014,0.8866672515869123,2.3487593975735965,3.8988884942016906,3,1.110666275024414,6.065076877180032,High Volume
2014-03-04,16.98933219909668,17.333332061767578,16.85533332824707,17.23200035095215,131184000,2014,-0.24266815185546875,1.7081640205592663,3.88244589530197,3,0.4779987335205078,0.5880438065905136,High Volume
2014-03-05,16.8439998626709,17.132667541503906,16.786666870117188,17.114667892456055,89035500,2014,-0.27066802978515625,-0.85543289590575,3.8745844847095743,3,0.34600067138671875,0.10517089294958272,Normal Volume
2014-03-06,16.862667083740234,17.166667938232422,16.6299991607666,16.94266700744629,110416500,2014,-0.07999992370605469,0.11082415828502779,3.8802298223770766,3,0.5366687774658203,1.3221113930155424,High Volume
2014-03-07,16.413999557495117,16.989999771118164,16.29400062561035,16.862667083740234,117184500,2014,-0.4486675262451172,-2.660715081529086,3.9437404481263516,3,0.6959991455078125,0.755115941894564,High Volume
2014-03-10,15.922666549682615,16.200000762939453,15.737333297729492,16.18000030517578,115921500,2014,-0.25733375549316584,-2.993377732779001,3.9117734712852306,3,0.46266746520996094,0.12361222117699205,High Volume
2014-03-11,15.62733268737793,16.30666732788086,15.495332717895508,15.766667366027832,132151500,2014,-0.13933467864990234,-1.854801527012906,3.8809573561463946,3,0.8113346099853516,3.4249467520102312,High Volume
2014-03-12,16.099332809448242,16.5,15.407333374023438,15.43333339691162,146316000,2014,0.6659994125366229,3.020349867201233,3.8238790666892064,3,1.0926666259765625,6.91144664380692,High Volume
2014-03-13,15.852666854858398,16.279333114624023,15.600000381469728,16.252666473388672,93544500,2014,-0.39999961853027344,-1.5321501673975169,3.818108629881499,3,0.6793327331542951,0.16407548434599473,Normal Volume
2014-03-14,15.39799976348877,15.79599952697754,15.221332550048828,15.685999870300291,124345500,2014,-0.28800010681152166,-2.868079519568567,3.8332428141759585,3,0.5746669769287127,0.7012600891672953,High Volume
2014-03-17,15.59866714477539,15.862000465393066,15.366666793823242,15.66333293914795,88689000,2014,-0.0646657943725586,1.3032042107341546,3.8215144823453775,3,0.4953336715698242,1.2683604889006737,Normal Volume
2014-03-18,16.002666473388672,16.100000381469727,15.66800022125244,15.796667098999023,93634500,2014,0.20599937438964844,2.589960570756822,3.7813604305199213,3,0.43200016021728693,1.9202359622424674,Normal Volume
2014-03-19,15.72266674041748,16.10333251953125,15.567333221435549,16.092666625976562,76069500,2014,-0.36999988555908203,-1.7497067344171113,3.8166213229810535,3,0.5359992980957013,0.06627797494711511,Normal Volume
2014-03-20,15.660667419433594,15.949999809265137,15.557332992553713,15.744000434875488,57268500,2014,-0.08333301544189453,-0.3943308219114483,3.772027850095305,3,0.392666816711424,1.3084309495655675,Normal Volume
2014-03-21,15.259332656860352,15.74666690826416,15.166666984558104,15.73466682434082,123253500,2014,-0.47533416748046875,-2.5626925840671277,3.8215816712667174,3,0.5799999237060565,0.07626525593014943,High Volume
2014-03-24,14.678000450134276,15.326666831970217,14.017999649047852,15.31666660308838,169932000,2014,-0.6386661529541051,-3.809683030042066,3.8504267170853415,3,1.308667182922365,0.06528985151259699,High Volume
2014-03-25,14.696000099182127,15.136667251586914,14.526666641235352,14.942667007446287,117981000,2014,-0.24666690826416016,0.12263011647262179,3.744767760645716,3,0.6100006103515625,1.2982973122800088,High Volume
2014-03-26,14.197333335876465,14.84000015258789,14.09000015258789,14.796667098999023,103609500,2014,-0.5993337631225586,-3.393214207540829,3.809533318406315,3,0.75,0.2928568528232862,High Volume
2014-03-27,13.821332931518556,14.239999771118164,13.533332824707031,14.157999992370604,142435500,2014,-0.33666706085204723,-2.6483875208294316,3.844544233390286,3,0.7066669464111328,0.5791762875529597,High Volume
2014-03-28,14.157999992370604,14.447999954223633,14.017999649047852,14.186667442321776,145272000,2014,-0.028667449951171875,2.4358508873214557,3.848756352433319,3,0.43000030517578125,1.8420993722757473,High Volume
2014-03-31,13.896666526794434,14.449999809265137,13.759332656860352,14.43333339691162,125700000,2014,-0.5366668701171857,-1.8458360341644053,3.8644092576297853,3,0.6906671524047852,0.11547167861502877,High Volume
2014-04-01,14.464667320251465,14.543999671936035,13.905332565307615,13.934666633605955,110571000,2014,0.5300006866455096,4.0873168566134765,3.9017231849511926,4,0.6386671066284197,4.372785186411017,High Volume
2014-04-02,15.352666854858398,15.392666816711426,14.536666870117188,14.666666984558104,161734500,2014,0.6859998703002947,6.1390940762507284,3.9148610965044037,4,0.8559999465942383,4.9499987483025,High Volume
2014-04-03,15.026666641235352,15.715332984924316,14.800000190734863,15.353333473205566,163855500,2014,-0.32666683197021484,-2.1234109793757616,3.65714465123731,4,0.9153327941894531,2.357790979727671,High Volume
2014-04-04,14.148667335510254,15.218000411987305,14.083333015441896,15.067333221435549,170184000,2014,-0.9186658859252947,-5.842941263604928,3.825002389129069,4,1.1346673965454084,0.9999592385559595,High Volume
2014-04-07,13.834667205810549,14.41333293914795,13.567333221435549,13.720666885375977,147832500,2014,0.11400032043457209,-2.219291204279217,3.7809336039995656,4,0.8459997177124006,5.048341014023475,High Volume
2014-04-08,14.36400032043457,14.432666778564451,13.761333465576172,14.00333309173584,103339500,2014,0.36066722869873047,3.8261355097989114,2.8130245291187594,4,0.6713333129882795,3.0659392590038843,High Volume
2014-04-09,14.461999893188477,14.563332557678224,14.059332847595217,14.45066738128662,77368500,2014,0.011332511901857245,0.6822582189342397,2.7834200250262815,4,0.5039997100830078,0.7796537932739681,Normal Volume
2014-04-10,13.612667083740234,14.5,13.586000442504885,14.454667091369627,108172500,2014,-0.8420000076293928,-5.872858634498213,2.951663740482373,4,0.9139995574951154,0.31362125702251253,High Volume
2014-04-11,13.585332870483398,13.800000190734863,13.239999771118164,13.37399959564209,136008000,2014,0.2113332748413086,-0.20079983656902112,2.9175610550374347,4,0.5600004196166992,3.185289427043093,High Volume
2014-04-14,13.206000328063965,13.895999908447266,12.96066665649414,13.84000015258789,115545000,2014,-0.6339998245239258,-2.7922211846836853,2.8911689969773615,4,0.935333251953125,0.40462250897377205,High Volume
2014-04-15,12.927332878112791,13.28600025177002,12.288000106811523,13.272666931152344,204889500,2014,-0.34533405303955256,-2.1101578299902,2.8636016465613197,4,0.9980001449584961,0.1004569819075402,High Volume
2014-04-16,13.27400016784668,13.332667350769045,12.721332550048828,13.133333206176758,108033000,2014,0.14066696166992188,2.6816613527514965,2.9359990809191125,4,0.6113348007202166,1.5177726892555943,High Volume
2014-04-17,13.208000183105469,13.486000061035156,12.93866729736328,13.307332992553713,88902000,2014,-0.09933280944824396,-0.4972124748128359,2.931953483001715,4,0.5473327636718768,1.342621159186585,Normal Volume
2014-04-21,13.625332832336426,13.74666690826416,12.93333339691162,13.138667106628418,78873000,2014,0.4866657257080078,3.1596959679389913,2.9943983006315986,4,0.8133335113525408,4.627560746470303,Normal Volume
2014-04-22,14.576000213623049,14.621999740600586,13.667332649230955,13.757332801818848,147070500,2014,0.818667411804201,6.977204835910089,3.258455044587723,4,0.9546670913696307,6.28513499846003,High Volume
2014-04-23,13.866000175476074,14.449333190917969,13.800000190734863,14.42199993133545,109434000,2014,-0.555999755859375,-4.871021046524082,3.355002881934533,4,0.6493330001831055,0.1895247518558858,High Volume
2014-04-24,13.857333183288574,14.186667442321776,13.546667098999023,14.053999900817873,82428000,2014,-0.19666671752929865,-0.06250535178002892,3.295091497847245,4,0.6400003433227521,0.9439842211481879,Normal Volume
2014-04-25,13.32333278656006,13.779999732971191,13.17666721343994,13.466667175292969,104950500,2014,-0.14333438873290838,-3.853558182266259,3.3482961850501485,4,0.6033325195312518,2.3267268255733518,High Volume
2014-04-28,13.234000205993652,13.586000442504885,12.699999809265137,13.333333015441896,105630000,2014,-0.09933280944824396,-0.6704972546848209,3.3191516669982573,4,0.8860006332397479,1.8950057481528695,High Volume
2014-04-29,13.79466724395752,13.8100004196167,13.035332679748535,13.21399974822998,86686500,2014,0.5806674957275391,4.236565129490799,3.41443491588202,4,0.7746677398681641,4.510372958547643,Normal Volume
2014-04-30,13.859333038330078,13.87733268737793,13.41866683959961,13.57333278656006,66609000,2014,0.28600025177001775,0.46877386187682557,3.373108973679461,4,0.4586658477783203,2.2396850176611127,Normal Volume
2014-05-01,13.84866714477539,14.267999649047852,13.71266746520996,13.805333137512209,81598500,2014,0.04333400726318182,-0.07695820228281747,3.3642432675584613,5,0.5553321838378924,3.351360716377596,Normal Volume
2014-05-02,14.060667037963867,14.09066677093506,13.767999649047852,13.90666675567627,61302000,2014,0.15400028228759766,1.530832469090404,3.382031354991873,5,0.3226671218872088,1.3231065250318719,Normal Volume
2014-05-05,14.440667152404783,14.512666702270508,13.90133285522461,13.965332984924316,77205000,2014,0.475334167480467,2.7025753004100928,3.3973339568607224,5,0.6113338470458984,3.919231413508309,Normal Volume
2014-05-06,13.8186674118042,14.577333450317385,13.789999961853027,14.4399995803833,84550500,2014,-0.6213321685791016,-4.307278424439021,3.4170858152758514,5,0.7873334884643572,0.9510656088982959,Normal Volume
2014-05-07,13.423333168029783,14.013333320617676,13.149999618530272,13.97599983215332,152689500,2014,-0.5526666641235369,-2.8608709652908515,3.45227503115867,5,0.8633337020874041,0.26712570773266386,High Volume
2014-05-08,11.906000137329102,12.960000038146973,11.866666793823242,12.133333206176758,300849000,2014,-0.22733306884765625,-11.30369790950655,3.965110061420187,5,1.0933332443237305,6.813188246980481,High Volume
2014-05-09,12.150667190551758,12.226667404174805,11.814666748046877,11.990667343139648,127428000,2014,0.15999984741210938,2.054989504456217,3.9705313117573082,5,0.4120006561279279,1.9681978849174024,High Volume
2014-05-12,12.31133270263672,12.47933292388916,11.991999626159668,12.258000373840332,105034500,2014,0.053332328796388495,1.3222772837519159,3.9487255410139546,5,0.4873332977294922,1.8056170933162277,High Volume
2014-05-13,12.677332878112791,12.755999565124512,12.199999809265137,12.250666618347168,106458000,2014,0.4266662597656232,2.972872103421298,3.9852196906054966,5,0.555999755859375,4.1249424420752225,High Volume
2014-05-14,12.708000183105469,12.898667335510254,12.473333358764648,12.596667289733888,81100500,2014,0.11133289337158025,0.2419066004460957,3.9026410200569717,5,0.42533397674560547,2.3974598902242286,Normal Volume
2014-05-15,12.572667121887209,12.843999862670898,12.353333473205566,12.665332794189451,90606000,2014,-0.09266567230224254,-1.0649438091618668,3.705911257316541,5,0.49066638946533203,1.410678040480825,Normal Volume
2014-05-16,12.77066707611084,12.802666664123535,12.514666557312012,12.596667289733888,67315500,2014,0.17399978637695135,1.574844480523474,3.714841587411822,5,0.28800010681152344,1.6353482206959085,Normal Volume
2014-05-19,13.072667121887209,13.12600040435791,12.666666984558104,12.714667320251465,68575500,2014,0.35799980163574396,2.364794602948339,3.606335437367473,5,0.45933341979980646,3.2351069339524816,Normal Volume
2014-05-20,13.020000457763672,13.288666725158691,12.871333122253418,13.129332542419434,83191500,2014,-0.10933208465576172,-0.4028761968195349,3.5864379978135004,5,0.41733360290527344,1.2135741266699318,Normal Volume
2014-05-21,13.296667098999023,13.324666976928713,12.986000061035156,13.07866668701172,79281000,2014,0.2180004119873029,2.1249357258691814,3.5346681265169058,5,0.33866691589355646,1.8809278942882792,Normal Volume
2014-05-22,13.658666610717772,13.791999816894531,13.303999900817873,13.356666564941406,93217500,2014,0.3020000457763654,2.7224830780790077,3.5715640920269127,5,0.4879999160766584,3.2592956471324084,Normal Volume
2014-05-23,13.81999969482422,13.850666999816896,13.5,13.635333061218262,60102000,2014,0.1846666336059588,1.181177407023415,3.4087327631798297,5,0.3506669998168963,1.5792349012074325,Normal Volume
2014-05-27,14.104000091552734,14.258000373840332,13.846667289733888,13.90133285522461,80116500,2014,0.202667236328125,2.0549956801726665,3.4265176705643907,5,0.41133308410644354,2.5657073485703528,Normal Volume
2014-05-28,14.015999794006348,14.184666633605955,13.684000015258787,14.001333236694336,82426500,2014,0.014666557312011719,-0.6239385775322903,3.3841970510350756,5,0.500666618347168,1.3093995679721688,Normal Volume
2014-05-29,14.015999794006348,14.166000366210938,13.847999572753906,14.038000106811523,55387500,2014,-0.02200031280517578,0.0,3.355135679404314,5,0.31800079345703125,0.9118126401588054,Normal Volume
2014-05-30,13.851332664489746,14.31999969482422,13.8013334274292,14.020000457763672,83716500,2014,-0.16866779327392578,-1.174851112562214,3.3355869659710424,5,0.5186662673950213,2.1397947736472576,Normal Volume
2014-06-02,13.646666526794434,13.956666946411133,13.444666862487791,13.821999549865724,70021500,2014,-0.17533302307129084,-1.4775916704391157,3.3474079539548742,6,0.5120000839233416,0.9742975034803601,Normal Volume
2014-06-03,13.662667274475098,13.866666793823242,13.505999565124512,13.565999984741213,57912000,2014,0.09666728973388494,0.11725022846602595,3.2992821941941037,6,0.36066722869873047,2.216326178831004,Normal Volume
2014-06-04,13.599332809448242,13.750666618347168,13.359999656677246,13.623332977294922,51411000,2014,-0.024000167846679688,-0.4635585698934408,3.030318506613828,6,0.3906669616699219,0.9346731909472108,Normal Volume
2014-06-05,13.793333053588867,13.946666717529297,13.603333473205566,13.631333351135254,60819000,2014,0.16199970245361328,1.42654236688613,2.9102398536967997,6,0.34333324432373047,2.313298033811059,Normal Volume
2014-06-06,13.878000259399414,14.053999900817873,13.812000274658203,13.983332633972168,46107000,2014,-0.1053323745727539,0.6138270241253796,2.9121563600060396,6,0.24199962615966975,0.5053678453877332,Normal Volume
2014-06-09,13.687333106994627,13.999333381652832,13.613332748413086,13.863332748413086,42085500,2014,-0.1759996414184588,-1.3738805940405552,2.8316870663214635,6,0.3860006332397461,0.9810096584121439,Normal Volume
2014-06-10,13.486666679382324,13.79800033569336,13.436667442321776,13.628666877746582,52720500,2014,-0.1420001983642578,-1.466073968125725,2.8431479837875404,6,0.3613328933715838,1.2424799833010198,Normal Volume
2014-06-11,13.631333351135254,13.666666984558104,13.283332824707031,13.43333339691162,59662500,2014,0.1979999542236346,1.0726643965635274,2.7414238379593625,6,0.38333415985107244,1.7369745896437645,Normal Volume
2014-06-12,13.567999839782717,13.991999626159668,13.513999938964844,13.673333168029783,89905500,2014,-0.10533332824706676,-0.46461714141311505,2.741197695657381,6,0.4779996871948242,2.3305689564777996,Normal Volume
2014-06-13,13.761333465576172,13.78600025177002,13.43866729736328,13.652000427246094,53164500,2014,0.10933303833007812,1.4249235559878226,2.7540466513581143,6,0.34733295440674006,0.9815398500610542,Normal Volume
2014-06-16,14.973999977111816,15.03266716003418,13.750666618347168,13.784000396728516,198696000,2014,1.1899995803833008,8.81212939552054,3.1799429102846535,6,1.2820005416870117,9.058812589718308,High Volume
2014-06-17,15.444666862487791,15.702667236328123,14.856666564941406,14.940667152404783,199573500,2014,0.5039997100830078,3.1432275016388678,3.19260673438154,6,0.846000671386717,5.1001744175841015,High Volume
2014-06-18,15.141332626342772,15.447333335876465,15.074666976928713,15.43333339691162,104103000,2014,-0.29200077056884766,-1.9640063385359396,3.104077077685352,6,0.37266635894775213,0.09071234713070521,High Volume
2014-06-19,15.185999870300291,15.687333106994627,15.133333206176758,15.2586669921875,131896500,2014,-0.07266712188720881,0.295002065272687,3.044310799876018,6,0.5539999008178693,2.8093287246297853,High Volume
2014-06-20,15.305999755859377,15.419333457946776,15.079999923706056,15.23466682434082,73558500,2014,0.07133293151855646,0.7902007545369072,2.081642050741221,6,0.3393335342407191,1.2121475036848761,Normal Volume
2014-06-23,15.814666748046877,15.932666778564451,15.214667320251465,15.300666809082031,116866500,2014,0.5139999389648455,3.3233176551748844,2.1192642893773317,6,0.7179994583129865,4.130538736437835,High Volume
2014-06-24,15.5,16.125333786010742,15.44200038909912,15.9313325881958,121138500,2014,-0.4313325881958008,-1.9897146937082222,2.18202999784111,6,0.6833333969116229,1.2177336499690246,High Volume
2014-06-25,15.792667388916016,15.83666706085205,15.349332809448242,15.536666870117188,87024000,2014,0.2560005187988281,1.8881767026839746,2.153464078614012,6,0.4873342514038086,1.9309173147805319,Normal Volume
2014-06-26,15.706666946411133,16.02666664123535,15.61400032043457,15.81133270263672,76821000,2014,-0.10466575622558771,-0.5445593222918266,2.164707074886617,6,0.41266632080078125,1.36189619590208,Normal Volume
2014-06-27,15.937333106994627,16.0,15.633333206176758,15.645999908447266,84525000,2014,0.2913331985473615,1.468587583670633,2.1415359937701797,6,0.3666667938232422,2.2625597189324407,Normal Volume
2014-06-30,16.003999710083008,16.299333572387695,15.93333339691162,15.970000267028809,72429000,2014,0.03399944305419922,0.4183046350403563,2.1377945166926304,6,0.366000175476076,2.062199748605005,Normal Volume
2014-07-01,15.981332778930664,16.229333877563477,15.91333293914795,16.163999557495117,65041500,2014,-0.18266677856445312,-0.1416329140400019,2.122506582927403,7,0.31600093841552734,0.4041964975064873,Normal Volume
2014-07-02,15.295332908630373,16.155332565307617,15.137999534606934,16.04400062561035,120411000,2014,-0.7486677169799787,-4.292507263253375,2.3028927634469833,7,1.0173330307006836,0.6939163260786166,High Volume
2014-07-03,15.283332824707031,15.460000038146973,14.93333339691162,15.419333457946776,77500500,2014,-0.13600063323974432,-0.07845585313523973,2.286449717491741,7,0.5266666412353533,0.2637376013114137,Normal Volume
2014-07-07,14.843999862670898,15.3186674118042,14.69333267211914,15.166666984558104,88405500,2014,-0.32266712188720525,-2.8745887240373857,2.326007317753352,7,0.6253347396850586,1.0022005981990263,Normal Volume
2014-07-08,14.604666709899902,14.730667114257812,14.284667015075684,14.576666831970217,117543000,2014,0.027999877929685724,-1.6123225207840486,2.345487686841027,7,0.4460000991821289,1.0564848882313436,High Volume
2014-07-09,14.870667457580566,14.947999954223633,14.61400032043457,14.751333236694336,61731000,2014,0.11933422088623047,1.821340760212986,2.3395310394821753,7,0.3339996337890625,1.3332131704548789,Normal Volume
2014-07-10,14.630666732788086,14.814666748046877,14.402667045593262,14.478667259216309,72958500,2014,0.15199947357177734,-1.6139203265562618,2.3584942101297375,7,0.41199970245361506,2.320652051843306,Normal Volume
2014-07-11,14.541999816894531,14.773332595825195,14.506667137145996,14.707332611083984,49534500,2014,-0.16533279418945312,-0.6060346907830749,2.3625874351135914,7,0.2666654586791992,0.4487556410566994,Normal Volume
2014-07-14,15.113332748413086,15.252667427062988,14.363332748413086,14.666000366210938,108048000,2014,0.44733238220214844,3.9288470548238807,2.4462266778372155,7,0.8893346786499023,4.000184414311591,High Volume
2014-07-15,14.638667106628418,15.17666721343994,14.539999961853027,15.11533260345459,85777500,2014,-0.4766654968261719,-3.1407079410364247,2.5064576507503915,7,0.6366672515869123,0.40577744198187105,Normal Volume
2014-07-16,14.477333068847656,14.986666679382324,14.454667091369627,14.788000106811523,60667500,2014,-0.3106670379638672,-1.1021087958732911,2.518774628206129,7,0.5319995880126971,1.3434309652141039,Normal Volume
2014-07-17,14.359999656677246,14.703332901000977,14.239999771118164,14.410667419433594,69741000,2014,-0.050667762756347656,-0.8104628912827039,2.522829616676126,7,0.4633331298828125,2.0308947049371704,Normal Volume
2014-07-18,14.66800022125244,14.747332572937012,14.395333290100098,14.396666526794434,63805500,2014,0.27133369445800604,2.1448507795191807,2.538119152978273,7,0.35199928283691406,2.435744729447849,Normal Volume
2014-07-21,14.702667236328123,14.880666732788086,14.447999954223633,14.483332633972168,57333000,2014,0.21933460235595525,0.23634452244862825,2.537115228224196,7,0.4326667785644531,2.7433886168155066,Normal Volume
2014-07-22,14.638667106628418,14.886667251586914,14.607333183288574,14.812666893005373,40950000,2014,-0.1739997863769549,-0.43529604983216785,2.5224883222258443,7,0.27933406829833984,0.49957485114638334,Normal Volume
2014-07-23,14.832667350769045,14.983332633972168,14.628666877746582,14.667332649230955,46249500,2014,0.1653347015380895,1.3252589373576429,2.508280535983692,7,0.35466575622558594,2.154447521566107,Normal Volume
2014-07-24,14.902667045593262,15.006667137145996,14.720000267028809,14.883333206176758,48682500,2014,0.019333839416503906,0.4719292435327649,2.504686266245455,7,0.2866668701171875,0.8286714357644916,Normal Volume
2014-07-25,14.904666900634766,15.131333351135254,14.783332824707031,14.847999572753906,46306500,2014,0.056667327880859375,0.013419443884687965,2.5009917796115033,7,0.34800052642822266,1.9082286269812763,Normal Volume
2014-07-28,14.98799991607666,15.466667175292969,14.760000228881836,14.949999809265137,97714500,2014,0.03800010681152344,0.5591068622831541,2.4930630862069365,7,0.7066669464111328,3.455969047622541,High Volume
2014-07-29,15.000666618347168,15.220000267028809,14.990667343139648,15.107333183288574,50736000,2014,-0.10666656494140625,0.08451229210990618,1.9077785162668581,7,0.22933292388916016,0.7457774471067099,Normal Volume
2014-07-30,15.261333465576172,15.30666732788086,14.736000061035156,14.79466724395752,73917000,2014,0.46666622161865234,1.7377017559351948,1.8447407901306,7,0.5706672668457031,3.4607069931393855,Normal Volume
2014-07-31,14.886667251586914,15.42666721343994,14.766667366027832,15.284000396728516,116236500,2014,-0.39733314514160156,-2.4550031282283724,1.8646232708601613,7,0.6599998474121076,0.9334389754527964,High Volume
2014-08-01,15.5513334274292,15.833333015441896,15.06666660308838,15.072667121887209,178437000,2014,0.4786663055419904,4.464842026823912,2.0378056430811022,8,0.7666664123535156,5.046657551735585,High Volume
2014-08-04,15.90133285522461,16.03333282470703,15.5513334274292,15.625332832336426,89395500,2014,0.2760000228881836,2.2506071870215694,2.072035046026726,8,0.48199939727783203,2.6111443304827064,Normal Volume
2014-08-05,15.899333000183104,16.19933319091797,15.71266746520996,15.83133316040039,80829000,2014,0.06799983978271307,-0.012576650396001199,1.9833680288080482,8,0.4866657257080096,2.324504366050945,Normal Volume
2014-08-06,16.595333099365234,16.761333465576172,15.905332565307615,15.92666721343994,138739500,2014,0.6686658859252947,4.377542750844432,2.0964882510330693,8,0.8560009002685565,5.240683697037931,High Volume
2014-08-07,16.826000213623047,17.112667083740234,16.607999801635742,16.674667358398438,112183500,2014,0.15133285522460938,1.3899516983279847,2.0849978298654066,8,0.5046672821044922,2.626737409074562,High Volume
2014-08-08,16.54199981689453,16.784000396728516,16.433332443237305,16.743999481201172,76351500,2014,-0.20199966430664062,-1.6878663563701712,2.1099887393605736,8,0.35066795349121094,0.23889701843489416,Normal Volume
2014-08-11,17.288000106811523,17.582666397094727,17.0,17.031999588012695,121519500,2014,0.2560005187988281,4.509734603884441,2.2422300210809207,8,0.5826663970947266,3.2331307092656134,High Volume
2014-08-12,17.33066749572754,17.35333251953125,16.972000122070312,17.205333709716797,95734500,2014,0.1253337860107422,0.24680349752661535,2.2421252613391633,8,0.3813323974609375,0.8601914517407475,Normal Volume
2014-08-13,17.354000091552734,17.709333419799805,17.30733299255371,17.46733283996582,103989000,2014,-0.11333274841308594,0.13463183591138073,2.240858409101489,8,0.40200042724609375,1.3854466623563688,High Volume
2014-08-14,17.42533302307129,17.53333282470703,17.100000381469727,17.499332427978516,61899000,2014,-0.07399940490722656,0.4110460478404354,2.06625904060356,8,0.4333324432373047,0.1942953930868509,Normal Volume
2014-08-15,17.46733283996582,17.472667694091797,17.233333587646484,17.43199920654297,58018500,2014,0.03533363342285156,0.24102734127906533,2.0642319496556705,8,0.2393341064453125,0.23329789697078188,Normal Volume
2014-08-18,17.32933235168457,17.817333221435547,17.316667556762695,17.549999237060547,87738000,2014,-0.22066688537597656,-0.7900489991551574,1.9813026797611113,8,0.5006656646728516,1.5232706324594452,Normal Volume
2014-08-19,17.117332458496094,17.288667678833008,16.774667739868164,17.257999420166016,80022000,2014,-0.14066696166992188,-1.2233586896835513,1.9679866967269308,8,0.5139999389648438,0.17770459901137933,Normal Volume
2014-08-20,17.047332763671875,17.249332427978516,16.866666793823242,16.97800064086914,45418500,2014,0.06933212280273438,-0.4089404408890496,1.960378971037378,8,0.38266563415527344,1.5981374535717119,Normal Volume
2014-08-21,16.95599937438965,17.253332138061523,16.884000778198242,17.101333618164062,43734000,2014,-0.14533424377441406,-0.5357635153157791,1.9304223226352444,8,0.36933135986328125,0.888810915518406,Normal Volume
2014-08-22,17.118667602539062,17.1299991607666,16.840667724609375,16.96933364868164,42501000,2014,0.14933395385742188,0.9593550020714714,1.9203268296172002,8,0.28933143615722656,0.9467991814601581,Normal Volume
2014-08-25,17.503332138061523,17.57866668701172,17.21266746520996,17.21266746520996,64771500,2014,0.2906646728515625,2.247047167767935,1.8416099362032372,8,0.3659992218017578,2.1263364469307917,Normal Volume
2014-08-26,17.44933319091797,17.700000762939453,17.444000244140625,17.665332794189453,57270000,2014,-0.21599960327148438,-0.30850667014500344,1.7165261524623228,8,0.2560005187988281,0.19624860258167973,Normal Volume
2014-08-27,17.549999237060547,17.615999221801758,17.3526668548584,17.566667556762695,44776500,2014,-0.016668319702148438,0.5769048309248515,1.6861789419908773,8,0.2633323669433594,0.28082540345036094,Normal Volume
2014-08-28,17.590667724609375,17.631999969482422,17.44266700744629,17.459333419799805,42673500,2014,0.1313343048095703,0.23172928385630787,1.6655086471008727,8,0.1893329620361328,0.9889641576281728,Normal Volume
2014-08-29,17.979999542236328,18.13333320617676,17.833999633789062,17.913333892822266,96706500,2014,0.0666656494140625,2.213286179479579,1.6676128555150311,8,0.29933357238769887,1.2281315955521142,High Volume
2014-09-02,18.941333770751957,18.99266624450684,18.286666870117188,18.36666679382324,147786000,2014,0.574666976928718,5.346686612852158,1.8681793047264572,9,0.705999374389652,3.4083454429201394,High Volume
2014-09-03,18.746000289916992,19.200000762939453,18.67333221435547,19.17799949645996,101584500,2014,-0.43199920654296875,-1.0312551544632287,1.885565247802457,9,0.5266685485839844,0.11472138417541082,High Volume
2014-09-04,19.06933212280273,19.42799949645996,18.69333267211914,18.93400001525879,125125500,2014,0.13533210754394176,1.7248043736543206,1.8904815135226458,9,0.7346668243408203,2.609060319019018,High Volume
2014-09-05,18.49266624450684,18.86000061035156,18.167333602905277,18.83666610717773,167548500,2014,-0.34399986267089133,-3.024048637793275,2.0185125495130265,9,0.692667007446282,0.12387809520569294,High Volume
2014-09-08,18.80733299255371,18.992000579833984,18.501333236694336,18.507999420166016,82524000,2014,0.2993335723876953,1.701575878169237,2.0210463855199414,9,0.49066734313964844,2.615091716183052,Normal Volume
2014-09-09,18.565332412719727,19.03266716003418,18.46666717529297,18.86599922180176,68382000,2014,-0.3006668090820348,-1.2867352321022762,2.05634982789207,9,0.5659999847412109,0.8834302189507935,Normal Volume
2014-09-10,18.739999771118164,18.76066780090332,18.24399948120117,18.63333320617676,56719500,2014,0.1066665649414027,0.9408253755734952,2.0529324188327815,9,0.516668319702152,0.6833699226950378,Normal Volume
2014-09-11,18.687332153320312,18.98600006103516,18.57533264160156,18.69733238220215,56491500,2014,-0.010000228881835938,-0.2810438550752914,2.053025957511152,9,0.41066741943360086,1.5438976691016735,Normal Volume
2014-09-12,18.61333274841309,18.826000213623047,18.46666717529297,18.700000762939453,49869000,2014,-0.08666801452636363,-0.39598699429160833,1.9770136926680388,9,0.3593330383300781,0.6737938264329135,Normal Volume
2014-09-15,16.923999786376953,18.293333053588867,16.608667373657227,18.291332244873047,246831000,2014,-1.3673324584960938,-9.07592952250942,2.5624702204511998,9,1.6846656799316406,0.010938561986818252,High Volume
2014-09-16,17.382667541503906,17.497333526611328,16.827999114990234,17.010000228881836,124501500,2014,0.3726673126220703,2.710161669324518,2.5757811021462236,9,0.6693344116210938,2.864981135638276,High Volume
2014-09-17,17.42533302307129,17.64666748046875,17.299999237060547,17.493999481201172,77665500,2014,-0.06866645812988281,0.2454484127106138,2.5750283102338627,9,0.3466682434082031,0.8726878003605363,Normal Volume
2014-09-18,17.58799934387207,17.706666946411133,17.488000869750977,17.55733299255371,55389000,2014,0.030666351318359375,0.9335048035260529,2.4630936116275652,9,0.21866607666015625,0.8505503308546708,Normal Volume
2014-09-19,17.288000106811523,17.428667068481445,17.01799964904785,17.19933319091797,102163500,2014,0.08866691589355469,-1.7057041633622205,2.4773590579186657,9,0.41066741943359375,1.3333881902152769,High Volume
2014-09-22,16.66866683959961,17.06800079345703,16.31399917602539,17.0,123211500,2014,-0.3313331604003906,-3.582445993668726,2.548187018677173,9,0.7540016174316406,0.40000466739430146,High Volume
2014-09-23,16.694000244140625,16.920000076293945,16.333332061767578,16.347999572753906,84880500,2014,0.34600067138671875,0.15198218780658745,2.405868776034374,9,0.5866680145263672,3.498902119457804,Normal Volume
2014-09-24,16.80933380126953,16.856000900268555,16.46933364868164,16.7413330078125,56242500,2014,0.06800079345703125,0.6908683086271461,2.409361719817394,9,0.38666725158691406,0.6849388421014255,Normal Volume
2014-09-25,16.463333129882812,16.997333526611328,16.406667709350586,16.834667205810547,72513000,2014,-0.3713340759277344,-2.058384201761687,2.435967450568706,9,0.5906658172607422,0.9662580127787521,Normal Volume
2014-09-26,16.440000534057617,16.648666381835938,16.404666900634766,16.549999237060547,56931000,2014,-0.10999870300292969,-0.14172461700872052,2.433697683461319,9,0.24399948120117188,0.5961761288450363,Normal Volume
2014-09-29,16.35066795349121,16.576000213623047,16.091999053955078,16.266666412353516,72790500,2014,0.08400154113769531,-0.5433855089076345,2.433404433716365,9,0.48400115966796875,1.9016422506495343,Normal Volume
2014-09-30,16.178667068481445,16.510000228881836,16.007999420166016,16.461332321166992,63574500,2014,-0.2826652526855469,-1.051950204719554,2.436097336638175,9,0.5020008087158203,0.2956498706502849,Normal Volume
2014-10-01,16.016000747680664,16.17733383178711,15.710000038146973,16.14666748046875,89125500,2014,-0.13066673278808594,-1.0054370988181183,2.433261918918369,10,0.4673337936401367,0.18992371865868823,Normal Volume
2014-10-02,16.761333465576172,16.8526668548584,16.357332229614258,16.68000030517578,134973000,2014,0.08133316040039062,4.653675593786688,2.588318250029015,10,0.4953346252441406,1.0351711422273715,High Volume
2014-10-03,17.013999938964844,17.100000381469727,16.735332489013672,16.87066650390625,81094500,2014,0.14333343505859375,1.5074365885482166,2.6012193861746393,10,0.3646678924560547,1.3593646552753347,Normal Volume
2014-10-06,17.374666213989258,17.499332427978516,17.18666648864746,17.275333404541016,115699500,2014,0.09933280944824219,2.119820596674793,2.623819492829153,10,0.3126659393310547,1.2966408126086837,High Volume
2014-10-07,17.30466651916504,17.430667877197266,17.048667907714844,17.235332489013672,67282500,2014,0.06933403015136719,-0.4028836811141634,2.592892675425144,10,0.3819999694824219,1.1333427324834406,Normal Volume
2014-10-08,17.28533363342285,17.525333404541016,16.842666625976562,17.34000015258789,75826500,2014,-0.05466651916503906,-0.11172064899821477,2.592346955444792,10,0.6826667785644531,1.06881920601059,Normal Volume
2014-10-09,17.134000778198242,17.702667236328125,16.959999084472656,17.483333587646484,110419500,2014,-0.3493328094482422,-0.8754986072816884,2.5947947282987713,10,0.7426681518554688,1.254529907480683,High Volume
2014-10-10,15.793999671936035,16.392667770385742,15.68000030517578,16.30933380126953,193324500,2014,-0.5153341293334961,-7.820713466800234,2.956299444560102,10,0.7126674652099627,0.5109587560818956,High Volume
2014-10-13,14.97266674041748,15.93066692352295,14.733332633972168,15.904666900634766,169030500,2014,-0.9320001602172852,-5.200284592749238,3.0461443572893483,10,1.1973342895507812,0.16347417428242975,High Volume
2014-10-14,15.137332916259766,15.498000144958496,14.866666793823242,15.216667175292969,106579500,2014,-0.07933425903320312,1.0997785411050565,2.8547373147958095,10,0.6313333511352539,1.8488474935058226,High Volume
2014-10-15,15.313332557678224,15.399333000183104,14.48799991607666,14.666666984558104,137209500,2014,0.6466655731201207,1.162685939406205,2.8740966120785263,10,0.9113330841064435,4.995449998260629,High Volume
2014-10-16,15.09000015258789,15.32800006866455,14.606666564941406,14.64799976348877,80989500,2014,0.4420003890991211,-1.458418043552201,2.8427245067375275,10,0.7213335037231445,4.642274140874392,Normal Volume
2014-10-17,15.165332794189451,15.65133285522461,15.103333473205566,15.558667182922363,158241000,2014,-0.39333438873291193,0.4992222719669259,2.8176413726560656,10,0.547999382019043,0.5955887558540912,High Volume
2014-10-20,15.364666938781738,15.493332862854004,15.034000396728516,15.114666938781738,52416000,2014,0.25,1.3144066622043482,2.8075126176441545,10,0.4593324661254883,2.5052879140900646,Normal Volume
2014-10-21,15.689332962036133,15.692667007446287,15.386667251586914,15.618000030517578,61954500,2014,0.07133293151855469,2.1130690599931556,2.8485025307743603,10,0.3059997558593732,0.4780828325189516,Normal Volume
2014-10-22,15.40666675567627,15.826000213623049,15.370667457580566,15.54599952697754,61749000,2014,-0.1393327713012713,-1.8016457872609193,2.84404198692285,10,0.45533275604248225,1.8011108655935077,Normal Volume
2014-10-23,15.685999870300291,15.751999855041504,15.466667175292969,15.644000053405762,52386000,2014,0.041999816894529474,1.8130665059079565,2.8779008247176145,10,0.28533267974853516,0.690359251259592,Normal Volume
2014-10-24,15.682666778564451,15.853333473205566,15.41333293914795,15.751333236694336,51949500,2014,-0.06866645812988459,-0.021248831846232275,2.879362884365438,10,0.4400005340576172,0.6475657328714913,Normal Volume
2014-10-27,14.777999877929688,15.640666961669922,14.687333106994627,15.616666793823242,143299500,2014,-0.8386669158935547,-5.7685782233879435,2.589525489127591,10,0.9533338546752947,0.15368303725461005,High Volume
2014-10-28,16.184667587280273,16.30666732788086,15.216667175292969,15.30666732788086,157744500,2014,0.8780002593994141,9.518660989105744,3.1176248500187493,10,1.0900001525878906,6.533100763080643,High Volume
2014-10-29,15.873332977294922,16.100000381469727,15.709333419799805,16.075332641601562,74437500,2014,-0.20199966430664062,-1.9236391993001645,3.132274690973693,10,0.3906669616699219,0.15345088290320102,Normal Volume
2014-10-30,15.910667419433594,16.03333282470703,15.670666694641112,15.87600040435791,48426000,2014,0.034667015075683594,0.23520228670359522,3.125662796879883,10,0.36266613006591975,0.9910079134662523,Normal Volume
2014-10-31,16.113332748413086,16.20800018310547,15.916666984558104,16.167333602905273,56629500,2014,-0.0540008544921875,1.2737701294161408,3.126347556730079,10,0.29133319854736506,0.25153548011706467,Normal Volume
2014-11-03,16.172666549682617,16.503999710083008,16.08799934387207,16.200000762939453,63057000,2014,-0.027334213256835938,0.3682279898016505,3.0609189631783256,11,0.4160003662109375,1.8765366223871385,Normal Volume
2014-11-04,15.928667068481444,16.156667709350586,15.768667221069336,16.03266716003418,55239000,2014,-0.10400009155273615,-1.5087152168234197,3.072034750993567,11,0.38800048828125,0.7734243346953003,Normal Volume
2014-11-05,15.39799976348877,16.090667724609375,15.368666648864746,16.066667556762695,135688500,2014,-0.6686677932739258,-3.3315236153232286,3.1231919177845886,11,0.7220010757446289,0.14937862977427244,High Volume
2014-11-06,16.08133316040039,16.445999145507812,15.233332633972168,15.63266658782959,230320500,2014,0.4486665725708008,4.437806256705623,3.216914977474485,11,1.2126665115356445,5.2027755668468085,High Volume
2014-11-07,16.01333236694336,16.189332962036133,15.813332557678224,16.145999908447266,77415000,2014,-0.13266754150390625,-0.4228554484803526,3.217666013968775,11,0.3760004043579084,0.2683825952841496,Normal Volume
2014-11-10,16.1286678314209,16.191999435424805,15.786666870117188,15.940667152404783,68658000,2014,0.18800067901611506,0.720246491077825,3.2190888548429872,11,0.4053325653076172,1.5766735520985127,Normal Volume
2014-11-11,16.738666534423828,16.788000106811523,16.133333206176758,16.170000076293945,119232000,2014,0.5686664581298828,3.7820774125843615,3.284706011611555,11,0.6546669006347656,3.821892564017969,High Volume
2014-11-12,16.606666564941406,16.82266616821289,16.371999740600586,16.648000717163086,88062000,2014,-0.04133415222167969,-0.788593100955548,3.282278078499463,11,0.4506664276123047,1.049167729009857,Normal Volume
2014-11-13,16.780000686645508,17.049999237060547,16.683332443237305,16.70800018310547,93540000,2014,0.07200050354003906,1.0437622808061375,3.176816876210324,11,0.3666667938232422,2.046917944739403,Normal Volume
2014-11-14,17.245332717895508,17.25666618347168,16.566667556762695,16.666667938232422,91516500,2014,0.5786647796630859,2.773134756903417,3.2050853296508723,11,0.6899986267089844,3.5399892013558047,Normal Volume
2014-11-17,16.93199920654297,17.266666412353516,16.801332473754883,17.166000366210938,60385500,2014,-0.23400115966796875,-1.8169177508961187,3.199895119335467,11,0.4653339385986328,0.5864269136375313,Normal Volume
2014-11-18,17.18000030517578,17.332666397094727,17.034000396728516,17.05733299255371,67095000,2014,0.12266731262207031,1.4646888155828597,3.2106718209357683,11,0.29866600036621094,1.6141644456446442,Normal Volume
2014-11-19,16.516000747680664,16.79199981689453,16.373332977294922,16.707332611083984,118777500,2014,-0.1913318634033203,-3.864956610594905,3.2883932295296634,11,0.4186668395996094,0.5067667459638466,High Volume
2014-11-20,16.58066749572754,16.728666305541992,16.399999618530273,16.530000686645508,53808000,2014,0.05066680908203125,0.39153999224634806,3.286218356942253,11,0.32866668701171875,1.2018488242228882,Normal Volume
2014-11-21,16.185333251953125,16.851999282836914,16.14466667175293,16.81399917602539,112276500,2014,-0.6286659240722656,-2.3843083752586147,2.9788687571233705,11,0.7073326110839844,0.22600278740174273,High Volume
2014-11-24,16.447999954223633,16.50666618347168,16.042667388916016,16.34666633605957,71845500,2014,0.1013336181640625,1.622868668699251,2.8142679610654655,11,0.46399879455566406,0.9787919085322077,Normal Volume
2014-11-25,16.53933334350586,16.648000717163086,16.4060001373291,16.489999771118164,47397000,2014,0.04933357238769531,0.5552856854110999,2.8110291810119112,11,0.24200057983398438,0.9581622088416077,Normal Volume
2014-11-26,16.562667846679688,16.600000381469727,16.440000534057617,16.555999755859375,29718000,2014,0.0066680908203125,0.1410849076513232,2.8068198786917953,11,0.15999984741210938,0.26576846013046834,Normal Volume
2014-11-28,16.301332473754883,16.445999145507812,16.167999267578125,16.356666564941406,31795500,2014,-0.05533409118652344,-1.5778579595025488,2.80948242084726,11,0.2779998779296875,0.5461539502057231,Normal Volume
2014-12-01,15.442667007446287,16.1646671295166,15.267333030700684,16.077333450317383,129291000,2014,-0.6346664428710955,-5.267455698428614,2.986729688391098,12,0.897334098815918,0.5432099761387651,High Volume
2014-12-02,15.428667068481444,15.658666610717772,15.199999809265137,15.637999534606934,88305000,2014,-0.20933246612549006,-0.09065752022039408,2.9780826943259124,12,0.45866680145263494,0.13215933447946315,Normal Volume
2014-12-03,15.286666870117188,15.314666748046877,15.033332824707031,15.083333015441896,79615500,2014,0.2033338546752912,-0.9203659508237205,2.957261505259302,12,0.2813339233398455,1.5337043368872612,Normal Volume
2014-12-04,15.218667030334473,15.393333435058594,15.187333106994627,15.239999771118164,57834000,2014,-0.021332740783691406,-0.4448310436831915,2.939792263161781,12,0.20600032806396662,1.0061264189190966,Normal Volume
2014-12-05,14.913999557495115,15.292667388916016,14.817333221435549,15.244667053222656,90954000,2014,-0.33066749572754084,-2.001932706932097,2.9411857217420816,12,0.475334167480467,0.3148664088614012,Normal Volume
2014-12-08,14.290666580200195,14.990667343139648,14.156000137329102,14.769332885742188,138384000,2014,-0.4786663055419922,-4.179515862877037,3.0325990063141095,12,0.8346672058105469,1.4986083603757738,High Volume
2014-12-09,14.459333419799805,14.51533317565918,13.618000030517578,13.956000328063965,141472500,2014,0.5033330917358398,1.180258727981931,2.858137486793164,12,0.8973331451416016,4.007830570700537,High Volume
2014-12-10,13.989333152770996,14.451333045959473,13.846667289733888,14.275333404541016,109711500,2014,-0.28600025177001953,-3.250497470272151,2.2785419237627336,12,0.6046657562255842,1.2328933863111817,High Volume
2014-12-11,13.925333023071287,14.362000465393066,13.881999969482422,14.035332679748535,100416000,2014,-0.10999965667724787,-0.45749235507362984,2.261716321594835,12,0.48000049591064453,2.3274673504239587,High Volume
2014-12-12,13.800000190734863,14.112000465393066,13.633333206176758,13.654666900634766,107607000,2014,0.14533329010009766,-0.900034721817955,2.2600346985317645,12,0.4786672592163086,3.3492839341034433,High Volume
2014-12-15,13.602666854858398,13.986666679382324,13.511333465576172,13.952667236328123,78274500,2014,-0.3500003814697248,-1.4299516894858533,2.2428317582953636,12,0.47533321380615234,0.24367701514214937,Normal Volume
2014-12-16,13.187333106994627,13.57866668701172,13.024666786193848,13.392666816711426,126391500,2014,-0.20533370971679865,-3.053325883044977,2.281786413325151,12,0.5539999008178729,1.3888187681052688,High Volume
2014-12-17,13.721332550048828,13.776666641235352,12.84333324432373,12.870667457580566,110517000,2014,0.8506650924682617,4.049336122183522,2.430665087224653,12,0.9333333969116211,7.039255630221179,High Volume
2014-12-18,14.550666809082031,14.562666893005373,14.119999885559082,14.158666610717772,112249500,2014,0.3920001983642596,6.044123309512317,2.643155473401808,12,0.44266700744629084,2.8533780291272812,High Volume
2014-12-19,14.619333267211914,14.69333267211914,14.300000190734863,14.679332733154297,103657500,2014,-0.05999946594238281,0.47191279293827826,2.5008823345358273,12,0.39333248138427734,0.09537176668271788,High Volume
2014-12-22,14.84000015258789,14.937333106994627,14.550666809082031,14.666666984558104,71991000,2014,0.17333316802978693,1.5094182569247883,2.522056668605254,12,0.3866662979125959,1.8454507947954095,Normal Volume
2014-12-23,14.731332778930664,14.954667091369627,14.63466739654541,14.920666694641112,67585500,2014,-0.18933391571044744,-0.7322599227755133,2.5172693239676844,12,0.319999694824217,0.2278745140840601,Normal Volume
2014-12-24,14.817333221435549,14.833333015441896,14.616666793823242,14.65133285522461,19983000,2014,0.16600036621093928,0.5837926805094318,2.4049134705370085,12,0.21666622161865412,1.2422088967311011,Normal Volume
2014-12-26,15.187999725341797,15.233332633972168,14.766667366027832,14.767333030700684,49905000,2014,0.4206666946411133,2.5015736527408405,2.4599195686244886,12,0.46666526794433594,3.1556111201846004,Normal Volume
2014-12-29,15.047332763671877,15.194000244140623,14.934666633605955,15.126667022705078,42037500,2014,-0.07933425903320135,-0.926171742255244,2.4499689961098547,12,0.25933361053466797,0.44512926300604194,Normal Volume
2014-12-30,14.815333366394045,15.043333053588867,14.760000228881836,14.932666778564451,43548000,2014,-0.1173334121704066,-1.541797479470497,2.387142120183931,12,0.28333282470703125,0.7411018853194735,Normal Volume
2014-12-31,14.827333450317385,15.045332908630373,14.81666660308838,14.87266731262207,34462500,2014,-0.045333862304685724,0.08099773138119382,2.375541448036001,12,0.2286663055419922,1.1609591768503116,Normal Volume
2015-01-02,14.620667457580566,14.883333206176758,14.21733283996582,14.857999801635742,71466000,2015,-0.23733234405517578,-1.3938176640412303,2.3548166016680767,1,0.6660003662109375,0.17050346533337973,Normal Volume
2015-01-05,14.005999565124512,14.43333339691162,13.810667037963867,14.303333282470703,80527500,2015,-0.2973337173461914,-4.204102817052724,2.372230447900162,1,0.6226663589477521,0.9088798525042862,Normal Volume
2015-01-06,14.085332870483398,14.279999732971191,13.61400032043457,14.003999710083008,93928500,2015,0.08133316040039062,0.5664237314159992,2.3747632585661247,1,0.6659994125366211,1.9708656712514858,Normal Volume
2015-01-07,14.063332557678224,14.3186674118042,13.985333442687988,14.223333358764648,44526000,2015,-0.160000801086424,-0.1561930627232644,2.3489862593915047,1,0.33333396911621094,0.6702651947674726,Normal Volume
2015-01-08,14.041333198547363,14.25333309173584,14.000666618347168,14.187333106994627,51637500,2015,-0.14599990844726385,-0.15643062581812694,2.317335704153262,1,0.2526664733886719,0.46520360270298755,Normal Volume
2015-01-09,13.77733325958252,13.998666763305664,13.663999557495115,13.928000450134276,70024500,2015,-0.15066719055175604,-1.8801629106854012,2.321746723905573,1,0.33466720581054865,0.5073686881644753,Normal Volume
2015-01-12,13.480667114257812,13.631333351135254,13.283332824707031,13.536666870117188,89254500,2015,-0.055999755859375,-2.1532914950603166,2.3348856720818723,1,0.34800052642822266,0.6993337571677043,Normal Volume
2015-01-13,13.616666793823242,13.84066677093506,13.394000053405762,13.554667472839355,67159500,2015,0.06199932098388672,1.0088497728839352,2.3474607347368925,1,0.44666671752929865,2.109969120738566,Normal Volume
2015-01-14,12.845999717712402,13.013333320617676,12.333333015441896,12.388667106628418,173278500,2015,0.4573326110839844,-5.659733676235856,2.3754463415011067,1,0.6800003051757795,5.04223907715655,High Volume
2015-01-15,12.791333198547363,13.050000190734863,12.666666984558104,12.965999603271484,78247500,2015,-0.1746664047241211,-0.42555285977208257,2.3738317633372215,1,0.3833332061767596,0.647852769038991,Normal Volume
2015-01-16,12.871333122253418,12.965999603271484,12.643333435058594,12.713333129882812,54048000,2015,0.15799999237060547,0.6254228739435819,2.383298938894885,1,0.3226661682128906,1.9874132991510849,Normal Volume
2015-01-20,12.795332908630373,12.941332817077637,12.469332695007324,12.924667358398438,67548000,2015,-0.12933444976806463,-0.5904610882275119,2.383237944732119,1,0.4720001220703125,0.12894303750394023,Normal Volume
2015-01-21,13.104666709899902,13.245332717895508,12.633999824523926,12.636667251586914,62295000,2015,0.4679994583129883,2.4175518017267583,2.426530133951816,1,0.611332893371582,4.81666134108388,Normal Volume
2015-01-22,13.441332817077637,13.54933261871338,13.013333320617676,13.133333206176758,61753500,2015,0.3079996109008789,2.569055090301542,2.3765292839315153,1,0.5359992980957049,3.1675082479516594,Normal Volume
2015-01-23,13.419333457946776,13.56666660308838,13.222000122070312,13.352666854858398,51579000,2015,0.06666660308837713,-0.16366947705446222,2.3626938152279204,1,0.3446664810180682,1.602674211497443,Normal Volume
2015-01-26,13.770000457763672,13.907999992370604,13.403332710266112,13.45533275604248,48517500,2015,0.3146677017211914,2.6131476717216273,2.345959445810845,1,0.5046672821044922,3.3642217887539108,Normal Volume
2015-01-27,13.732000350952148,13.868666648864746,13.553333282470703,13.628000259399414,41715000,2015,0.10400009155273438,-0.27596300325537504,2.345042296202342,1,0.31533336639404297,1.7659699507221627,Normal Volume
2015-01-28,13.291333198547363,13.758000373840332,13.227999687194824,13.740667343139648,47244000,2015,-0.44933414459228516,-3.2090528775309157,2.411861162208122,1,0.5300006866455078,0.12614402392426388,Normal Volume
2015-01-29,13.68000030517578,13.732000350952148,13.100000381469728,13.404666900634766,53221500,2015,0.27533340454101385,2.924214605280495,2.4594243017723563,1,0.6319999694824201,2.44193647439223,Normal Volume
2015-01-30,13.57333278656006,13.83133316040039,13.533332824707031,13.597332954406738,45105000,2015,-0.02400016784667791,-0.7797333058198963,2.394737770433075,1,0.2980003356933594,1.7209272346149,Normal Volume
2015-02-02,14.062666893005373,14.130000114440918,13.553333282470703,13.597999572753906,62238000,2015,0.4646673202514666,3.60511389604945,2.370883270331807,2,0.5766668319702148,3.912344156510879,Normal Volume
2015-02-03,14.557332992553713,14.691332817077637,14.084667205810549,14.214667320251465,72393000,2015,0.34266567230224787,3.5175838502893297,2.190827679530502,2,0.6066656112670881,3.3533355799827427,Normal Volume
2015-02-04,14.56999969482422,14.76533317565918,14.453332901000977,14.552666664123535,49581000,2015,0.01733303070068537,0.08701251992371262,2.189245991779021,2,0.3120002746582031,1.4613576772147747,Normal Volume
2015-02-05,14.732666969299316,15.031999588012695,14.642666816711426,14.658666610717772,52843500,2015,0.07400035858154475,1.1164535201251935,2.181138561780432,2,0.38933277130126953,2.5468413138065302,Normal Volume
2015-02-06,14.490667343139648,14.893333435058594,14.43333339691162,14.800000190734863,48658500,2015,-0.30933284759521484,-1.6426056915829212,2.1979302829947187,2,0.46000003814697443,0.6306300210871565,Normal Volume
2015-02-09,14.498666763305664,14.528667449951172,14.13266658782959,14.358667373657228,52086000,2015,0.13999938964843572,0.055203945936987964,2.194945361018397,2,0.39600086212158203,1.1839544149189636,Normal Volume
2015-02-10,14.419333457946776,14.699999809265137,14.333333015441896,14.50333309173584,80857500,2015,-0.08399963378906428,-0.5471765552931496,2.1427396755434436,2,0.3666667938232404,1.3560104859024422,Normal Volume
2015-02-11,14.186667442321776,14.315999984741213,13.8186674118042,14.147333145141602,146536500,2015,0.039334297180174005,-1.6135698387415576,2.1549593508421623,2,0.4973325729370135,1.1922164967008908,High Volume
2015-02-12,13.525333404541016,13.53933334350586,12.885333061218262,12.904666900634766,234744000,2015,0.62066650390625,-4.661658846022309,2.2940572253380465,2,0.6540002822875977,4.918115653491801,High Volume
2015-02-13,13.584667205810549,13.732666969299316,13.394000053405762,13.526666641235352,92865000,2015,0.05800056457519709,0.43868642269189184,2.2969126430256614,2,0.3386669158935547,1.5229201216209718,Normal Volume
2015-02-17,13.623332977294922,13.713333129882812,13.43333339691162,13.713333129882812,59694000,2015,-0.09000015258789062,0.28462803614235366,2.2889121330472033,2,0.2799997329711932,0.0,Normal Volume
2015-02-18,13.630666732788086,13.744667053222656,13.506667137145996,13.611332893371582,40704000,2015,0.019333839416503906,0.05383231478952588,2.161130169017455,2,0.23799991607666016,0.9795819475990114,Normal Volume
2015-02-19,14.11400032043457,14.162667274475098,13.583333015441896,13.666666984558104,77311500,2015,0.4473333358764666,3.5459277020091884,2.2575888546573863,2,0.5793342590332013,3.6292703296086906,Normal Volume
2015-02-20,14.473999977111816,14.506667137145996,13.987333297729492,14.052000045776367,89731500,2015,0.4219999313354492,2.5506564298148016,2.3034514084848268,2,0.5193338394165039,3.2356041124999066,Normal Volume
2015-02-23,13.822667121887209,14.546667098999023,13.755332946777344,14.37733268737793,127497000,2015,-0.5546655654907209,-4.500019733692007,2.4531876312149676,2,0.7913341522216797,1.177787391466255,High Volume
2015-02-24,13.607333183288574,13.81933307647705,13.446666717529297,13.81933307647705,99054000,2015,-0.21199989318847656,-1.5578320500655662,2.4454668432547924,2,0.3726663589477539,0.0,High Volume
2015-02-25,13.583999633789062,13.809332847595217,13.505332946777344,13.662667274475098,58642500,2015,-0.07866764068603516,-0.1714777553045277,2.412176302647117,2,0.30399990081787287,1.0734768707580464,Normal Volume
2015-02-26,13.812666893005373,14.072667121887209,13.481332778930664,13.600000381469728,97093500,2015,0.21266651153564453,1.6833573717678796,2.424496927958841,2,0.5913343429565447,3.4754906408789394,High Volume
2015-02-27,13.555999755859377,13.903332710266112,13.520000457763672,13.793333053588867,58231500,2015,-0.2373332977294904,-1.8582011651636199,2.203647286503625,2,0.38333225250243963,0.797484235680249,Normal Volume
2015-03-02,13.155332565307615,13.555999755859377,13.055333137512209,13.513333320617676,118831500,2015,-0.35800075531006037,-2.955644716492256,2.2757681980314644,3,0.500666618347168,0.31573583089676033,High Volume
2015-03-03,13.303999900817873,13.349332809448242,13.021332740783691,13.120667457580566,66484500,2015,0.18333244323730646,1.1300918070464627,2.281501084854287,3,0.3280000686645508,1.74278749619222,Normal Volume
2015-03-04,13.496000289916992,13.501333236694336,13.147333145141602,13.283332824707031,63330000,2015,0.21266746520996094,1.4431779204035822,2.28938520180344,3,0.3540000915527344,1.6411574931091344,Normal Volume
2015-03-05,13.375332832336426,13.746000289916992,13.34333324432373,13.523332595825195,73155000,2015,-0.14799976348876953,-0.8940979178158281,2.2585704740165853,3,0.4026670455932617,1.6465445371101566,Normal Volume
2015-03-06,12.925333023071287,13.383333206176758,12.8100004196167,13.280667304992676,100686000,2015,-0.3553342819213885,-3.36440083328029,2.293779490346489,3,0.5733327865600586,0.7730477605254539,High Volume
2015-03-09,12.725333213806152,12.965999603271484,12.550000190734863,12.959333419799805,101050500,2015,-0.23400020599365234,-1.5473474370690687,2.308864319170184,3,0.4159994125366211,0.051439246570312146,High Volume
2015-03-10,12.687999725341797,12.899999618530272,12.506667137145996,12.564000129699709,83695500,2015,0.12399959564208807,-0.293379260386295,2.249084113285128,3,0.39333248138427557,2.674303449235905,Normal Volume
2015-03-11,12.916000366210938,13.07866668701172,12.734000205993652,12.743332862854004,74623500,2015,0.1726675033569336,1.7969786081706296,2.2798245407812967,3,0.3446664810180682,2.6314452252533806,Normal Volume
2015-03-12,12.73799991607666,12.963333129882812,12.649999618530272,12.916666984558104,62239500,2015,-0.17866706848144354,-1.3781390917263936,2.2196190292043303,3,0.31333351135254084,0.3612862774932439,Normal Volume
2015-03-13,12.57866668701172,12.783332824707031,12.48799991607666,12.596667289733888,81514500,2015,-0.01800060272216797,-1.250849663327791,2.1521754461683424,3,0.2953329086303711,1.4818644541423478,Normal Volume
2015-03-16,13.046667098999023,13.060667037963867,12.653332710266112,12.800000190734863,84432000,2015,0.24666690826416016,3.7205883869277034,2.26819088578968,3,0.4073343276977557,2.0364597136309786,Normal Volume
2015-03-17,12.982000350952148,13.247332572937012,12.929332733154297,13.028667449951172,73411500,2015,-0.04666709899902344,-0.49565722460900297,2.1576449353858256,3,0.31799983978271484,1.6783383552142115,Normal Volume
2015-03-18,13.380666732788086,13.392000198364258,12.87399959564209,12.997332572937012,72313500,2015,0.3833341598510742,3.0709164308927006,2.1321867257918914,3,0.518000602722168,3.0365278661024746,Normal Volume
2015-03-19,13.043333053588867,13.63933277130127,12.968667030334473,13.466667175292969,127128000,2015,-0.42333412170410156,-2.5210528438961433,2.170440116036795,3,0.6706657409667969,1.2821702189617263,High Volume
2015-03-20,13.20533275604248,13.265999794006348,13.041333198547363,13.16333293914795,64042500,2015,0.04199981689453125,1.2420115455768377,2.173475192413295,3,0.22466659545898438,0.7799457427158564,Normal Volume
2015-03-23,13.308667182922363,13.366666793823242,13.164667129516602,13.233332633972168,39474000,2015,0.07533454895019531,0.7825204316233458,2.1684974769373317,3,0.20199966430664062,1.0075629740371161,Normal Volume
2015-03-24,13.447999954223633,13.586000442504885,13.31666660308838,13.43866729736328,54748500,2015,0.009332656860353339,1.0469325694766773,2.1809977275254413,3,0.2693338394165039,1.096337470684407,Normal Volume
2015-03-25,12.953332901000977,13.239333152770996,12.846667289733888,13.218000411987305,85956000,2015,-0.2646675109863281,-3.6783689389238594,2.26994056490953,3,0.3926658630371076,0.16139158812814763,Normal Volume
2015-03-26,12.694000244140623,12.986000061035156,12.646666526794434,12.928000450134276,61920000,2015,-0.23400020599365234,-2.0020535165919617,2.2785970023756503,3,0.33933353424072266,0.44863558850106844,Normal Volume
2015-03-27,12.333333015441896,12.619333267211914,12.09333324432373,12.604666709899902,129073500,2015,-0.27133369445800604,-2.8412417028683024,2.1818539332254723,3,0.5260000228881836,0.11635815249674453,High Volume
2015-03-30,12.704667091369627,12.81666660308838,12.119999885559082,12.390000343322754,151342500,2015,0.3146667480468732,3.01081690945022,2.260355726687979,3,0.6966667175292987,3.4436339624120085,High Volume
2015-03-31,12.584667205810549,12.917332649230955,12.560667037963867,12.902000427246094,75399000,2015,-0.3173332214355451,-0.9445338842494766,2.262440348657663,3,0.35666561126708807,0.11883600586838716,Normal Volume
2015-04-01,12.505999565124512,12.81999969482422,12.403332710266112,12.579999923706056,56919000,2015,-0.07400035858154475,-0.6251070401743664,2.262803589662826,4,0.416666984558109,1.9077883352439668,Normal Volume
2015-04-02,12.733332633972168,12.881999969482422,12.666666984558104,12.682000160217283,75156000,2015,0.05133247375488459,1.8177920738268627,2.183119583795555,4,0.21533298492431818,1.5770367981268962,Normal Volume
2015-04-06,13.539999961853027,13.850000381469728,13.166666984558104,13.199999809265137,186837000,2015,0.3400001525878906,6.335084074758979,2.4479566076226043,4,0.6833333969116246,4.924246830279144,High Volume
2015-04-07,13.550000190734863,13.670666694641112,13.40933322906494,13.500666618347168,65218500,2015,0.04933357238769531,0.07385693434276419,2.308966702282153,4,0.2613334655761719,1.2591976463067123,Normal Volume
2015-04-08,13.844667434692385,14.0600004196167,13.724666595458984,13.880000114440918,94546500,2015,-0.03533267974853338,2.17466597645517,2.3249124699437798,4,0.33533382415771484,1.296832159161921,Normal Volume
2015-04-09,14.005999565124512,14.024666786193848,13.7413330078125,13.895333290100098,57003000,2015,0.11066627502441406,1.1653015949509626,2.3326530508215106,4,0.28333377838134766,0.9307692978181046,Normal Volume
2015-04-10,14.0600004196167,14.109999656677246,13.93333339691162,13.989999771118164,61015500,2015,0.07000064849853516,0.38555516327911654,2.3147818850461905,4,0.17666625976562678,0.8577547356849666,Normal Volume
2015-04-13,13.985333442687988,14.199999809265137,13.936667442321776,14.029333114624023,56373000,2015,-0.043999671936035156,-0.5310595640134919,2.288903994665972,4,0.26333236694336115,1.216498982857654,Normal Volume
2015-04-14,13.830666542053224,13.965999603271484,13.699999809265137,13.904666900634766,45390000,2015,-0.07400035858154119,-1.1059221524362672,2.227019811949887,4,0.26599979400634766,0.44109436835138305,Normal Volume
2015-04-15,13.85533332824707,13.97266674041748,13.773332595825195,13.830666542053224,29286000,2015,0.02466678619384588,0.17834849910409734,2.2199451198885187,4,0.19933414459228516,1.0267053864142652,Normal Volume
2015-04-16,13.779999732971191,13.944666862487791,13.752667427062988,13.846667289733888,24886500,2015,-0.06666755676269709,-0.5437155028403029,2.209929124525378,4,0.1919994354248029,0.7077484473578776,Normal Volume
2015-04-17,13.78600025177002,13.791999816894531,13.56666660308838,13.666000366210938,37048500,2015,0.11999988555908203,0.04354513000803806,2.2021066746134563,4,0.22533321380615057,0.9219921506450875,Normal Volume
2015-04-20,13.684666633605955,13.856666564941406,13.59000015258789,13.785332679748535,38389500,2015,-0.1006660461425799,-0.7350472676152298,2.1088250251601366,4,0.2666664123535156,0.5174621958718832,Normal Volume
2015-04-21,13.96066665649414,14.050000190734863,13.620667457580566,13.720000267028809,51487500,2015,0.24066638946533203,2.0168560205215513,2.1067046589093157,4,0.4293327331542969,2.405247210520056,Normal Volume
2015-04-22,14.629332542419434,14.791999816894531,14.112667083740234,14.166666984558104,117945000,2015,0.4626655578613299,4.789641514821552,2.2540476567758634,4,0.6793327331542969,4.414114011560026,High Volume
2015-04-23,14.57333278656006,14.76533317565918,14.476667404174805,14.5513334274292,66168000,2015,0.02199935913086115,-0.38279091473923943,2.24591419493871,4,0.288665771484375,1.470653870294745,Normal Volume
2015-04-24,14.562000274658203,14.720000267028809,14.534000396728516,14.699999809265137,36417000,2015,-0.1379995346069336,-0.07776197845634769,2.222292285166085,4,0.18599987030029297,0.1360575375726601,Normal Volume
2015-04-27,15.436667442321776,15.916666984558104,14.800000190734863,14.837332725524902,175089000,2015,0.5993347167968732,6.006504265665535,2.415078349634577,4,1.1166667938232404,7.274449383859979,High Volume
2015-04-28,15.36533260345459,15.699999809265137,15.20199966430664,15.649999618530272,91281000,2015,-0.2846670150756818,-0.46211294720006624,2.355433236512838,4,0.4980001449584961,0.31949004443209494,Normal Volume
2015-04-29,15.49666690826416,15.664667129516602,15.175333023071287,15.33666706085205,59041500,2015,0.15999984741210938,0.854744301337429,2.3471928826993946,4,0.4893341064453143,2.1386659002450057,Normal Volume
2015-04-30,15.06999969482422,15.526000022888184,15.011333465576172,15.359333038330078,58678500,2015,-0.2893333435058576,-2.7532837607318283,2.377986998072318,4,0.5146665573120117,1.0851186320537398,Normal Volume
2015-05-01,15.0686674118042,15.451333045959473,14.694000244140623,15.329333305358888,79225500,2015,-0.2606658935546893,-0.008840630703388364,2.3140758405470376,5,0.7573328018188494,0.7958580987859075,Normal Volume
2015-05-04,15.36733341217041,15.648667335510254,15.140666961669922,15.211999893188477,66519000,2015,0.1553335189819336,1.9820332628235349,2.3260858615725115,5,0.508000373840332,2.8705459202461947,Normal Volume
2015-05-05,15.529999732971191,15.966667175292969,15.275333404541016,15.850666999816896,86953500,2015,-0.3206672668457049,1.0585201507501196,2.3276544654885774,5,0.6913337707519531,0.7318315089037732,Normal Volume
2015-05-06,15.362000465393066,15.631333351135254,15.213333129882812,15.606666564941406,79063500,2015,-0.24466609954833984,-1.081772507834955,2.3441068148475703,5,0.4180002212524414,0.15805288138377205,Normal Volume
2015-05-07,15.786666870117188,15.83199977874756,14.68333339691162,14.733332633972168,141838500,2015,1.0533342361450195,2.7643952080381284,2.2438688007972067,5,1.148666381835941,7.457017173711819,High Volume
2015-05-08,15.77400016784668,15.894000053405762,15.579999923706056,15.732666969299316,70023000,2015,0.04133319854736328,-0.0802367109835278,2.1913158985612284,5,0.31400012969970525,1.025465576950623,Normal Volume
2015-05-11,15.965999603271484,16.191999435424805,15.687333106994627,15.752667427062988,85084500,2015,0.2133321762084961,1.2171892568897835,2.084677940050322,5,0.5046663284301776,2.788937241238564,Normal Volume
2015-05-12,16.31599998474121,16.42333221435547,15.879332542419434,16.007333755493164,95451000,2015,0.3086662292480469,2.1921607801995036,2.0611129638729517,5,0.5439996719360352,2.5987991830278943,Normal Volume
2015-05-13,16.211999893188477,16.553333282470703,16.149999618530273,16.507333755493164,81603000,2015,-0.2953338623046875,-0.6374116918974937,2.052599057552156,5,0.4033336639404297,0.2786611554529922,Normal Volume
2015-05-14,16.273332595825195,16.326000213623047,16.083332061767578,16.321332931518555,43438500,2015,-0.048000335693359375,0.37831669775971744,2.035539208625318,5,0.24266815185546875,0.028596206719606075,Normal Volume
2015-05-15,16.589332580566406,16.626667022705078,16.166667938232422,16.261999130249023,67914000,2015,0.3273334503173828,1.9418271142708665,2.0375901851013234,5,0.45999908447265625,2.2424542612213907,Normal Volume
2015-05-18,16.583332061767578,16.65999984741211,16.399999618530273,16.46666717529297,50298000,2015,0.11666488647460938,-0.03617094762363715,1.7660786602520058,5,0.26000022888183594,1.1740850170896888,Normal Volume
2015-05-19,16.47599983215332,16.733333587646484,16.40999984741211,16.562000274658203,55113000,2015,-0.08600044250488281,-0.6472295749399448,1.7796493075577087,5,0.323333740234375,1.0344964988947696,Normal Volume
2015-05-20,16.290000915527344,16.516000747680664,16.091333389282227,16.475332260131836,56334000,2015,-0.1853313446044922,-1.1289082211751178,1.7854607162362646,5,0.4246673583984375,0.24684471855684867,Normal Volume
2015-05-21,16.374666213989258,16.441333770751953,16.157333374023438,16.20199966430664,29559000,2015,0.1726665496826172,0.5197378373454464,1.7817848662720135,5,0.2840003967285156,1.4771886890762673,Normal Volume
2015-05-22,16.51533317565918,16.573333740234375,16.333999633789062,16.358667373657227,33346500,2015,0.15666580200195312,0.8590523912465953,1.7824919248261006,5,0.2393341064453125,1.3122484960042105,Normal Volume
2015-05-26,16.497333526611328,16.799999237060547,16.433332443237305,16.511999130249023,52480500,2015,-0.014665603637695312,-0.10898750183484518,1.7752914616831723,5,0.3666667938232422,1.7441867852568134,Normal Volume
2015-05-27,16.495332717895508,16.633333206176758,16.3700008392334,16.567333221435547,51123000,2015,-0.07200050354003906,-0.012128073379813475,1.7508104457509939,5,0.2633323669433594,0.3983742214819295,Normal Volume
2015-05-28,16.76333236694336,16.786666870117188,16.336666107177734,16.468666076660156,54709500,2015,0.2946662902832031,1.6246998689338543,1.7585946724949708,5,0.4500007629394531,1.9309444491543286,Normal Volume
2015-05-29,16.719999313354492,16.857999801635742,16.6286678314209,16.733333587646484,56839500,2015,-0.013334274291992188,-0.2584990420778088,1.7526698765322783,5,0.22933197021484375,0.7450172037524766,Normal Volume
2015-06-01,16.6299991607666,16.773332595825195,16.49799919128418,16.76066780090332,37576500,2015,-0.13066864013671875,-0.5382784466743784,1.7629300203562885,6,0.2753334045410156,0.07556259137355152,Normal Volume
2015-06-02,16.55666732788086,16.626667022705078,16.420000076293945,16.594667434692383,32022000,2015,-0.03800010681152344,-0.44096113401344006,1.7558128320606996,6,0.2066669464111328,0.1928305471539478,Normal Volume
2015-06-03,16.599332809448242,16.71466636657715,16.46733283996582,16.546667098999023,26722500,2015,0.05266571044921875,0.25769365731915794,1.7379321416753015,6,0.24733352661132812,1.0153057807532007,Normal Volume
2015-06-04,16.39466667175293,16.6200008392334,16.380666732788086,16.5,36804000,2015,-0.10533332824707031,-1.232978096437809,1.5768325459387786,6,0.2393341064453125,0.727277813535748,Normal Volume
2015-06-05,16.609333038330078,16.64666748046875,16.3786678314209,16.399999618530273,45330000,2015,0.2093334197998047,1.3093670696398219,1.578415604300349,6,0.26799964904785156,1.5040723638783982,Normal Volume
2015-06-08,17.086000442504883,17.25,16.687332153320312,16.72333335876465,75255000,2015,0.3626670837402344,2.8698768522178453,1.6352354836425171,6,0.5626678466796875,3.149292248960206,Normal Volume
2015-06-09,17.066667556762695,17.182666778564453,16.94266700744629,17.02666664123535,39166500,2015,0.04000091552734375,-0.11315044622199899,1.2720665313496644,6,0.23999977111816406,0.9162106747970202,Normal Volume
2015-06-10,16.713333129882812,16.933332443237305,16.566667556762695,16.793333053588867,51817500,2015,-0.07999992370605469,-2.0703187995237737,1.339274009278661,6,0.3666648864746094,0.8336605318413459,Normal Volume
2015-06-11,16.76066780090332,16.95800018310547,16.69533348083496,16.884000778198242,30661500,2015,-0.12333297729492188,0.28321502750325855,1.3350121844992349,6,0.2626667022705078,0.43828122184630297,Normal Volume
2015-06-12,16.71266746520996,16.8973331451416,16.680667877197266,16.680667877197266,21334500,2015,0.03199958801269531,-0.28638677326909834,1.212726605112632,6,0.21666526794433594,1.298900436957448,Normal Volume
2015-06-15,16.691999435424805,16.75200080871582,16.400667190551758,16.64666748046875,32793000,2015,0.04533195495605469,-0.12366685227346297,1.2140869052142644,6,0.3513336181640625,0.6327592496855968,Normal Volume
2015-06-16,16.874666213989258,16.895999908447266,16.606666564941406,16.67533302307129,29770500,2015,0.19933319091796875,1.0943373157369374,1.1833344772439158,6,0.2893333435058594,1.3233132140190011,Normal Volume
2015-06-17,17.360666275024414,17.624000549316406,16.801332473754883,16.81133270263672,82693500,2015,0.5493335723876953,2.8800573289696096,1.2663994229964723,6,0.8226680755615234,4.834047728721871,Normal Volume
2015-06-18,17.459333419799805,17.56399917602539,17.334667205810547,17.46666717529297,41740500,2015,-0.0073337554931640625,0.5683373161624372,1.23620323795917,6,0.22933197021484375,0.557244262775559,Normal Volume
2015-06-19,17.500667572021484,17.586666107177734,17.34000015258789,17.49333381652832,36945000,2015,0.0073337554931640625,0.23674530537807215,1.1554542312838214,6,0.24666595458984375,0.5335306101643725,Normal Volume
2015-06-22,17.319332122802734,17.626667022705078,17.04599952697754,17.476667404174805,68416500,2015,-0.1573352813720703,-1.0361630404811084,1.1806507125161771,6,0.5806674957275391,0.8582850211730969,Normal Volume
2015-06-23,17.844667434692383,17.866666793823242,17.238000869750977,17.35466766357422,58062000,2015,0.48999977111816406,3.0332307745169373,1.2713766967033246,6,0.6286659240722656,2.9502099387570553,Normal Volume
2015-06-24,17.67799949645996,17.823333740234375,17.58133316040039,17.798667907714844,36184500,2015,-0.12066841125488281,-0.9339929636816735,1.2455125717444837,6,0.24200057983398438,0.1385824638530383,Normal Volume
2015-06-25,17.91933250427246,18.0939998626709,17.683332443237305,17.76333236694336,42738000,2015,0.15600013732910156,1.3651601690611415,1.2485833965330766,6,0.41066741943359375,1.8615172474219652,Normal Volume
2015-06-26,17.805999755859375,17.94066619873047,17.733333587646484,17.926000595092773,57576000,2015,-0.12000083923339844,-0.6324607704336294,1.2611384866151683,6,0.20733261108398438,0.08181191091620296,Normal Volume
2015-06-29,17.468000411987305,17.729999542236328,17.3799991607666,17.463333129882812,52183500,2015,0.0046672821044921875,-1.8982328906347767,1.284267643842673,6,0.35000038146972656,1.5270075326983417,Normal Volume
2015-06-30,17.884000778198242,18.06133270263672,17.600000381469727,17.65333366394043,46303500,2015,0.2306671142578125,2.381499635902573,1.3446638858444817,6,0.4613323211669922,2.311172758999554,Normal Volume
2015-07-01,17.94333267211914,18.17466735839844,17.856666564941406,18.073999404907227,31518000,2015,-0.13066673278808594,0.3317596250232091,1.333704921521993,7,0.3180007934570348,0.5569766338704337,Normal Volume
2015-07-02,18.667999267578125,18.82999992370605,18.220666885375977,18.68000030517578,107458500,2015,-0.01200103759765625,4.038639915454456,1.47038401894517,7,0.6093330383300746,0.8029958034246314,High Volume
2015-07-06,18.64800071716309,18.779333114624023,18.420000076293945,18.59199905395508,61828500,2015,0.05600166320800781,-0.1071274437521974,1.4740373792684167,7,0.3593330383300781,1.0076057992757381,Normal Volume
2015-07-07,17.858667373657227,18.34666633605957,17.384666442871094,18.333332061767575,91576500,2015,-0.474664688110348,-4.232804124569678,1.700443138239823,7,0.9619998931884766,0.0727324102736518,Normal Volume
2015-07-08,16.997333526611328,17.386667251586914,16.95400047302246,17.288000106811523,93316500,2015,-0.2906665802001953,-4.823057784907436,1.938317975733645,7,0.4326667785644531,0.570726192536958,Normal Volume
2015-07-09,17.19466781616211,17.530000686645508,17.119333267211914,17.27199935913086,50011500,2015,-0.07733154296875,1.1609720385955313,1.9474177671265482,7,0.41066741943359375,1.4937548465010555,Normal Volume
2015-07-10,17.27666664123535,17.53333282470703,17.187999725341797,17.481332778930664,39163500,2015,-0.2046661376953125,0.4768851945843755,1.9287723469827214,7,0.3453330993652344,0.29746041925956657,Normal Volume
2015-07-13,17.477333068847656,17.503332138061523,17.06999969482422,17.483333587646484,44404500,2015,-0.006000518798828125,1.1614881028806812,1.9366052703235774,7,0.4333324432373047,0.11438636867953945,Normal Volume
2015-07-14,17.709999084472656,17.732667922973633,17.367332458496094,17.47333335876465,28614000,2015,0.2366657257080078,1.3312443878506386,1.9432294563607886,7,0.36533546447753906,1.4841733908710772,Normal Volume
2015-07-15,17.542667388916016,17.832666397094727,17.472000122070312,17.78266716003418,30324000,2015,-0.23999977111816406,-0.9448430502932648,1.9513742178736793,7,0.36066627502441406,0.28116837935828953,Normal Volume
2015-07-16,17.778667449951172,17.81333351135254,17.54400062561035,17.614667892456055,24240000,2015,0.1639995574951172,1.3452917723576485,1.9623339030194749,7,0.2693328857421875,1.127841978681688,Normal Volume
2015-07-17,18.310667037963867,18.369333267211918,17.883333206176758,18.166667938232425,75061500,2015,0.14399909973144176,2.9923479333326286,2.003590792524702,7,0.4860000610351598,1.1155888887745644,Normal Volume
2015-07-20,18.817333221435547,19.11000061035156,18.16933250427246,18.333332061767575,74677500,2015,0.4840011596679723,2.7670547578698246,2.0439590392513063,7,0.940668106079098,4.236374195194189,Normal Volume
2015-07-21,17.784666061401367,18.233333587646484,17.770000457763672,18.003332138061523,91630500,2015,-0.21866607666015625,-5.487850737839029,2.2591971138203517,7,0.4633331298828125,1.2775493326521827,Normal Volume
2015-07-22,17.857999801635742,17.96266746520996,17.390666961669922,17.417999267578125,46575000,2015,0.4400005340576172,0.4123425201304931,2.2590545869979826,7,0.5720005035400391,3.127042258209768,Normal Volume
2015-07-23,17.81333351135254,17.99333381652832,17.684667587280273,17.976667404174805,33408000,2015,-0.16333389282226562,-0.25011922264167596,2.2207582086889803,7,0.3086662292480469,0.09271135733225562,Normal Volume
2015-07-24,17.694000244140625,18.07266616821289,17.594667434692383,17.825332641601562,42547500,2015,-0.1313323974609375,-0.6699098017553085,2.226880640574337,7,0.4779987335205078,1.3875394730872512,Normal Volume
2015-07-27,16.867332458496094,17.6286678314209,16.71933364868164,17.495332717895508,70413000,2015,-0.6280002593994141,-4.672023139133175,2.3976563179355526,7,0.9093341827392578,0.7621181927509484,Normal Volume
2015-07-28,17.654666900634766,17.69333267211914,16.78933334350586,17.049999237060547,58437000,2015,0.6046676635742188,4.667806507496031,2.5404176062282455,7,0.9039993286132812,3.7732167967504595,Normal Volume
2015-07-29,17.58799934387207,17.859333038330078,17.46666717529297,17.618000030517578,41851500,2015,-0.030000686645507812,-0.3776200204621105,2.5371320455366626,7,0.3926658630371094,1.3698093279286374,Normal Volume
2015-07-30,17.785999298095703,17.79599952697754,17.474000930786133,17.512666702270508,30519000,2015,0.2733325958251953,1.1257673505236987,2.492325000134959,7,0.32199859619140625,1.6178736769443418,Normal Volume
2015-07-31,17.74333381652832,17.957332611083984,17.674667358398438,17.84000015258789,33339000,2015,-0.09666633605957031,-0.23988239767867015,2.4915791986697102,7,0.2826652526855469,0.657693147379673,Normal Volume
2015-08-03,17.332666397094727,17.78066635131836,17.13800048828125,17.752666473388672,38302500,2015,-0.4200000762939453,-2.3144884928617437,2.5294395028508223,8,0.6426658630371094,0.15772209753199298,Normal Volume
2015-08-04,17.75200080871582,17.781333923339844,17.222667694091797,17.333999633789062,35287500,2015,0.4180011749267578,2.419330078904558,2.5591759972765233,8,0.5586662292480469,2.580675545179978,Normal Volume
2015-08-05,18.0086669921875,18.06666755676269,17.360000610351562,17.57200050354004,93214500,2015,0.43666648864746094,1.4458436896063187,2.512730730046186,8,0.7066669464111293,2.8150867234666737,Normal Volume
2015-08-06,16.408666610717773,17.0,15.7413330078125,16.63599967956543,219357000,2015,-0.22733306884765625,-8.884613070827719,2.994433576585957,8,1.2586669921875,2.188027936076991,High Volume
2015-08-07,16.167333602905273,16.248666763305664,15.892666816711426,16.238666534423828,76101000,2015,-0.07133293151855469,-1.4707655017798138,2.987954425803505,8,0.3559999465942383,0.06158282061299044,Normal Volume
2015-08-10,16.076000213623047,16.197999954223633,15.736666679382324,15.876667022705078,62788500,2015,0.19933319091796875,-0.5649254943673188,2.9877193754596134,8,0.4613332748413086,2.0239319188279215,Normal Volume
2015-08-11,15.824666976928713,15.953332901000977,15.629332542419434,15.8100004196167,63973500,2015,0.014666557312013495,-1.5634065274604203,2.9821478999102515,8,0.32400035858154297,0.906593786085126,Normal Volume
2015-08-12,15.878000259399414,15.98466682434082,15.515999794006348,15.666666984558104,55920000,2015,0.21133327484131037,0.33702625495031224,2.9422077293198696,8,0.46866703033447266,2.029786170192767,Normal Volume
2015-08-13,16.167333602905273,16.43199920654297,15.941332817077637,15.990667343139648,70338000,2015,0.176666259765625,1.8222278547613824,2.9666516471765942,8,0.49066638946533203,2.7599339910767484,Normal Volume
2015-08-14,16.209999084472656,16.528667449951172,16.118000030517578,16.482667922973633,65472000,2015,-0.27266883850097656,0.26389930841606013,2.854058892872859,8,0.41066741943359375,0.2790781637566372,Normal Volume
2015-08-17,16.999332427978516,17.106000900268555,16.700666427612305,17.03733253479004,107650500,2015,-0.03800010681152344,4.869422505161958,3.013586211583475,8,0.40533447265625,0.4030464589353739,High Volume
2015-08-18,17.381332397460938,17.39666748046875,16.90399932861328,17.025333404541016,62925000,2015,0.3559989929199219,2.2471468870960187,2.9508290282567873,8,0.49266815185546875,2.1810678657763716,Normal Volume
2015-08-19,17.016666412353516,17.376667022705078,17.001333236694336,17.35533332824707,54064500,2015,-0.3386669158935547,-2.098032399177252,2.8385534986460894,8,0.3753337860107422,0.12292298888483848,Normal Volume
2015-08-20,16.14533233642578,16.970666885375977,16.126667022705078,16.804000854492188,73587000,2015,-0.6586685180664062,-5.120474567775368,2.9813671911759463,8,0.8439998626708984,0.9918235087403872,Normal Volume
2015-08-21,15.38466739654541,16.253332138061523,15.36733341217041,15.733332633972168,98853000,2015,-0.3486652374267578,-4.711361302636186,3.091254842137509,8,0.8859987258911133,3.3050817407022053,High Volume
2015-08-24,14.591333389282228,15.42666721343994,13.0,13.519332885742188,143724000,2015,1.0720005035400408,-5.156653613722728,3.1988730101492897,8,2.4266672134399396,14.108198561404405,High Volume
2015-08-25,14.66866683959961,15.393333435058594,14.607999801635742,15.368000030517578,64909500,2015,-0.6993331909179688,0.5299957738899019,3.1859488635592186,8,0.7853336334228516,0.16484516196452936,Normal Volume
2015-08-26,14.989333152770996,15.199999809265137,14.36733341217041,15.195332527160645,74445000,2015,-0.20599937438964844,2.1860631008791875,3.224498547664402,8,0.8326663970947266,0.03071523506412072,Normal Volume
2015-08-27,16.19933319091797,16.316667556762695,15.387332916259766,15.399999618530272,114840000,2015,0.7993335723876971,8.072407396744573,3.570549947598385,8,0.9293346405029297,5.95238935674667,High Volume
2015-08-28,16.565332412719727,16.76333236694336,16.10466766357422,16.124000549316406,82705500,2015,0.4413318634033203,2.2593474526899193,3.5500646754776493,8,0.6586647033691406,3.965094243649466,Normal Volume
2015-08-31,16.604000091552734,16.996667861938477,16.367332458496094,16.374666213989258,70503000,2015,0.22933387756347656,0.23342531178738302,3.50512945445898,8,0.6293354034423828,3.798560775656167,Normal Volume
2015-09-01,15.908666610717772,16.399999618530273,15.79800033569336,16.022666931152344,81822000,2015,-0.11400032043457209,-4.187746789935954,3.447052536952131,9,0.6019992828369141,2.3549930170756666,Normal Volume
2015-09-02,16.512666702270508,16.525333404541016,15.985333442687988,16.35333251953125,69438000,2015,0.1593341827392578,3.79667326201818,3.5260824242858897,9,0.5399999618530273,1.0517788029096826,Normal Volume
2015-09-03,16.3713321685791,16.80533218383789,16.333332061767578,16.804000854492188,62922000,2015,-0.43266868591308594,-0.8559158628931418,3.5281122898125936,9,0.4720001220703125,0.007922692680340009,Normal Volume
2015-09-04,16.1286678314209,16.272666931152344,15.880000114440918,16.05933380126953,55338000,2015,0.06933403015136719,-1.4822516253377382,3.5347923799349297,9,0.3926668167114258,1.3284058512187347,Normal Volume
2015-09-08,16.544666290283203,16.610666275024414,16.270000457763672,16.336666107177734,47073000,2015,0.20800018310546875,2.57924872165749,3.4691188010207203,9,0.3406658172607422,1.6772098177748398,Normal Volume
2015-09-09,16.5939998626709,16.950000762939453,16.553333282470703,16.803333282470703,50862000,2015,-0.2093334197998047,0.2981841490309778,3.3560165365936743,9,0.39666748046875,0.8728475356836136,Normal Volume
2015-09-10,16.565332412719727,16.71466636657715,16.35533332824707,16.48200035095215,40635000,2015,0.08333206176757812,-0.1727579256865064,3.3557487796564653,9,0.3593330383300781,1.4116370020072175,Normal Volume
2015-09-11,16.682666778564453,16.682666778564453,16.315332412719727,16.50933265686035,35262000,2015,0.17333412170410156,0.7083127758706009,3.3511618405282344,9,0.36733436584472656,1.0499159796872446,Normal Volume
2015-09-14,16.87933349609375,16.950000762939453,16.64466667175293,16.739999771118164,43363500,2015,0.13933372497558594,1.1788685834209334,3.3599727773178354,9,0.30533409118652344,1.2544862287489855,Normal Volume
2015-09-15,16.904666900634766,16.97333335876465,16.633333206176758,16.850000381469727,44002500,2015,0.05466651916503906,0.15008533688181114,3.3342755454998447,9,0.3400001525878906,0.7319464362182065,Normal Volume
2015-09-16,17.483333587646484,17.525333404541016,16.858667373657227,16.869333267211914,66256500,2015,0.6140003204345703,3.423117949694654,3.364591045746222,9,0.6666660308837891,3.8887140762352264,Normal Volume
2015-09-17,17.471332550048828,17.700000762939453,17.37933349609375,17.597333908081055,53787000,2015,-0.12600135803222656,-0.0686427307326376,3.3535615318171734,9,0.3206672668457031,0.5834227809432639,Normal Volume
2015-09-18,17.374666213989258,17.58799934387207,17.166667938232422,17.19733238220215,56446500,2015,0.17733383178710938,-0.5532854221774852,2.9123316513583823,9,0.42133140563964844,2.2716718674009617,Normal Volume
2015-09-21,17.613332748413086,18.10466766357422,17.053333282470703,17.59866714477539,91803000,2015,0.014665603637695312,1.37364673073066,2.9012773231077995,9,1.0513343811035156,2.8752206893636667,Normal Volume
2015-09-22,17.395999908447266,17.510000228881836,17.058000564575195,17.268667221069336,54966000,2015,0.1273326873779297,-1.2339109416155347,2.910919735434119,9,0.4519996643066406,1.3975195926993829,Normal Volume
2015-09-23,17.40399932861328,17.472000122070312,17.172000885009766,17.463333129882812,39012000,2015,-0.05933380126953125,0.0459842504490382,2.890070304384444,9,0.2999992370605469,0.04962965616609158,Normal Volume
2015-09-24,17.541332244873047,17.56333351135254,17.08066749572754,17.302000045776367,51723000,2015,0.2393321990966797,0.7890882645230857,2.891136568424792,9,0.482666015625,1.510423447490203,Normal Volume
2015-09-25,17.12733268737793,17.79400062561035,17.07666778564453,17.77400016784668,56601000,2015,-0.64666748046875,-2.360137483948066,2.919536285707925,9,0.7173328399658203,0.11252648573646847,Normal Volume
2015-09-28,16.562000274658203,17.319332122802734,16.44066619873047,17.156667709350586,73516500,2015,-0.5946674346923828,-3.300761554870424,2.9899446092357733,9,0.8786659240722656,0.9481119306372904,Normal Volume
2015-09-29,16.44333267211914,16.98200035095215,16.36400032043457,16.69733238220215,55548000,2015,-0.2539997100830078,-0.716505256437161,2.854494407332634,9,0.6180000305175781,1.7048709472504147,Normal Volume
2015-09-30,16.559999465942383,16.82666778564453,16.1560001373291,16.799999237060547,73944000,2015,-0.23999977111816406,0.7095082009808129,2.8250777339411273,9,0.6706676483154297,0.15874136782788628,Normal Volume
2015-10-01,15.991999626159668,16.566667556762695,15.808667182922363,16.500667572021484,68595000,2015,-0.5086679458618164,-3.429950833940998,2.8673392044709916,10,0.758000373840332,0.39998372461681764,Normal Volume
2015-10-02,16.504667282104492,16.51333236694336,15.661999702453612,15.706666946411133,66360000,2015,0.7980003356933594,3.2057758124643954,2.7727663638732647,10,0.8513326644897479,5.135815404276743,Normal Volume
2015-10-05,16.40999984741211,16.6560001373291,16.275333404541016,16.589332580566406,55348500,2015,-0.17933273315429688,-0.5735797824596434,2.623547854328684,10,0.38066673278808594,0.4018700356926541,Normal Volume
2015-10-06,16.097333908081055,16.20199966430664,15.70533275604248,16.0,78378000,2015,0.09733390808105469,-1.905337856419076,2.4542690266638747,10,0.49666690826416016,1.262497901916504,Normal Volume
2015-10-07,15.46399974822998,15.846667289733888,15.274666786193848,15.775333404541016,102210000,2015,-0.31133365631103516,-3.934404066335062,2.5757371041220876,10,0.5720005035400408,0.4521862287382086,High Volume
2015-10-08,15.114666938781738,15.381333351135254,14.753999710083008,15.338666915893556,91998000,2015,-0.22399997711181818,-2.2590068231747584,2.585845952743517,10,0.6273336410522461,0.2781626035407778,Normal Volume
2015-10-09,14.71266746520996,14.958000183105469,14.557332992553713,14.728667259216309,92376000,2015,-0.015999794006349433,-2.659664782558424,2.1436555195578064,10,0.40066719055175604,1.5570514280282726,Normal Volume
2015-10-12,14.371999740600586,14.866666793823242,14.351332664489746,14.866000175476074,57544500,2015,-0.4940004348754883,-2.3154721971044845,2.1180200201996127,10,0.5153341293334961,0.004484180945104965,Normal Volume
2015-10-13,14.616666793823242,14.834667205810549,14.075332641601562,14.218667030334473,77572500,2015,0.39799976348876953,1.7023869860745666,2.151100214903263,10,0.7593345642089862,4.332334206588319,Normal Volume
2015-10-14,14.458666801452637,14.729999542236328,14.362000465393066,14.711333274841309,46566000,2015,-0.2526664733886719,-1.0809577491181055,2.0341456462356504,10,0.3679990768432617,0.12688358727445717,Normal Volume
2015-10-15,14.753999710083008,14.781999588012695,14.24666690826416,14.428667068481444,42663000,2015,0.3253326416015643,2.0426012486898237,1.9351915042472003,10,0.5353326797485352,2.4488230122315695,Normal Volume
2015-10-16,15.133999824523926,15.36533260345459,14.857999801635742,14.869333267211914,65017500,2015,0.2646665573120117,2.5755735523108614,2.0048159395963223,10,0.5073328018188477,3.3357200846146515,Normal Volume
2015-10-19,15.206666946411133,15.40999984741211,14.996000289916992,15.100000381469728,37618500,2015,0.10666656494140447,0.48015807274857103,1.9949487650874682,10,0.4139995574951172,2.0529765437807748,Normal Volume
2015-10-20,14.20199966430664,15.239999771118164,13.466667175292969,15.1813325881958,223500000,2015,-0.9793329238891602,-6.606755350432659,2.246467635091178,10,1.7733325958251953,0.38644290665221165,High Volume
2015-10-21,14.005999565124512,14.320667266845703,13.920000076293944,14.13266658782959,62272500,2015,-0.12666702270507812,-1.3800880426347861,2.247241694159115,10,0.4006671905517596,1.330256238960671,Normal Volume
2015-10-22,14.114666938781738,14.383333206176758,13.960000038146973,14.104000091552734,42378000,2015,0.010666847229003906,0.7758630374929743,2.259212948672952,10,0.42333316802978516,1.980524055663638,Normal Volume
2015-10-23,13.939332962036133,14.356666564941406,13.845999717712402,14.333333015441896,63532500,2015,-0.3940000534057635,-1.242211222596079,2.2510764442266775,10,0.5106668472290039,0.162792209421017,Normal Volume
2015-10-26,14.350666999816896,14.392000198364258,14.0,14.092000007629396,50871000,2015,0.2586669921875,2.950887527409196,2.320779325681818,10,0.3920001983642578,2.1288687948654674,Normal Volume
2015-10-27,14.023332595825195,14.473333358764648,13.833999633789062,14.322667121887209,52791000,2015,-0.2993345260620135,-2.2809699646425985,2.339190448531783,10,0.6393337249755859,1.051942599763411,Normal Volume
2015-10-28,14.197333335876465,14.229999542236328,13.886667251586914,14.087332725524902,40929000,2015,0.1100006103515625,1.2407945034625278,2.241858865309554,10,0.34333229064941406,1.0127312209565913,Normal Volume
2015-10-29,14.108667373657228,14.25,14.042667388916016,14.116666793823242,27075000,2015,-0.007999420166013849,-0.6245254663083677,2.239038430217196,10,0.20733261108398438,0.9445091261564511,Normal Volume
2015-10-30,13.795332908630373,14.108667373657228,13.592666625976562,14.026666641235352,66583500,2015,-0.2313337326049787,-2.2208650663342766,2.2562758625506176,10,0.5160007476806658,0.5846059831550602,Normal Volume
2015-11-02,14.252667427062988,14.386667251586914,13.814666748046877,13.928000450134276,58918500,2015,0.3246669769287127,3.3151394131743395,2.3451189151263456,11,0.5720005035400373,3.293127416923774,Normal Volume
2015-11-03,13.890000343322754,14.29599952697754,13.850000381469728,14.256667137145996,124987500,2015,-0.3666667938232422,-2.5445558566223325,2.3679605993168744,11,0.4459991455078125,0.2758876913739784,High Volume
2015-11-04,15.44200038909912,15.515999794006348,15.013333320617676,15.133333206176758,190896000,2015,0.3086671829223615,11.173506172895431,3.2128659752219724,11,0.5026664733886719,2.5286338615302695,High Volume
2015-11-05,15.451333045959473,15.638667106628418,15.279333114624023,15.371999740600586,67452000,2015,0.07933330535888672,0.060436838655575364,3.2067128101675473,11,0.35933399200439453,1.7347604119684514,Normal Volume
2015-11-06,15.490667343139648,15.557332992553713,15.300000190734863,15.380000114440918,36679500,2015,0.11066722869873047,0.25456895572166793,3.1863216754359054,11,0.25733280181884943,1.153009602036931,Normal Volume
2015-11-09,15.022000312805176,15.53266716003418,14.95400047302246,15.53266716003418,57763500,2015,-0.5106668472290039,-3.0254799225420848,3.1777259280756147,11,0.5786666870117205,0.0,Normal Volume
2015-11-10,14.43333339691162,14.91333293914795,14.405332565307615,14.898667335510254,69255000,2015,-0.4653339385986346,-3.9186985996249812,3.2460408478144056,11,0.5080003738403338,0.09843567419443318,Normal Volume
2015-11-11,14.60533332824707,14.631999969482422,14.241999626159668,14.517999649047852,50217000,2015,0.08733367919921875,1.1916854312549408,3.252827834009543,11,0.3900003433227539,0.785234351772745,Normal Volume
2015-11-12,14.196000099182127,14.600000381469728,14.177332878112791,14.523332595825195,43738500,2015,-0.3273324966430682,-2.8026284636262444,3.234428196750823,11,0.42266750335693715,0.5278938916992892,Normal Volume
2015-11-13,13.812666893005373,14.199333190917969,13.767999649047852,14.196666717529297,51454500,2015,-0.383999824523924,-2.7002902472425205,3.1901731111363576,11,0.4313335418701172,0.018782390554956497,Normal Volume
2015-11-16,14.28733253479004,14.33199977874756,13.720000267028809,13.739333152770996,43881000,2015,0.5479993820190447,3.43645181239427,3.2718436836329894,11,0.6119995117187518,4.313649137018221,Normal Volume
2015-11-17,14.266667366027832,14.399999618530272,14.09333324432373,14.346667289733888,32230500,2015,-0.07999992370605646,-0.14463979691022866,3.2598663776165893,11,0.3066663742065412,0.3717401938675084,Normal Volume
2015-11-18,14.73799991607666,14.7586669921875,14.16800022125244,14.300000190734863,42178500,2015,0.4379997253417969,3.3037326654939525,3.25338260279478,11,0.5906667709350604,3.2074601072370075,Normal Volume
2015-11-19,14.786666870117188,15.079333305358888,14.686667442321776,14.702667236328123,37566000,2015,0.08399963378906428,0.33021410176179433,3.2286597177245393,11,0.3926658630371129,2.561889369978251,Normal Volume
2015-11-20,14.667332649230955,15.0,14.238666534423828,14.899333000183104,66010500,2015,-0.23200035095214844,-0.8070393546729449,3.194037076726448,11,0.7613334655761719,0.6756476938642768,Normal Volume
2015-11-23,14.516667366027832,14.612000465393066,14.312000274658203,14.489999771118164,37893000,2015,0.02666759490966797,-1.0272166508136227,3.169874079481424,11,0.3000001907348633,0.8419647771014961,Normal Volume
2015-11-24,14.550000190734863,14.733332633972168,14.333333015441896,14.357999801635742,37204500,2015,0.1920003890991211,0.22961761034103745,3.1552668156173227,11,0.39999961853027166,2.614102503982942,Normal Volume
2015-11-25,15.309332847595217,15.388667106628418,14.69200038909912,14.755999565124512,59862000,2015,0.5533332824707049,5.21878107839393,3.285595911884761,11,0.6966667175292987,4.287527515243375,Normal Volume
2015-11-27,15.440667152404783,15.483332633972168,15.133999824523926,15.404000282287598,29241000,2015,0.036666870117185724,0.8578708564050741,3.2702891896880897,11,0.3493328094482422,0.5150113621835699,Normal Volume
2015-11-30,15.350666999816896,15.618666648864746,15.272000312805176,15.452667236328123,39897000,2015,-0.10200023651122692,-0.5828773569144019,3.241969208292011,11,0.3466663360595703,1.0742444006454113,Normal Volume
2015-12-01,15.812666893005373,15.866666793823242,15.403332710266112,15.404000282287598,56010000,2015,0.4086666107177752,3.009640513952827,3.2848860187500817,12,0.4633340835571307,3.0035477996429605,Normal Volume
2015-12-02,15.465999603271484,15.90666675567627,15.415332794189451,15.800000190734863,44722500,2015,-0.3340005874633789,-2.1923391675773174,3.061610517861642,12,0.4913339614868182,0.6751048332515568,Normal Volume
2015-12-03,15.513999938964844,15.829999923706056,15.333333015441896,15.6986665725708,44094000,2015,-0.18466663360595703,0.3103603835810542,3.044588973211778,12,0.49666690826416016,0.836589213027337,Normal Volume
2015-12-04,15.358667373657228,15.5513334274292,15.177332878112791,15.497332572937012,38604000,2015,-0.13866519927978338,-1.0012412396462889,3.0539922559866777,12,0.374000549316408,0.3484525755515448,Normal Volume
2015-12-07,15.408666610717772,15.708666801452637,15.076666831970217,15.18000030517578,47163000,2015,0.2286663055419922,0.3255441103327872,3.0396189657966306,12,0.6319999694824201,3.482651420610333,Normal Volume
2015-12-08,15.114666938781738,15.25333309173584,14.946666717529297,15.16800022125244,40314000,2015,-0.05333328247070135,-1.9080150110557748,3.02721580689507,12,0.30666637420654297,0.562584844664211,Normal Volume
2015-12-09,14.968000411987305,15.166666984558104,14.714667320251465,15.113332748413086,45867000,2015,-0.14533233642578125,-0.9703589724369799,2.999267887812291,12,0.45199966430663885,0.3528952682565525,Normal Volume
2015-12-10,15.137999534606934,15.232666969299316,14.90933322906494,14.980667114257812,31075500,2015,0.1573324203491211,1.1357503870956798,2.9981439895086295,12,0.3233337402343768,1.682167109912373,Normal Volume
2015-12-11,14.468000411987305,15.050000190734863,14.442667007446287,15.015999794006348,49030500,2015,-0.547999382019043,-4.425942285755435,3.1147112622845583,12,0.607333183288576,0.22642779165518448,Normal Volume
2015-12-14,14.571999549865724,14.727999687194824,14.324666976928713,14.500666618347168,42406500,2015,0.07133293151855646,0.7188217785247808,3.0843159900265134,12,0.4033327102661115,1.5677421930383528,Normal Volume
2015-12-15,14.739333152770996,14.814666748046877,14.533332824707031,14.788000106811523,33666000,2015,-0.048666954040527344,1.1483228662796163,3.034482494713247,12,0.2813339233398455,0.18032621749218394,Normal Volume
2015-12-16,15.633999824523926,15.658666610717772,14.715332984924316,14.80666732788086,76564500,2015,0.8273324966430664,6.069926383234869,3.1745608325515056,12,0.9433336257934553,5.754159690159332,Normal Volume
2015-12-17,15.559332847595217,15.850666999816896,15.320667266845703,15.595999717712402,49479000,2015,-0.036666870117185724,-0.4775935638145823,2.445399078900667,12,0.5299997329711932,1.6329012997818149,Normal Volume
2015-12-18,15.36400032043457,15.726667404174805,15.28600025177002,15.526000022888184,45213000,2015,-0.16199970245361328,-1.2554042584855152,2.457050905024996,12,0.44066715240478516,1.2924602665902385,Normal Volume
2015-12-21,15.503999710083008,15.722000122070312,15.405332565307615,15.446000099182127,29298000,2015,0.05799961090088068,0.9112170445755297,2.4622236510519944,12,0.3166675567626971,1.7868705238633251,Normal Volume
2015-12-22,15.329999923706056,15.770000457763672,15.308667182922363,15.666000366210938,29422500,2015,-0.33600044250488104,-1.1222896648004355,2.4045754462636517,12,0.4613332748413086,0.6638586053977502,Normal Volume
2015-12-23,15.313332557678224,15.563332557678224,15.208666801452637,15.478667259216309,23325000,2015,-0.16533470153808416,-0.10872384938539481,2.2827878189952995,12,0.3546657562255877,0.5469805445394818,Normal Volume
2015-12-24,15.371333122253418,15.458666801452637,15.218667030334473,15.370667457580566,10620000,2015,0.0006656646728515625,0.3787586036986479,2.275698877705935,12,0.23999977111816406,0.5725147858082795,Normal Volume
2015-12-28,15.263333320617676,15.465332984924316,15.03600025177002,15.432666778564451,28519500,2015,-0.16933345794677557,-0.7026053028503343,2.2117015937353246,12,0.4293327331542969,0.21166922624959103,Normal Volume
2015-12-29,15.812666893005373,15.847999572753906,15.303333282470703,15.337332725524902,36094500,2015,0.4753341674804705,3.5990406607032455,2.2194571754031687,12,0.5446662902832031,3.3295675093436228,Normal Volume
2015-12-30,15.87266731262207,16.242000579833984,15.711333274841309,15.773332595825195,55468500,2015,0.099334716796875,0.3794452891639599,2.147835486785519,12,0.5306673049926758,2.971268000351642,Normal Volume
2015-12-31,16.000667572021484,16.229999542236328,15.891332626342772,15.900667190551758,40725000,2015,0.10000038146972656,0.8064193426244648,2.146944821236359,12,0.33866691589355646,2.0711857416917763,Normal Volume
2016-01-04,14.894000053405762,15.425333023071287,14.600000381469728,15.381333351135254,102406500,2016,-0.4873332977294922,-6.916383417344562,2.4592635535291354,1,0.825332641601559,0.28605889315041655,High Volume
2016-01-05,14.895333290100098,15.12600040435791,14.666666984558104,15.09066677093506,47802000,2016,-0.1953334808349627,0.008951501876963697,2.4587655314268204,1,0.45933341979980646,0.23414229443395507,Normal Volume
2016-01-06,14.602666854858398,14.670000076293944,14.398667335510254,14.666666984558104,56686500,2016,-0.06400012969970525,-1.9648196488239345,2.4817203040556275,1,0.27133274078368963,0.022725624979070644,Normal Volume
2016-01-07,14.376667022705078,14.562666893005373,14.244667053222656,14.279333114624023,53314500,2016,0.09733390808105469,-1.5476613580219345,2.4910591349381823,1,0.3179998397827166,1.9842227652156683,Normal Volume
2016-01-08,14.06666660308838,14.696000099182127,14.0513334274292,14.52400016784668,54421500,2016,-0.457333564758299,-2.1562746019443413,2.5213034204938887,1,0.6446666717529279,1.184246277524989,Normal Volume
2016-01-11,13.856666564941406,14.296667098999023,13.533332824707031,14.267333030700684,61371000,2016,-0.41066646575927734,-1.4928912731952293,2.3248712843151664,1,0.7633342742919922,0.205603025002769,Normal Volume
2016-01-12,13.998000144958496,14.249333381652832,13.687333106994627,14.106666564941406,46378500,2016,-0.10866641998291016,1.019968109607805,2.327854792215256,1,0.5620002746582049,1.01134322594672,Normal Volume
2016-01-13,13.354000091552734,14.17666721343994,13.333333015441896,14.133999824523926,61896000,2016,-0.7799997329711914,-4.600657570629507,2.456693945860372,1,0.8433341979980433,0.30187766694309415,Normal Volume
2016-01-14,13.745332717895508,14.0,12.892000198364258,13.480667114257812,97360500,2016,0.2646656036376953,2.930452476111012,2.4529059132272004,1,1.1079998016357422,3.8524271932574883,High Volume
2016-01-15,13.666000366210938,13.67133331298828,13.149999618530272,13.264666557312012,83679000,2016,0.4013338088989258,-0.5771584676250496,2.430666793803854,1,0.5213336944580078,3.065789508686118,Normal Volume
2016-01-19,13.64799976348877,14.031332969665527,13.385333061218262,13.913999557495115,60580500,2016,-0.2659997940063459,-0.13171814898143008,2.4276575658016144,1,0.6459999084472656,0.8432759515735893,Normal Volume
2016-01-20,13.24666690826416,13.41866683959961,12.75,13.293333053588867,87579000,2016,-0.04666614532470703,-2.940598345394596,2.4697432356504496,1,0.6686668395996094,0.9428319105937484,Normal Volume
2016-01-21,13.33133316040039,13.548666954040527,13.001333236694336,13.436667442321776,47493000,2016,-0.10533428192138494,0.6391513633018819,2.473852806599735,1,0.5473337173461914,0.833536382436499,Normal Volume
2016-01-22,13.50333309173584,13.699999809265137,13.268667221069336,13.653332710266112,46861500,2016,-0.14999961853027166,1.2901930307042342,2.477841587236857,1,0.4313325881958008,0.3418000570947461,Normal Volume
2016-01-25,13.092000007629396,13.571332931518556,13.058667182922363,13.337332725524902,40480500,2016,-0.24533271789550604,-3.046159650450919,2.5244472379972454,1,0.5126657485961932,1.754475282346567,Normal Volume
2016-01-26,12.904000282287598,13.187999725341797,12.592000007629396,13.113332748413086,74463000,2016,-0.20933246612548828,-1.43598934641187,2.5136363446304912,1,0.5959997177124006,0.569397409195971,Normal Volume
2016-01-27,12.538000106811523,12.883999824523926,12.38466739654541,12.825332641601562,54258000,2016,-0.28733253479003906,-2.8363311180212625,2.4438105306276308,1,0.4993324279785156,0.4574320570217758,Normal Volume
2016-01-28,12.646666526794434,12.751999855041504,12.160667419433594,12.719332695007324,68892000,2016,-0.07266616821289062,0.866696594809202,2.4463910248537037,1,0.5913324356079102,0.2568307694868491,Normal Volume
2016-01-29,12.74666690826416,12.916000366210938,12.538666725158691,12.66333293914795,42784500,2016,0.08333396911621094,0.7907252180474389,2.439234984792292,1,0.3773336410522461,1.9952679778471416,Normal Volume
2016-02-01,13.129332542419434,13.3013334274292,12.18333339691162,12.583999633789062,79464000,2016,0.5453329086303711,3.002083893062091,2.2098124219399,2,1.11800003051758,5.700364069576394,Normal Volume
2016-02-02,12.185333251953123,12.874667167663574,12.01533317565918,12.82800006866455,86604000,2016,-0.6426668167114276,-7.190002137704655,2.5196624578493916,2,0.8593339920043945,0.363790916348831,Normal Volume
2016-02-03,11.565333366394045,12.262666702270508,11.345333099365234,12.239333152770996,118971000,2016,-0.6739997863769513,-5.088083130264021,2.638936150706336,2,0.9173336029052734,0.19064396081275867,High Volume
2016-02-04,11.68866729736328,11.732000350952148,11.13266658782959,11.380000114440918,65781000,2016,0.3086671829223615,1.0664105137480284,2.642774341598479,2,0.5993337631225586,3.0931479171476592,Normal Volume
2016-02-05,10.84000015258789,11.533332824707031,10.515999794006348,11.420000076293944,141564000,2016,-0.5799999237060529,-7.260598006471019,2.88672649256077,2,1.0173330307006836,0.9924058463742745,High Volume
2016-02-08,9.866000175476074,10.476667404174805,9.733332633972168,10.473333358764648,139695000,2016,-0.6073331832885742,-8.985239514773324,3.2168802829470504,2,0.7433347702026367,0.03183366074532653,High Volume
2016-02-09,9.883333206176758,10.652667045593262,9.403332710266112,9.48799991607666,129774000,2016,0.39533329010009766,0.17568447590106118,3.2132129382734322,2,1.2493343353271502,12.275159568068354,High Volume
2016-02-10,9.57800006866455,10.33133316040039,9.449333190917969,10.033332824707031,156097500,2016,-0.45533275604248047,-3.089374112383303,3.2246235382525743,2,0.8819999694824219,2.9701031641204514,High Volume
2016-02-11,10.031332969665527,10.883999824523926,9.800000190734863,10.133333206176758,213786000,2016,-0.10200023651123047,4.733064290572564,3.2922682877738345,2,1.0839996337890625,7.407894352961771,High Volume
2016-02-12,10.06933307647705,10.46733283996582,9.579999923706056,10.333333015441896,108537000,2016,-0.2639999389648455,0.37881413094784655,3.2922561847511633,2,0.8873329162597638,1.296772535286318,High Volume
2016-02-16,10.344667434692385,10.863332748413086,10.27400016784668,10.579999923706056,83907000,2016,-0.23533248901367188,2.734385248001603,3.356054331187141,2,0.5893325805664062,2.678004033555618,Normal Volume
2016-02-17,11.245332717895508,11.28933334350586,10.445332527160645,10.600000381469728,87378000,2016,0.6453323364257795,8.706565860035354,3.6663142223525553,2,0.8440008163452148,6.5031409172511045,Normal Volume
2016-02-18,11.118000030517578,11.529999732971191,10.98466682434082,11.494667053222656,58314000,2016,-0.3766670227050781,-1.1323158733693717,3.662834563322941,2,0.5453329086303711,0.30738323767828707,Normal Volume
2016-02-19,11.10533332824707,11.166000366210938,10.833333015441896,10.910667419433594,44391000,2016,0.19466590881347656,-0.11392968371775059,3.6599496348533886,2,0.3326673507690412,2.340213819757315,Normal Volume
2016-02-22,11.849332809448242,11.927332878112791,11.32333278656006,11.341333389282228,75901500,2016,0.5079994201660138,6.699479062990088,3.9066142260150283,2,0.6040000915527308,5.166936450209138,Normal Volume
2016-02-23,11.814000129699709,12.11533260345459,11.57866668701172,11.744000434875488,89766000,2016,0.06999969482422053,-0.29818286241702907,3.8952799019618247,2,0.5366659164428693,3.161888239346259,Normal Volume
2016-02-24,11.93333339691162,11.966667175292969,11.189332962036133,11.516667366027832,80934000,2016,0.4166660308837873,1.010100439324635,3.9002195374447424,2,0.7773342132568359,3.9073787143714678,Normal Volume
2016-02-25,12.495332717895508,12.567999839782717,11.68000030517578,11.90999984741211,86260500,2016,0.5853328704833984,4.709491491533591,4.0040685806250575,2,0.8879995346069371,5.524769108318521,Normal Volume
2016-02-26,12.689332962036133,12.800000190734863,12.333333015441896,12.579999923706056,90976500,2016,0.10933303833007635,1.5525816600528097,3.9331301057445396,2,0.466667175292967,1.7488097644121046,Normal Volume
2016-02-29,12.795332908630373,13.09000015258789,12.614666938781738,12.826666831970217,67485000,2016,-0.03133392333984375,0.8353468768718564,3.895988883620714,2,0.47533321380615234,2.05301442742179,Normal Volume
2016-03-01,12.423333168029783,13.063332557678224,12.18000030517578,12.949999809265137,100683000,2016,-0.5266666412353533,-2.907308025957478,3.927598585923073,3,0.883332252502445,0.8751563712920155,High Volume
2016-03-02,12.555999755859377,12.567999839782717,12.100000381469728,12.248666763305664,72936000,2016,0.3073329925537127,1.0678823954508365,3.9348616721795966,3,0.4679994583129883,2.6070843680204026,Normal Volume
2016-03-03,13.04933261871338,13.161333084106444,12.281332969665527,12.552000045776367,72435000,2016,0.4973325729370135,3.9290607872446426,3.969739511242009,3,0.8800001144409162,4.854469694932094,Normal Volume
2016-03-04,13.402667045593262,13.60200023651123,13.166666984558104,13.199999809265137,97336500,2016,0.202667236328125,2.707681972740761,3.9986015675127122,3,0.4353332519531268,3.0454578261730574,High Volume
2016-03-07,13.685999870300291,13.979999542236328,13.15999984741211,13.178667068481444,79941000,2016,0.5073328018188477,2.1140033080220944,4.009899980037517,3,0.8199996948242188,6.080527488788142,Normal Volume
2016-03-08,13.506667137145996,13.833333015441896,13.479999542236328,13.56666660308838,62680500,2016,-0.05999946594238459,-1.3103370952345372,3.9749618372425033,3,0.3533334732055682,1.9656001002693646,Normal Volume
2016-03-09,13.914667129516602,13.958000183105469,13.519332885742188,13.63466739654541,48129000,2016,0.2799997329711914,3.0207303417474796,3.9956698923775122,3,0.43866729736328125,2.371402082327148,Normal Volume
2016-03-10,13.678667068481444,14.219332695007324,13.378000259399414,14.0,77887500,2016,-0.32133293151855646,-1.6960525094742773,3.9698548710236192,3,0.8413324356079102,1.5666621071951732,Normal Volume
2016-03-11,13.833333015441896,13.961333274841309,13.68866729736328,13.862000465393066,50146500,2016,-0.0286674499511701,1.1307091998520535,3.971291694645856,3,0.2726659774780291,0.716583509690609,Normal Volume
2016-03-14,14.34333324432373,14.447999954223633,14.042667388916016,14.17666721343994,60985500,2016,0.16666603088379084,3.6867487272411514,4.016648483426496,3,0.4053325653076172,1.9139388454182023,Normal Volume
2016-03-15,14.555999755859377,14.597999572753906,14.100000381469728,14.284667015075684,47707500,2016,0.2713327407836932,1.4826854254383903,3.993169480378182,3,0.4979991912841779,2.193488706089818,Normal Volume
2016-03-16,14.795332908630373,14.838666915893556,14.468000411987305,14.533332824707031,52750500,2016,0.2620000839233416,1.6442233909399029,3.729475248226975,3,0.3706665039062518,2.1009227193053035,Normal Volume
2016-03-17,15.092000007629396,15.233332633972168,14.666666984558104,14.764666557312012,56743500,2016,0.3273334503173846,2.005139734476491,3.5702144197855494,3,0.5666656494140643,3.1742408461507408,Normal Volume
2016-03-18,15.515999794006348,15.631999969482422,15.20400047302246,15.273332595825195,70677000,2016,0.24266719818115234,2.809434045604342,3.5862661765714066,3,0.4279994964599627,2.3483242534459343,Normal Volume
2016-03-21,15.887999534606934,15.991999626159668,15.666666984558104,15.689332962036133,79617000,2016,0.19866657257080078,2.3975234953553137,3.2343250979638736,3,0.3253326416015643,1.929123850299469,Normal Volume
2016-03-22,15.616000175476074,15.932666778564451,15.503999710083008,15.814000129699709,64740000,2016,-0.1979999542236346,-1.711979903690175,2.654879894443782,3,0.42866706848144354,0.7503898311084426,Normal Volume
2016-03-23,14.838666915893556,15.648667335510254,14.802000045776367,15.4913330078125,74232000,2016,-0.6526660919189435,-4.977800018235589,2.903663343132021,3,0.8466672897338867,1.0156280780899096,Normal Volume
2016-03-24,15.18333339691162,15.259332656860352,14.333333015441896,14.385333061218262,74413500,2016,0.7980003356933576,2.322759065700808,2.7803775817879797,3,0.9259996414184553,6.075629892771302,Normal Volume
2016-03-28,15.350666999816896,15.654000282287598,15.0,15.440667152404783,58885500,2016,-0.09000015258788707,1.1020873910291273,2.7168896753065512,3,0.6540002822875977,1.3816315563125718,Normal Volume
2016-03-29,15.342000007629396,15.491999626159668,15.022000312805176,15.326000213623049,60214500,2016,0.015999794006347656,-0.05646003647661324,2.724033878496465,3,0.4699993133544922,1.0831228645623074,Normal Volume
2016-03-30,15.12600040435791,15.699999809265137,15.100000381469728,15.672666549682615,60495000,2016,-0.5466661453247053,-1.407897296076599,2.7613500355023346,3,0.5999994277954084,0.17440082385390143,Normal Volume
2016-03-31,15.317999839782717,15.82800006866455,15.000666618347168,15.28933334350586,120193500,2016,0.028666496276857245,1.2693337980441255,2.3823067649117085,3,0.8273334503173828,3.5231537769270362,High Volume
2016-04-01,15.839332580566406,16.52666664123535,15.550000190734863,16.32200050354004,239962500,2016,-0.4826679229736328,3.4033995706784337,2.382117806592964,4,0.9766664505004883,1.2539280197358342,High Volume
2016-04-04,16.465999603271484,16.808000564575195,16.242666244506836,16.607999801635742,202129500,2016,-0.1420001983642578,3.9563979070301736,2.4194972796729983,4,0.5653343200683594,1.2042435291922078,High Volume
2016-04-05,17.031333923339844,17.104000091552734,16.0,16.03333282470703,149230500,2016,0.9980010986328125,3.433343457363125,2.2370766336892363,4,1.1040000915527344,6.67775863291397,High Volume
2016-04-06,17.69466781616211,17.849332809448242,16.89666748046875,16.931333541870117,175582500,2016,0.7633342742919922,3.8947853163352475,2.268371741510406,4,0.9526653289794922,5.421895831819572,High Volume
2016-04-07,17.14666748046875,17.95599937438965,16.96733283996582,17.76333236694336,132843000,2016,-0.6166648864746094,-3.0969800698537053,2.4109583010150004,4,0.9886665344238281,1.0846332403532142,High Volume
2016-04-08,16.67133331298828,17.38800048828125,16.534666061401367,17.366666793823242,110458500,2016,-0.6953334808349609,-2.772166475041915,2.4269910305158096,4,0.8533344268798828,0.12284276949216019,High Volume
2016-04-11,16.661333084106445,17.266000747680664,16.35333251953125,16.733333587646484,137425500,2016,-0.07200050354003906,-0.059984577682492546,2.432051948199281,4,0.9126682281494141,3.1832698323030235,High Volume
2016-04-12,16.521333694458008,16.786666870117188,16.242000579833984,16.633333206176758,86448000,2016,-0.11199951171875,-0.8402652353309281,2.453695653837961,4,0.5446662902832031,0.9218456820397821,Normal Volume
2016-04-13,16.968666076660156,17.03333282470703,16.488666534423828,16.567333221435547,73884000,2016,0.4013328552246094,2.70760454618868,2.3670941702320265,4,0.5446662902832031,2.812761698234895,Normal Volume
2016-04-14,16.790666580200195,17.12266731262207,16.73666763305664,16.866666793823242,61983000,2016,-0.07600021362304688,-1.0489893292484176,2.398559174667508,4,0.3859996795654297,1.5177896257046966,Normal Volume
2016-04-15,16.96733283996582,16.97333335876465,16.607999801635742,16.753999710083008,56286000,2016,0.2133331298828125,1.0521694235412493,2.3341126073772456,4,0.36533355712890625,1.3091420107261893,Normal Volume
2016-04-18,16.92533302307129,17.220666885375977,16.777332305908203,16.815332412719727,64071000,2016,0.1100006103515625,-0.24753340604954932,2.3177297410304156,4,0.44333457946777344,2.4105052621477783,Normal Volume
2016-04-19,16.4913330078125,16.95800018310547,16.083332061767578,16.874666213989258,95362500,2016,-0.3833332061767578,-2.564203697895895,2.383205962276647,4,0.8746681213378906,0.4938406962214535,Normal Volume
2016-04-20,16.6646671295166,16.910667419433594,16.100000381469727,16.417333602905273,77911500,2016,0.24733352661132812,1.0510619221744344,2.355024195260828,4,0.8106670379638672,3.0049570073974627,Normal Volume
2016-04-21,16.55266761779785,16.726667404174805,16.46066665649414,16.599332809448242,41746500,2016,-0.046665191650390625,-0.6720777009723511,2.327491916623152,4,0.26600074768066406,0.7671067035542802,Normal Volume
2016-04-22,16.916667938232422,16.933332443237305,16.380666732788086,16.592666625976562,56794500,2016,0.3240013122558594,2.199043252962962,2.3031278338118595,4,0.5526657104492188,2.053110720174505,Normal Volume
2016-04-25,16.788000106811523,17.158666610717773,16.71733283996582,16.867332458496094,55054500,2016,-0.07933235168457031,-0.7605979610801672,2.3178009736545655,4,0.4413337707519531,1.7272094027822065,Normal Volume
2016-04-26,16.916000366210938,17.048667907714844,16.625999450683594,16.803333282470703,48357000,2016,0.11266708374023438,0.7624509088934195,2.247114741302388,4,0.42266845703125,1.460035465106644,Normal Volume
2016-04-27,16.764667510986328,17.0,16.626667022705078,16.850000381469727,48087000,2016,-0.08533287048339844,-0.8946136908751234,2.2559339581691855,4,0.3733329772949219,0.8902054310647431,Normal Volume
2016-04-28,16.513999938964844,16.89533233642578,16.496000289916992,16.656667709350586,37785000,2016,-0.1426677703857422,-1.4952135009967504,2.273610993832391,4,0.39933204650878906,1.4328473812395002,Normal Volume
2016-04-29,16.05066680908203,16.562000274658203,15.854000091552734,16.542667388916016,81207000,2016,-0.4920005798339844,-2.8056989923414988,2.324987318134572,4,0.7080001831054688,0.11686679836856902,Normal Volume
2016-05-02,16.1200008392334,16.21266746520996,15.654666900634766,16.100000381469727,57658500,2016,0.020000457763671875,0.43196978029682587,2.2740520653299496,5,0.5580005645751953,0.6997955346007843,Normal Volume
2016-05-03,15.48799991607666,15.927332878112791,15.441332817077637,15.824000358581545,64533000,2016,-0.3360004425048846,-3.9206010561646742,2.3502456350355323,5,0.4860000610351545,0.6530113573664574,Normal Volume
2016-05-04,14.837332725524902,15.630666732788086,14.69333267211914,15.352666854858398,130507500,2016,-0.5153341293334961,-4.201105333661326,2.4523600500225777,5,0.9373340606689453,1.8107595283467874,High Volume
2016-05-05,14.10200023651123,15.242667198181152,13.986000061035156,15.230667114257812,168822000,2016,-1.128666877746582,-4.955961442777834,2.4508776502133274,5,1.256667137145996,0.07878895804968557,High Volume
2016-05-06,14.32866668701172,14.424667358398438,13.87399959564209,14.05799961090088,85278000,2016,0.27066707611083984,1.6073354609201562,2.4294707055678564,5,0.5506677627563477,2.6082498054220644,Normal Volume
2016-05-09,13.928000450134276,14.40999984741211,13.786666870117188,14.381333351135254,71646000,2016,-0.45333290100097834,-2.796256243720363,2.463417175098018,5,0.6233329772949219,0.19933128296892272,Normal Volume
2016-05-10,13.912667274475098,13.964667320251465,13.666666984558104,13.83666706085205,61059000,2016,0.07600021362304688,-0.11008885097379961,2.4632581158861453,5,0.29800033569336115,0.9250801427575284,Normal Volume
2016-05-11,13.93066692352295,14.36533260345459,13.736666679382324,13.839332580566406,77428500,2016,0.09133434295654297,0.12937597581215154,2.4553078926653535,5,0.6286659240722656,3.8007614877816303,Normal Volume
2016-05-12,13.8186674118042,14.111332893371582,13.577333450317385,14.095999717712402,54757500,2016,-0.2773323059082031,-0.803978103371572,2.4403529352879993,5,0.5339994430541974,0.10877678750172437,Normal Volume
2016-05-13,13.84066677093506,14.079999923706056,13.779999732971191,13.85200023651123,42342000,2016,-0.011333465576170099,0.1592002938870074,2.3397535191970538,5,0.30000019073486506,1.6459694145388641,Normal Volume
2016-05-16,13.88599967956543,14.210000038146973,13.861332893371582,13.876667022705078,44241000,2016,0.009332656860351562,0.327534138207608,2.194908260492977,5,0.3486671447753906,2.4021115077308783,Normal Volume
2016-05-17,13.644000053405762,13.98799991607666,13.601332664489746,13.936667442321776,42654000,2016,-0.29266738891601385,-1.742759842604591,2.071530683883656,5,0.38666725158691406,0.36832674645735014,Normal Volume
2016-05-18,14.07800006866455,14.354000091552734,13.850000381469728,13.94333267211914,84262500,2016,0.13466739654541016,3.180885470243422,2.020207986459547,5,0.503999710083006,2.9452601403877967,Normal Volume
2016-05-19,14.347332954406738,14.452667236328123,13.81999969482422,14.2413330078125,102994500,2016,0.10599994659423828,1.9131473535199062,2.025667709930133,5,0.6326675415039027,1.4839497707109977,High Volume
2016-05-20,14.685333251953123,14.703332901000977,14.423333168029783,14.465999603271484,135106500,2016,0.21933364868163885,2.355840619441185,2.049853292401682,5,0.2799997329711932,1.6406283992695485,High Volume
2016-05-23,14.414667129516602,14.84000015258789,14.390666961669922,14.657999992370604,76537500,2016,-0.24333286285400213,-1.8431050749258548,2.0654045720120435,5,0.44933319091796875,1.2416438826034717,Normal Volume
2016-05-24,14.52733325958252,14.582667350769045,14.345333099365234,14.4399995803833,45207000,2016,0.08733367919921875,0.7816075741021722,2.0763283270067974,5,0.23733425140381037,0.9880039787505099,Normal Volume
2016-05-25,14.638667106628418,14.757332801818848,14.434000015258787,14.52733325958252,46902000,2016,0.11133384704589844,0.7663749778195506,2.0049448271113626,5,0.32333278656006037,1.5832192882655587,Normal Volume
2016-05-26,15.008000373840332,15.017333030700684,14.603333473205566,14.699999809265137,61086000,2016,0.3080005645751953,2.522997924071091,2.074329797231894,5,0.4139995574951172,2.158729425530588,Normal Volume
2016-05-27,14.869333267211914,15.062000274658203,14.716667175292969,14.999333381652832,54754500,2016,-0.13000011444091797,-0.9239545787200321,2.0595116951788266,5,0.3453330993652344,0.41779785415013954,Normal Volume
2016-05-31,14.881999969482422,14.983332633972168,14.766667366027832,14.869333267211914,41835000,2016,0.012666702270507812,0.08518675345341453,2.061358023716288,5,0.21666526794433594,0.7666743673815676,Normal Volume
2016-06-01,14.637332916259766,14.826666831970217,14.459333419799805,14.76533317565918,44740500,2016,-0.12800025939941406,-1.6440468601288782,2.034831390956048,6,0.36733341217041193,0.41538958573685403,Normal Volume
2016-06-02,14.597332954406738,14.660667419433594,14.473999977111816,14.63933277130127,30492000,2016,-0.04199981689453125,-0.27327356754038856,2.0170804523016677,6,0.18666744232177734,0.14573511283347795,Normal Volume
2016-06-03,14.599332809448242,14.79599952697754,14.534000396728516,14.666666984558104,33435000,2016,-0.0673341751098615,0.013700139934802458,2.018018839829097,6,0.2619991302490252,0.8818127701106581,Normal Volume
2016-06-06,14.711999893188477,14.726667404174805,14.363332748413086,14.533332824707031,33742500,2016,0.1786670684814453,0.7717276207808599,1.970960171155848,6,0.36333465576171875,1.3302838502335803,Normal Volume
2016-06-07,15.489333152770996,15.629332542419434,14.767999649047852,14.815999984741213,93204000,2016,0.6733331680297834,5.283668197567204,2.2295886784542747,6,0.861332893371582,5.489555605533615,Normal Volume
2016-06-08,15.701333045959473,16.05666732788086,15.507332801818848,15.58666706085205,89580000,2016,0.11466598510742188,1.3686831518021192,2.2417385701695287,6,0.5493345260620117,3.015399412805035,Normal Volume
2016-06-09,15.290666580200195,15.68866729736328,15.137332916259766,15.665332794189451,67381500,2016,-0.37466621398925604,-2.6154878987485475,2.2811682191894924,6,0.5513343811035138,0.14895631953943106,Normal Volume
2016-06-10,14.586000442504885,15.197999954223633,14.56133270263672,15.15933322906494,90399000,2016,-0.573332786560055,-4.608472325253499,2.4057207057926058,6,0.6366672515869123,0.2550687723161702,Normal Volume
2016-06-13,14.524666786193848,15.0513334274292,14.510666847229004,14.633333206176758,62895000,2016,-0.10866641998291016,-0.4204967396840731,2.3619717158307028,6,0.5406665802001953,2.8564935641320783,Normal Volume
2016-06-14,14.330666542053224,14.813332557678224,14.16866683959961,14.592000007629396,53703000,2016,-0.2613334655761719,-1.3356605490256523,2.364990102708899,6,0.6446657180786151,1.5168074968003349,Normal Volume
2016-06-15,14.513333320617676,14.793333053588867,14.342000007629396,14.463333129882812,43627500,2016,0.05000019073486328,1.2746565418183309,2.284437804397955,6,0.4513330459594709,2.2816312169719657,Normal Volume
2016-06-16,14.528667449951172,14.53600025177002,14.233332633972168,14.494667053222656,36604500,2016,0.034000396728515625,0.10565546173815221,2.1554309559039933,6,0.30266761779785156,0.2851614210632973,Normal Volume
2016-06-17,14.364666938781738,14.666000366210938,14.300000190734863,14.52066707611084,46689000,2016,-0.15600013732910156,-1.1288062840889457,1.9592295631733219,6,0.3660001754760742,1.0008719939540351,Normal Volume
2016-06-20,14.646666526794434,14.916666984558104,14.548666954040527,14.633333206176758,53332500,2016,0.013333320617675781,1.9631474173017693,1.9698422501467971,6,0.36800003051757635,1.9362217369707002,Normal Volume
2016-06-21,14.640666961669922,14.838000297546388,14.587332725524902,14.711999893188477,67935000,2016,-0.07133293151855469,-0.04096198348979563,1.8932841987997941,6,0.25066757202148615,0.8564464741210948,Normal Volume
2016-06-22,13.11066722869873,13.729999542236328,13.050000190734863,13.29800033569336,356136000,2016,-0.1873331069946289,-10.450341756812144,2.7125800496363315,6,0.6799993515014648,3.2486027646084,High Volume
2016-06-23,13.09333324432373,13.170000076293944,12.808667182922363,13.04599952697754,151960500,2016,0.04733371734618963,-0.1322128315258908,2.7120350574255965,6,0.36133289337158025,0.9504871517125587,High Volume
2016-06-24,12.876667022705078,13.008000373840332,12.648667335510254,12.670000076293944,105397500,2016,0.2066669464111346,-1.6547827629193046,2.723322046617046,6,0.3593330383300781,2.6677213536786004,High Volume
2016-06-27,13.236666679382324,13.253999710083008,12.524666786193848,12.723999977111816,108081000,2016,0.5126667022705078,2.7957518513328727,2.7772556049563213,6,0.7293329238891602,4.165354714905418,High Volume
2016-06-28,13.452667236328123,13.603333473205566,13.293999671936035,13.459333419799805,93186000,2016,-0.006666183471681464,1.6318349791359932,2.7944988365849825,6,0.30933380126953125,1.0698899337312322,Normal Volume
2016-06-29,14.012666702270508,14.118666648864746,13.533332824707031,13.675333023071287,89923500,2016,0.3373336791992205,4.162739299981633,2.8790765989665306,6,0.5853338241577148,3.241848845988047,Normal Volume
2016-06-30,14.152000427246094,14.233332633972168,13.934666633605955,14.197999954223633,72646500,2016,-0.04599952697753906,0.9943412480724279,2.8263786537188915,6,0.2986660003662127,0.24885673941719066,Normal Volume
2016-07-01,14.43333339691162,14.54933261871338,13.733332633972168,13.742667198181152,81000000,2016,0.690666198730467,1.9879378262587455,2.8281044999191467,7,0.8159999847412127,5.869787930533535,Normal Volume
2016-07-05,14.26533317565918,14.302666664123535,13.866666793823242,13.982000350952148,77629500,2016,0.28333282470703125,-1.1639738141737022,2.802461880308098,7,0.43599987030029297,2.2934222938247166,Normal Volume
2016-07-06,14.29599952697754,14.34866714477539,13.93333339691162,14.0,73798500,2016,0.29599952697754084,0.2149711537805965,2.7823627306392202,7,0.4153337478637713,2.4904796055385043,Normal Volume
2016-07-07,14.395999908447266,14.541333198547363,14.20066738128662,14.206666946411133,54180000,2016,0.1893329620361328,0.6994990541306034,2.7816189314136537,7,0.34066581726074396,2.355698584323984,Normal Volume
2016-07-08,14.45199966430664,14.654000282287598,14.300000190734863,14.520000457763672,61122000,2016,-0.06800079345703125,0.38899525017721537,2.778924697714477,7,0.3540000915527344,0.9228637761666025,Normal Volume
2016-07-11,14.985333442687988,15.118666648864746,14.633999824523926,14.663999557495115,81447000,2016,0.32133388519287287,3.6903805062947104,2.8233515032204353,7,0.4846668243408203,3.1005667286537775,Normal Volume
2016-07-12,14.976667404174805,15.166666984558104,14.881333351135254,14.9399995803833,68569500,2016,0.036667823791503906,-0.05783013468687592,2.8176333276445042,7,0.2853336334228498,1.517184809512475,Normal Volume
2016-07-13,14.835332870483398,15.03933334350586,14.685999870300291,15.033332824707031,53506500,2016,-0.1979999542236328,-0.9436981531152133,2.8236163250147124,7,0.3533334732055682,0.03991476054442414,Normal Volume
2016-07-14,14.768667221069336,14.996000289916992,14.736666679382324,14.874667167663574,40137000,2016,-0.10599994659423828,-0.4493707690691684,2.80758230960002,7,0.25933361053466797,0.8157031070731263,Normal Volume
2016-07-15,14.69333267211914,14.850000381469728,14.642666816711426,14.834667205810549,33513000,2016,-0.14133453369140803,-0.5100971389125797,2.808910721189275,7,0.20733356475830256,0.10336042896313764,Normal Volume
2016-07-18,15.083333015441896,15.13933277130127,14.553333282470703,14.642666816711426,51181500,2016,0.4406661987304705,2.6542674288099866,2.8484648919141367,7,0.5859994888305664,3.391909143374125,Normal Volume
2016-07-19,15.017333030700684,15.273332595825195,14.983332633972168,15.0,46726500,2016,0.017333030700683594,-0.43756896883231367,2.847908068892448,7,0.28999996185302734,1.822217305501302,Normal Volume
2016-07-20,15.223999977111816,15.31999969482422,15.0,15.097999572753906,38527500,2016,0.12600040435791016,1.3761894071912417,2.6879399897161327,7,0.3199996948242205,1.4703942797225884,Normal Volume
2016-07-21,14.699999809265137,15.1899995803833,14.606666564941406,15.06666660308838,66430500,2016,-0.36666679382324396,-3.4419348964429552,2.7450416726824,7,0.5833330154418945,0.818581711163896,Normal Volume
2016-07-22,14.817999839782717,14.966667175292969,14.592000007629396,14.79933261871338,38695500,2016,0.018667221069335938,0.8027213064534022,2.7112710140042666,7,0.37466716766357244,1.1306898823802214,Normal Volume
2016-07-25,15.333999633789062,15.425999641418455,14.758000373840332,14.817999839782717,67360500,2016,0.5159997940063459,3.482249963460071,2.6456301449326114,7,0.6679992675781232,4.103116535359971,Normal Volume
2016-07-26,15.300666809082031,15.333333015441896,15.020000457763672,15.179332733154297,51450000,2016,0.12133407592773438,-0.21737854117056532,2.6442418929138096,7,0.31333255767822443,1.0145392092976266,Normal Volume
2016-07-27,15.232666969299316,15.557332992553713,15.128000259399414,15.28933334350586,43335000,2016,-0.05666637420654297,-0.44442402825445315,2.6312675706904516,7,0.42933273315429865,1.752853725055881,Normal Volume
2016-07-28,15.37399959564209,15.383999824523926,15.106666564941406,15.196666717529297,36286500,2016,0.17733287811279297,0.92782587991731,2.6273165248595847,7,0.27733325958251953,1.2327249815812629,Normal Volume
2016-07-29,15.652667045593262,15.685333251953123,15.349332809448242,15.380000114440918,46062000,2016,0.27266693115234375,1.81258915884297,2.6430375282996703,7,0.33600044250488104,1.9852609573488582,Normal Volume
2016-08-01,15.333999633789062,15.775333404541016,15.291999816894531,15.699999809265137,60244500,2016,-0.3660001754760742,-2.035866545145193,2.664851860153649,8,0.4833335876464844,0.4798318228731559,Normal Volume
2016-08-02,15.146666526794434,15.324666976928713,14.760000228881836,15.291333198547363,59016000,2016,-0.1446666717529297,-1.2216845667703868,2.6578238284552516,8,0.5646667480468768,0.2179913153976401,Normal Volume
2016-08-03,15.052666664123535,15.313332557678224,14.947333335876465,15.157999992370604,58317000,2016,-0.10533332824706854,-0.6205976906180188,2.6613444083711264,8,0.3659992218017596,1.0247563358345657,Normal Volume
2016-08-04,15.37399959564209,15.390666961669922,14.803333282470703,15.04599952697754,62205000,2016,0.328000068664549,2.134724289646428,1.7835028181212103,8,0.5873336791992188,2.290757979052112,Normal Volume
2016-08-05,15.335332870483398,15.466667175292969,15.15999984741211,15.333333015441896,48078000,2016,0.00199985504150213,-0.251507260151429,1.7852027820248657,8,0.3066673278808594,0.8695706257523673,Normal Volume
2016-08-08,15.077333450317385,15.30666732788086,15.072667121887209,15.199999809265137,33954000,2016,-0.12266635894775213,-1.68238552332044,1.7863815910266017,8,0.23400020599365057,0.7017599996988396,Normal Volume
2016-08-09,15.272000312805176,15.435999870300291,15.109999656677246,15.121333122253418,33117000,2016,0.1506671905517578,1.2911226187923397,1.7414997099764293,8,0.3260002136230451,2.0809458101534157,Normal Volume
2016-08-10,15.043333053588867,15.324666976928713,14.974666595458984,15.215999603271484,35074500,2016,-0.1726665496826172,-1.4972973712197857,1.7644619117643194,8,0.35000038146972834,0.7141651977558184,Normal Volume
2016-08-11,14.994000434875488,15.17133331298828,14.894000053405762,15.07800006866455,28213500,2016,-0.0839996337890625,-0.3279367580152681,1.6175719445093948,8,0.27733325958251775,0.6190028113721527,Normal Volume
2016-08-12,15.040666580200195,15.109999656677246,14.935999870300291,15.02733325958252,27202500,2016,0.013333320617675781,0.3112321193226242,1.61136092271026,8,0.1739997863769549,0.5501068996524214,Normal Volume
2016-08-15,15.03933334350586,15.300000190734863,14.995332717895508,15.067999839782717,30514500,2016,-0.028666496276857245,-0.008864212814152506,1.576494934117055,8,0.30466747283935547,1.5396890988783827,Normal Volume
2016-08-16,14.907333374023438,15.145999908447266,14.894000053405762,15.03266716003418,34006500,2016,-0.1253337860107422,-0.8776982760304364,1.5691217213050828,8,0.2519998550415039,0.753909783317708,Normal Volume
2016-08-17,14.88266658782959,14.988666534423828,14.853333473205566,14.95533275604248,26806500,2016,-0.07266616821289062,-0.16546746205348128,1.5701881120410501,8,0.13533306121826172,0.2228889114344824,Normal Volume
2016-08-18,14.900667190551758,15.043999671936035,14.81933307647705,14.92133331298828,25717500,2016,-0.02066612243652166,0.1209501174802119,1.5667047208120914,8,0.22466659545898438,0.8220871176504094,Normal Volume
2016-08-19,15.0,15.011333465576172,14.835332870483398,14.902667045593262,24892500,2016,0.09733295440673828,0.6666333002271596,1.5691255491827167,8,0.17600059509277344,0.7291743125606699,Normal Volume
2016-08-22,14.862000465393066,15.007332801818848,14.845333099365234,14.944666862487791,30982500,2016,-0.08266639709472479,-0.9199968973795603,1.4284699077903829,8,0.16199970245361328,0.41931974735651395,Normal Volume
2016-08-23,14.989333152770996,15.232666969299316,14.853333473205566,14.954667091369627,71766000,2016,0.034666061401368964,0.856766810594789,1.4373163088106709,8,0.37933349609375,1.858950628798174,Normal Volume
2016-08-24,14.841333389282228,15.143333435058594,14.814666748046877,15.136667251586914,38560500,2016,-0.2953338623046857,-0.9873672296182745,1.4383401319032443,8,0.328666687011717,0.04403996838194888,Normal Volume
2016-08-25,14.730667114257812,14.920000076293944,14.718000411987305,14.87399959564209,26437500,2016,-0.14333248138427734,-0.7456626175134207,1.4426234797843203,8,0.20199966430663885,0.3092677282667891,Normal Volume
2016-08-26,14.666000366210938,14.857333183288574,14.588000297546388,14.809332847595217,33585000,2016,-0.14333248138427912,-0.43899402209885974,1.4418122503820754,8,0.2693328857421857,0.3241222017719187,Normal Volume
2016-08-29,14.346667289733888,14.69333267211914,14.333333015441896,14.67666721343994,48994500,2016,-0.32999992370605113,-2.1773698929720586,1.4049227196635852,8,0.3599996566772443,0.11355070219170636,Normal Volume
2016-08-30,14.089332580566406,14.407333374023438,14.034667015075684,14.407333374023438,47533500,2016,-0.31800079345703125,-1.7936898094209286,1.4357327506050863,8,0.3726663589477539,0.0,Normal Volume
2016-08-31,14.133999824523926,14.173333168029783,13.90999984741211,14.028667449951172,49147500,2016,0.1053323745727539,0.3170288138355737,1.408336217618795,8,0.263333320617674,1.0312149646053164,Normal Volume
2016-09-01,13.38466739654541,14.07333278656006,13.366666793823242,13.934000015258787,119146500,2016,-0.5493326187133771,-5.301630375559707,1.5841863449544857,9,0.7066659927368182,0.9999481207743155,High Volume
2016-09-02,13.185333251953123,13.546667098999023,13.079999923706056,13.488666534423828,89661000,2016,-0.3033332824707049,-1.4892723045455414,1.5844528878834343,9,0.466667175292967,0.4299947991684326,Normal Volume
2016-09-06,13.522000312805176,13.550000190734863,13.266667366027832,13.267999649047852,65859000,2016,0.2540006637573242,2.55334510261378,1.5139603206936005,9,0.28333282470703125,2.1254186700799984,Normal Volume
2016-09-07,13.447333335876465,13.766667366027832,13.380666732788086,13.699999809265137,54613500,2016,-0.2526664733886719,-0.552188841897916,1.5137476045648566,9,0.3860006332397461,0.4866245086923935,Normal Volume
2016-09-08,13.157333374023438,13.326000213623049,13.09066677093506,13.303333282470703,50668500,2016,-0.14599990844726562,-2.1565611159450437,1.5466853126325832,9,0.23533344268798828,0.17038535133305938,Normal Volume
2016-09-09,12.964667320251465,13.32800006866455,12.91333293914795,13.272666931152344,56355000,2016,-0.3079996109008789,-1.4643244819832146,1.5334585481942946,9,0.41466712951660156,0.4168953971287741,Normal Volume
2016-09-12,13.220000267028809,13.424667358398438,12.9399995803833,13.0,55728000,2016,0.2200002670288086,1.9694523621018867,1.542053491672504,9,0.4846677780151367,3.2666719876802883,Normal Volume
2016-09-13,13.06999969482422,13.232666969299316,12.896666526794434,13.137332916259766,53841000,2016,-0.0673332214355451,-1.1346487834701158,1.5207369801962174,9,0.3360004425048828,0.725672810815033,Normal Volume
2016-09-14,13.093999862670898,13.194666862487791,12.990667343139648,13.050000190734863,33817500,2016,0.043999671936035156,0.18362791436163928,1.5200149318191853,9,0.20399951934814275,1.108556855467613,Normal Volume
2016-09-15,13.361332893371582,13.501333236694336,13.09333324432373,13.099332809448242,46158000,2016,0.26200008392333984,2.0416452841336197,1.5873211926867532,9,0.40799999237060547,3.068861850400047,Normal Volume
2016-09-16,13.69333267211914,13.713333129882812,13.266667366027832,13.361332893371582,46617000,2016,0.3319997787475586,2.484780383791363,1.6076333057125143,9,0.44666576385498047,2.6344694748669433,Normal Volume
2016-09-19,13.755999565124512,13.961999893188477,13.666666984558104,13.800000190734863,34492500,2016,-0.04400062561035156,0.457645297210707,1.6146725908002764,9,0.29533290863037287,1.1739108711199708,Normal Volume
2016-09-20,13.642666816711426,13.850000381469728,13.593999862670898,13.789999961853027,36157500,2016,-0.14733314514160156,-0.8238786856348712,1.5977432382209744,9,0.2560005187988299,0.43510094113617714,Normal Volume
2016-09-21,13.6813325881958,13.800000190734863,13.437333106994627,13.758000373840332,39502500,2016,-0.07666778564453125,0.28341798567572685,1.5731002707539752,9,0.36266708374023615,0.30527559058938775,Normal Volume
2016-09-22,13.76200008392334,13.8186674118042,13.533332824707031,13.760000228881836,35743500,2016,0.0019998550415039062,0.5896172409194822,1.566924164441831,9,0.28533458709716797,0.4263603339135314,Normal Volume
2016-09-23,13.829999923706056,14.01200008392334,13.711333274841309,13.732666969299316,43578000,2016,0.09733295440674006,0.4941130603694166,1.5733098034187492,9,0.30066680908203125,2.0340776867923704,Normal Volume
2016-09-26,13.932666778564451,14.06666660308838,13.766667366027832,13.766667366027832,35916000,2016,0.16599941253661932,0.7423489184726018,1.580630031730006,9,0.29999923706054865,2.1791711028106944,Normal Volume
2016-09-27,13.720666885375977,13.998666763305664,13.640666961669922,13.976667404174805,50598000,2016,-0.2560005187988281,-1.521603125645976,1.596963305200132,9,0.3579998016357422,0.15740060555700286,Normal Volume
2016-09-28,13.751333236694336,13.883333206176758,13.684000015258787,13.833999633789062,31326000,2016,-0.08266639709472656,0.22350481630775132,1.5957148533761,9,0.19933319091797053,0.35661105749345096,Normal Volume
2016-09-29,13.380000114440918,13.821999549865724,13.371999740600586,13.706666946411133,40905000,2016,-0.32666683197021484,-2.700342693045543,1.656689523009843,9,0.4499998092651385,0.8414343465519863,Normal Volume
2016-09-30,13.60200023651123,13.665332794189451,13.303333282470703,13.480667114257812,38794500,2016,0.12133312225341797,1.6591937232549814,1.6948373497049511,9,0.3619995117187482,1.3698556485852795,Normal Volume
2016-10-03,14.24666690826416,14.378000259399414,13.883333206176758,14.153332710266112,89998500,2016,0.09333419799804865,4.739499048253792,1.921971641575169,10,0.49466705322265625,1.5873826591410523,Normal Volume
2016-10-04,14.093999862670898,14.221332550048828,13.92133331298828,14.206666946411133,53122500,2016,-0.11266708374023438,-1.0715983364832038,1.9242538147303343,10,0.29999923706054865,0.1032304318318669,Normal Volume
2016-10-05,13.897333145141602,14.210000038146973,13.874667167663574,14.149333000183104,28162500,2016,-0.25199985504150213,-1.3953932130380098,1.9271979885069848,10,0.33533287048339844,0.428762528686574,Normal Volume
2016-10-06,13.399999618530272,13.61400032043457,13.347332954406738,13.497332572937012,70551000,2016,-0.09733295440674006,-3.5786256357047463,2.0180617132305874,10,0.26666736602783203,0.8643763267083205,Normal Volume
2016-10-07,13.107333183288574,13.42133331298828,13.053333282470703,13.399999618530272,52395000,2016,-0.29266643524169744,-2.184077937114126,2.045420619099887,10,0.36800003051757635,0.15920667959203808,Normal Volume
2016-10-10,13.396666526794434,13.609333038330078,13.310667037963867,13.423333168029783,49744500,2016,-0.026666641235349786,2.207415798926582,2.098634820095704,10,0.29866600036621094,1.3856459343740997,Normal Volume
2016-10-11,13.34000015258789,13.479999542236328,13.220666885375977,13.456666946411133,34926000,2016,-0.11666679382324219,-0.4229886150648454,2.068161318450052,10,0.25933265686035156,0.17339060198274484,Normal Volume
2016-10-12,13.434000015258787,13.592000007629396,13.361332893371582,13.396666526794434,29560500,2016,0.03733348846435369,0.7046466386483541,2.05291400426336,10,0.23066711425781428,1.458075264053783,Normal Volume
2016-10-13,13.349332809448242,13.393333435058594,13.136667251586914,13.366666793823242,37419000,2016,-0.017333984375,-0.6302456879140772,2.0529557786186357,10,0.2566661834716797,0.19950105472573207,Normal Volume
2016-10-14,13.100666999816896,13.428667068481444,13.08666706085205,13.37733268737793,64048500,2016,-0.2766656875610334,-1.8627583354229316,1.84166552574207,10,0.34200000762939275,0.38374152981894494,Normal Volume
2016-10-17,12.93066692352295,13.22599983215332,12.800000190734863,13.136667251586914,68311500,2016,-0.20600032806396484,-1.297644435175116,1.8368459080556803,10,0.42599964141845703,0.6800246885724752,Normal Volume
2016-10-18,13.273332595825195,13.29800033569336,12.883999824523926,13.065999984741213,85207500,2016,0.2073326110839826,2.650023191602613,1.8416470409915784,10,0.4140005111694336,1.7756034840278756,Normal Volume
2016-10-19,13.570667266845703,13.77733325958252,13.20400047302246,13.315999984741213,104868000,2016,0.2546672821044904,2.240090564098618,1.8852030340308303,10,0.5733327865600604,3.4645034197202467,High Volume
2016-10-20,13.273332595825195,13.533332824707031,13.136667251586914,13.474666595458984,76093500,2016,-0.20133399963378906,-2.19100995679794,1.886601842298792,10,0.3966655731201172,0.4353816759207803,Normal Volume
2016-10-21,13.339332580566406,13.437999725341797,13.160667419433594,13.239999771118164,44151000,2016,0.09933280944824219,0.497237481730628,1.8663208568787366,10,0.2773323059082031,1.4954679580550403,Normal Volume
2016-10-24,13.517333030700684,13.596667289733888,13.350000381469728,13.399999618530272,41274000,2016,0.11733341217041193,1.3344029700076643,1.8480359747537591,10,0.24666690826416016,1.4676692298681393,Normal Volume
2016-10-25,13.489333152770996,13.645999908447266,13.41333293914795,13.526666641235352,36675000,2016,-0.03733348846435547,-0.20714054958987926,1.8345401253565712,10,0.2326669692993164,0.882207497064596,Normal Volume
2016-10-26,13.482666969299316,13.54599952697754,13.34000015258789,13.399999618530272,84492000,2016,0.08266735076904475,-0.049418183954563766,1.8347615038497067,10,0.2059993743896502,1.0895515865938705,Normal Volume
2016-10-27,13.600666999816896,14.24666690826416,13.44333267211914,14.089332580566406,196405500,2016,-0.48866558074950994,0.8751979915121444,1.8046094311831793,10,0.8033342361450195,1.1166911335088159,High Volume
2016-10-28,13.33133316040039,13.687999725341797,13.321999549865724,13.600000381469728,64201500,2016,-0.2686672210693377,-1.9802987560840313,1.7829984348010728,10,0.36600017547607244,0.647053980909952,Normal Volume
2016-10-31,13.182000160217283,13.499333381652832,13.053999900817873,13.499333381652832,70384500,2016,-0.31733322143554865,-1.1201655407329314,1.7900336330117652,10,0.44533348083495916,0.0,Normal Volume
2016-11-01,12.719332695007324,13.233332633972168,12.540666580200195,13.202667236328123,105900000,2016,-0.483334541320799,-3.509842661102902,1.8904689912505817,11,0.6926660537719727,0.23226668592893576,High Volume
2016-11-02,12.534667015075684,12.846667289733888,12.500666618347168,12.670000076293944,63801000,2016,-0.13533306121825994,-1.4518503789442305,1.9011754113564179,11,0.3460006713867205,1.3943742097562895,Normal Volume
2016-11-03,12.494667053222656,12.764666557312012,12.469332695007324,12.600000381469728,39795000,2016,-0.10533332824707209,-0.3191146745655016,1.894168756927724,11,0.2953338623046875,1.3068743718805815,Normal Volume
2016-11-04,12.70400047302246,12.897333145141602,12.397333145141602,12.600000381469728,77190000,2016,0.10400009155273082,1.6753821362995858,1.9233891297511376,11,0.5,2.3597837672223214,Normal Volume
2016-11-07,12.880666732788086,12.952667236328123,12.670000076293944,12.906000137329102,58051500,2016,-0.025333404541015625,1.3906348645120525,1.9386762625766307,11,0.2826671600341797,0.3615922710557124,Normal Volume
2016-11-08,12.996000289916992,13.166000366210938,12.750666618347168,12.919333457946776,49014000,2016,0.07666683197021662,0.8954005217394645,1.9339348274113457,11,0.41533374786376953,1.9092850963796073,Normal Volume
2016-11-09,12.670666694641112,12.800000190734863,12.263333320617676,12.458666801452637,122596500,2016,0.2119998931884748,-2.5033363190080316,1.9787211554856745,11,0.5366668701171875,2.739726446833206,High Volume
2016-11-10,12.356666564941406,12.77400016784668,12.027999877929688,12.736666679382324,101254500,2016,-0.38000011444091797,-2.478165808216759,1.9696425710955683,11,0.7460002899169922,0.29311820277741607,High Volume
2016-11-11,12.570667266845703,12.592000007629396,12.199999809265137,12.28266716003418,59827500,2016,0.28800010681152344,1.7318643404319323,1.9721097937036445,11,0.3920001983642596,2.5184501343628027,Normal Volume
2016-11-14,12.096667289733888,12.550000190734863,11.879332542419434,12.533332824707031,98283000,2016,-0.43666553497314275,-3.7706827095961515,1.8381026853461429,11,0.6706676483154297,0.13298430881030748,High Volume
2016-11-15,12.251333236694336,12.428667068481444,12.136667251586914,12.185333251953123,58530000,2016,0.06599998474121271,1.2785831275338833,1.8640088799585066,11,0.2919998168945295,1.9969401861809368,Normal Volume
2016-11-16,12.26200008392334,12.315333366394045,12.080666542053224,12.17666721343994,51516000,2016,0.08533287048340021,0.08706682793555576,1.8576958390530098,11,0.2346668243408203,1.1387857656243818,Normal Volume
2016-11-17,12.577333450317385,12.63266658782959,12.140666961669922,12.232666969299316,73306500,2016,0.3446664810180682,2.5716307636262092,1.833986766474618,11,0.49199962615966797,3.269929767025982,Normal Volume
2016-11-18,12.334667205810549,12.866666793823242,12.333333015441896,12.710000038146973,78154500,2016,-0.375332832336424,-1.9293934240147914,1.8250277248944713,11,0.5333337783813459,1.2326259260901657,Normal Volume
2016-11-21,12.3013334274292,12.592666625976562,12.293999671936035,12.336000442504885,65415000,2016,-0.03466701507568537,-0.2702446513161427,1.7681507110010624,11,0.29866695404052734,2.0806272232879444,Normal Volume
2016-11-22,12.744667053222656,12.764666557312012,12.247332572937012,12.38933277130127,84051000,2016,0.3553342819213867,3.603947721674805,1.9036961496506077,11,0.517333984375,3.029491522579552,Normal Volume
2016-11-23,12.87600040435791,13.042667388916016,12.600000381469728,12.707332611083984,73378500,2016,0.16866779327392578,1.0304965252273535,1.9095696106082474,11,0.4426670074462873,2.63890769286652,Normal Volume
2016-11-25,13.109999656677246,13.149333000183104,12.90933322906494,12.90933322906494,35491500,2016,0.20066642761230646,1.8173287121064252,1.9392344265976684,11,0.23999977111816406,1.8591182585465567,Normal Volume
2016-11-28,13.074666976928713,13.289999961853027,12.970000267028809,13.031999588012695,67938000,2016,0.0426673889160174,-0.26950938729077834,1.9092375122224647,11,0.31999969482421875,1.9797451043326468,Normal Volume
2016-11-29,12.637999534606934,13.11533260345459,12.633333206176758,13.03733253479004,66589500,2016,-0.39933300018310725,-3.339797817354073,1.9921131682396607,11,0.48199939727783203,0.5982824205519519,Normal Volume
2016-11-30,12.626667022705078,12.792667388916016,12.5,12.733332633972168,53206500,2016,-0.10666561126708984,-0.08967014020552222,1.925417125207292,11,0.2926673889160156,0.4659797764612245,Normal Volume
2016-12-01,12.125332832336426,12.5686674118042,12.06666660308838,12.550000190734863,76896000,2016,-0.4246673583984375,-3.970439621692412,1.9924667131509513,12,0.5020008087158185,0.14874279510463403,Normal Volume
2016-12-02,12.097999572753906,12.325332641601562,12.0,12.19200038909912,60634500,2016,-0.09400081634521307,-0.2254227571355849,1.9621090600662652,12,0.3253326416015625,1.0936043983533308,Normal Volume
2016-12-05,12.453332901000977,12.592666625976562,12.167332649230955,12.167332649230955,61083000,2016,0.2860002517700213,2.9371246552803765,2.0446876610704865,12,0.42533397674560725,3.495704350390147,Normal Volume
2016-12-06,12.390000343322754,12.43866729736328,12.178667068481444,12.368000030517578,50874000,2016,0.02200031280517578,-0.5085590996538158,2.024316803605316,12,0.26000022888183594,0.5713718197876173,Normal Volume
2016-12-07,12.876667022705078,12.893333435058594,12.333333015441896,12.40999984741211,81928500,2016,0.46666717529296875,3.927898836940713,2.1646526050737243,12,0.5600004196166974,3.8947106655063757,Normal Volume
2016-12-08,12.81933307647705,12.833333015441896,12.63599967956543,12.803333282470703,47911500,2016,0.015999794006347656,-0.44525455327012464,2.165337461664643,12,0.19733333587646662,0.23431189604559,Normal Volume
2016-12-09,12.812000274658203,12.922666549682615,12.720666885375977,12.724666595458984,40837500,2016,0.08733367919921875,-0.05720111783587001,2.156859608877557,12,0.20199966430663885,1.5560325509376467,Normal Volume
2016-12-12,12.82866668701172,12.961333274841309,12.745332717895508,12.853333473205566,36583500,2016,-0.02466678619384588,0.13008438960528945,2.1302470707841774,12,0.21600055694580078,0.8402474102214942,Normal Volume
2016-12-13,13.210000038146973,13.41866683959961,12.866666793823242,12.878666877746582,102358500,2016,0.3313331604003906,2.97250961802078,2.193181526284478,12,0.5520000457763672,4.192980274892495,High Volume
2016-12-14,13.246000289916992,13.533332824707031,13.11733341217041,13.249333381652832,62263500,2016,-0.0033330917358398438,0.27252272268023514,2.0888858127958434,12,0.4159994125366211,2.1434998642835175,Normal Volume
2016-12-15,13.17199993133545,13.38266658782959,13.15933322906494,13.227333068847656,48294000,2016,-0.05533313751220703,-0.5586619127426196,2.071464719713645,12,0.2233333587646502,1.1743373979730443,Normal Volume
2016-12-16,13.499333381652832,13.505999565124512,13.173333168029783,13.20533275604248,56953500,2016,0.29400062561035156,2.485070240083087,2.1107701798268357,12,0.33266639709472834,2.2768590132229156,Normal Volume
2016-12-19,13.51533317565918,13.630000114440918,13.322667121887209,13.499333381652832,52321500,2016,0.015999794006347656,0.11852284519540124,2.0943474748409483,12,0.30733299255370916,0.967949520868025,Normal Volume
2016-12-20,13.919333457946776,13.93333339691162,13.5,13.536666870117188,70336500,2016,0.38266658782958807,2.989199578262647,2.1446836789322212,12,0.4333333969116193,2.9303116535289155,Normal Volume
2016-12-21,13.846667289733888,14.148667335510254,13.827333450317385,13.896666526794434,78114000,2016,-0.0499992370605451,-0.5220520683151042,2.1462965843441526,12,0.3213338851928693,1.8133903424244413,Normal Volume
2016-12-22,13.896666526794434,13.999333381652832,13.766667366027832,13.881333351135254,46666500,2016,0.015333175659179688,0.361092210958347,2.0831143198465933,12,0.232666015625,0.8500626527200844,Normal Volume
2016-12-23,14.22266674041748,14.229999542236328,13.847332954406738,13.866666793823242,70057500,2016,0.3559999465942383,2.3458878645067793,2.04476078280149,12,0.38266658782958984,2.6201880654904652,Normal Volume
2016-12-27,14.635333061218262,14.81666660308838,14.29466724395752,14.325332641601562,88735500,2016,0.3100004196166992,2.9014693821664217,2.080097843354355,12,0.5219993591308612,3.4298258461374713,Normal Volume
2016-12-28,14.649333000183104,14.920000076293944,14.479999542236328,14.768667221069336,56737500,2016,-0.11933422088623225,0.09565849240520397,1.9179615335688749,12,0.4400005340576154,1.024688639532161,Normal Volume
2016-12-29,14.312000274658203,14.613332748413086,14.274666786193848,14.570667266845703,60675000,2016,-0.2586669921875,-2.302717301331636,1.9881709658639344,12,0.3386659622192383,0.2928176231466381,Normal Volume
2016-12-30,14.246000289916992,14.5,14.112000465393066,14.420000076293944,69639000,2016,-0.17399978637695135,-0.46115136580925364,1.9949722481041332,12,0.3879995346069336,0.554784488784948,Normal Volume
2017-01-03,14.465999603271484,14.68866729736328,14.064000129699709,14.324000358581545,88849500,2017,0.14199924468993963,1.5442882835696947,1.967170387351483,1,0.6246671676635707,2.545845641251062,Normal Volume
2017-01-04,15.13266658782959,15.199999809265137,14.28733253479004,14.31666660308838,168202500,2017,0.8159999847412092,4.608509628379487,2.0507177526591307,1,0.9126672744750959,6.16996421489765,High Volume
2017-01-05,15.116666793823242,15.165332794189451,14.796667098999023,15.094667434692385,88675500,2017,0.0219993591308576,-0.10573016932267087,2.048241076121731,1,0.3686656951904279,0.46814783964471524,Normal Volume
2017-01-06,15.267333030700684,15.354000091552734,15.029999732971191,15.128666877746582,82918500,2017,0.13866615295410156,0.9966895409707854,1.9752048166157625,1,0.32400035858154297,1.489445273843691,Normal Volume
2017-01-09,15.41866683959961,15.461333274841309,15.199999809265137,15.264666557312012,59692500,2017,0.15400028228759766,0.9912262252654847,1.974938172413644,1,0.2613334655761719,1.28837873261693,Normal Volume
2017-01-10,15.324666976928713,15.466667175292969,15.12600040435791,15.466667175292969,54900000,2017,-0.14200019836425604,-0.6096497424114333,1.9739636384356742,1,0.3406667709350586,0.0,Normal Volume
2017-01-11,15.315333366394045,15.33199977874756,15.112000465393066,15.271332740783691,54762000,2017,0.04400062561035334,-0.06090579683538655,1.9713780120923996,1,0.21999931335449396,0.397260926689465,Normal Volume
2017-01-12,15.305999755859377,15.380000114440918,15.038666725158691,15.27066707611084,56853000,2017,0.03533267974853693,-0.06094291460314594,1.834584768303245,1,0.34133338928222656,0.715967663921616,Normal Volume
2017-01-13,15.850000381469728,15.856666564941406,15.305999755859377,15.333333015441896,91395000,2017,0.516667366027832,3.554165910672369,1.9028235114976126,1,0.5506668090820295,3.413044958799702,Normal Volume
2017-01-17,15.70533275604248,15.997332572937012,15.624667167663574,15.779999732971191,69262500,2017,-0.07466697692871094,-0.9127294759965987,1.7120259988513753,1,0.3726654052734375,1.3772677036978571,Normal Volume
2017-01-18,15.890666961669922,15.980667114257812,15.70533275604248,15.776666641235352,56535000,2017,0.11400032043457031,1.1800718170465796,1.6999199350238465,1,0.27533435821533203,1.2930518065791317,Normal Volume
2017-01-19,16.250667572021484,16.57866668701172,16.049999237060547,16.483333587646484,115984500,2017,-0.232666015625,2.265484584252664,1.6767975367985843,1,0.5286674499511719,0.5783605534543221,High Volume
2017-01-20,16.315332412719727,16.399999618530273,16.200666427612305,16.36400032043457,63064500,2017,-0.04866790771484375,0.39792113408050334,1.6585240385412368,1,0.19933319091796875,0.2199908175921321,Normal Volume
2017-01-23,16.594667434692383,16.72599983215332,16.366666793823242,16.389999389648438,93943500,2017,0.2046680450439453,1.7121013222806347,1.5674694456170817,1,0.3593330383300781,2.050033282594832,Normal Volume
2017-01-24,16.974000930786133,16.98666763305664,16.643333435058594,16.666667938232422,74482500,2017,0.30733299255371094,2.2858758549190616,1.5683069169566093,1,0.3433341979980469,1.9199980224610884,Normal Volume
2017-01-25,16.96466636657715,17.230667114257812,16.786666870117188,17.15399932861328,77139000,2017,-0.1893329620361328,-0.05499330562692695,1.5682579831016261,1,0.444000244140625,0.4469382572298901,Normal Volume
2017-01-26,16.833999633789062,17.049333572387695,16.71666717529297,16.952667236328125,47281500,2017,-0.1186676025390625,-0.7702287210641479,1.5929477845339293,1,0.33266639709472656,0.570213139395685,Normal Volume
2017-01-27,16.863332748413086,16.866666793823242,16.56800079345703,16.7586669921875,47494500,2017,0.10466575622558594,0.17424922931057463,1.5500862101499706,1,0.29866600036621094,0.6444414802566886,Normal Volume
2017-01-30,16.708667755126953,17.019332885742188,16.47333335876465,16.8353328704834,57016500,2017,-0.1266651153564453,-0.9171674163915622,1.5797395210055902,1,0.5459995269775391,1.092939573421727,Normal Volume
2017-01-31,16.795333862304688,17.05933380126953,16.51333236694336,16.615999221801758,61741500,2017,0.1793346405029297,0.5186895116227497,1.5601710502863784,1,0.5460014343261719,2.668118682179984,Normal Volume
2017-02-01,16.615999221801758,16.8799991607666,16.60333251953125,16.8700008392334,59382000,2017,-0.2540016174316406,-1.0677646659077555,1.5646455112999829,2,0.27666664123535156,0.059266870396062564,Normal Volume
2017-02-02,16.770000457763672,16.827999114990234,16.513999938964844,16.555999755859375,37497000,2017,0.21400070190429688,0.9268250070681772,1.561126863880123,2,0.3139991760253906,1.6429050685060282,Normal Volume
2017-02-03,16.755332946777344,16.812000274658203,16.64533233642578,16.79400062561035,32800500,2017,-0.03866767883300781,-0.08746279419173941,1.5079825826987803,2,0.16666793823242188,0.10717904238018565,Normal Volume
2017-02-06,17.184667587280273,17.187999725341797,16.708667755126953,16.733333587646484,53437500,2017,0.45133399963378906,2.562376061798921,1.5316271523003113,2,0.47933197021484375,2.717128271625287,Normal Volume
2017-02-07,17.165332794189453,17.333332061767578,17.094667434692383,17.21266746520996,63672000,2017,-0.04733467102050781,-0.11251188300628323,1.5380275762926587,2,0.2386646270751953,0.7010220629748587,Normal Volume
2017-02-08,17.472000122070312,17.55733299255371,17.079999923706055,17.156667709350586,58995000,2017,0.31533241271972656,1.7865504360315532,1.5209071308185562,2,0.47733306884765625,2.3353327696890562,Normal Volume
2017-02-09,17.946666717529297,18.07866668701172,17.74333381652832,17.75,117303000,2017,0.19666671752929688,2.716727290193832,1.5120311966994728,2,0.33533287048339844,1.8516433071082745,High Volume
2017-02-10,17.948667526245117,18.06333351135254,17.74066734313965,17.986000061035156,54295500,2017,-0.03733253479003906,0.011148636943625334,1.5132608961981875,2,0.3226661682128906,0.4299646950681263,Normal Volume
2017-02-13,18.706666946411133,18.71933364868164,18.03400039672852,18.04933357238769,105444000,2017,0.657333374023441,4.223151490536248,1.5370386132448612,2,0.6853332519531214,3.7120488333094537,High Volume
2017-02-14,18.73200035095215,19.159332275390625,18.573999404907227,18.601999282836918,110178000,2017,0.13000106811523082,0.13542446986194445,1.5225068211173245,2,0.5853328704833984,2.9960918935629093,High Volume
2017-02-15,18.65066719055176,18.81599998474121,18.429332733154297,18.666667938232425,74218500,2017,-0.016000747680664062,-0.43419367326806846,1.537653031822923,2,0.38666725158691406,0.7999930518018632,Normal Volume
2017-02-16,17.93000030517578,18.666667938232425,17.899999618530273,18.50666618347168,106159500,2017,-0.5766658782958984,-3.86402737238839,1.6024671357943552,2,0.766668319702152,0.8645628184704787,High Volume
2017-02-17,18.148666381835938,18.19266700744629,17.610000610351562,17.719999313354492,93856500,2017,0.4286670684814453,1.2195542272078752,1.6011969532266648,2,0.5826663970947266,2.6674250135866306,Normal Volume
2017-02-21,18.49266624450684,18.76000022888184,18.267332077026367,18.36333274841309,85150500,2017,0.12933349609375,1.8954553212526593,1.6167523158183792,2,0.4926681518554723,2.1601061523161094,Normal Volume
2017-02-22,18.233999252319336,18.89666748046875,18.17333221435547,18.687332153320312,131325000,2017,-0.45333290100097656,-1.3987544509128869,1.6578959479635687,2,0.7233352661132812,1.120199102958864,High Volume
2017-02-23,17.06599998474121,17.643999099731445,17.03733253479004,17.600000381469727,223728000,2017,-0.5340003967285156,-6.405612128285886,2.08361413465821,2,0.6066665649414062,0.24999271197768316,High Volume
2017-02-24,17.133333206176758,17.21666717529297,16.68000030517578,16.8439998626709,122574000,2017,0.2893333435058594,0.3945460066550499,2.081944764538375,2,0.5366668701171875,2.212463284614262,High Volume
2017-02-27,16.415332794189453,16.55733299255371,16.134000778198242,16.544666290283203,171912000,2017,-0.12933349609375,-4.190663914295778,2.2434491402165824,2,0.42333221435546875,0.07656063923118869,High Volume
2017-02-28,16.666000366210938,16.733333587646484,16.260000228881836,16.279333114624023,91171500,2017,0.38666725158691406,1.527033141297096,2.1700801341651523,2,0.47333335876464844,2.7888149337924903,Normal Volume
2017-03-01,16.667999267578125,16.989999771118164,16.607332229614258,16.94533348083496,72142500,2017,-0.27733421325683594,0.011993887695105343,2.1604142585295696,3,0.38266754150390625,0.26359050610435225,Normal Volume
2017-03-02,16.698667526245117,16.885332107543945,16.551332473754883,16.6473331451416,50277000,2017,0.051334381103515625,0.18399484050042325,2.152813436881576,3,0.3339996337890625,1.4296521870940149,Normal Volume
2017-03-03,16.771333694458008,16.793333053588867,16.600000381469727,16.715999603271484,43791000,2017,0.05533409118652344,0.4351614767985623,2.1175599207792537,3,0.19333267211914062,0.462631324197016,Normal Volume
2017-03-06,16.747333526611328,16.780000686645508,16.500667572021484,16.527332305908203,50332500,2017,0.220001220703125,-0.14310232140101187,2.1174784563621203,3,0.27933311462402344,1.5287910720290934,Normal Volume
2017-03-07,16.57266616821289,16.926000595092773,16.55466651916504,16.794666290283203,51892500,2017,-0.2220001220703125,-1.0429562301419115,2.1052692263461434,3,0.3713340759277344,0.7820000858579469,Normal Volume
2017-03-08,16.45800018310547,16.67133331298828,16.35466766357422,16.46666717529297,55878000,2017,-0.0086669921875,-0.6918982373962046,2.0644245630861677,3,0.3166656494140625,1.2429117289890883,Normal Volume
2017-03-09,16.32666778564453,16.577333450317383,16.200000762939453,16.5086669921875,58189500,2017,-0.18199920654296875,-0.7979851500776736,2.068542674932147,3,0.3773326873779297,0.41594186957904156,Normal Volume
2017-03-10,16.246000289916992,16.433332443237305,16.200000762939453,16.413999557495117,45994500,2017,-0.167999267578125,-0.49408426009909245,2.066101257083016,3,0.23333168029785156,0.11778290644195571,Normal Volume
2017-03-13,16.411333084106445,16.456666946411133,16.185333251953125,16.321332931518555,45339000,2017,0.09000015258789062,1.0176830680722393,2.07564321346212,3,0.2713336944580078,0.8291848187915526,Normal Volume
2017-03-14,17.200000762939453,17.20800018310547,16.40133285522461,16.407333374023438,113976000,2017,0.7926673889160156,4.805628371511106,2.250639834748633,3,0.8066673278808594,4.879932593736835,High Volume
2017-03-15,17.048667907714844,17.399999618530273,16.951332092285156,17.133333206176758,79962000,2017,-0.08466529846191406,-0.8798421425113223,2.2566022727166235,3,0.4486675262451172,1.5564187606961348,Normal Volume
2017-03-16,17.469999313354492,17.71666717529297,17.270666122436523,17.49333381652832,106983000,2017,-0.023334503173828125,2.4713450219121746,2.2871168690918053,3,0.4460010528564453,1.276676939381533,High Volume
2017-03-17,17.433332443237305,17.68866729736328,17.413333892822266,17.600000381469727,97462500,2017,-0.16666793823242188,-0.2098847828182704,2.28394929059689,3,0.2753334045410156,0.5037892839304039,High Volume
2017-03-20,17.461332321166992,17.636667251586914,17.254667282104492,17.373332977294922,54214500,2017,0.08799934387207031,0.16061116267274134,2.2834908584060467,3,0.3819999694824219,1.5157383711930335,Normal Volume
2017-03-21,16.711999893188477,17.65333366394043,16.682666778564453,17.52199935913086,103629000,2017,-0.8099994659423828,-4.291381746799239,2.37614296640862,3,0.9706668853759766,0.7495394910006712,High Volume
2017-03-22,17.000667572021484,17.004667282104492,16.700666427612305,16.770666122436523,60889500,2017,0.23000144958496094,1.7273078068332337,2.3985212457819185,3,0.3040008544921875,1.395300329513518,Normal Volume
2017-03-23,16.985332489013672,17.17799949645996,16.886667251586914,17.025999069213867,49803000,2017,-0.04066658020019531,-0.090202828464514,2.3745637732691613,3,0.2913322448730469,0.8927548194275332,Normal Volume
2017-03-24,17.54400062561035,17.592666625976562,17.000667572021484,17.046667098999023,84709500,2017,0.4973335266113281,3.2891209928215037,2.3998639685475696,3,0.5919990539550781,3.2029693769851355,Normal Volume
2017-03-27,18.014667510986328,18.038000106811523,17.316667556762695,17.373332977294922,93462000,2017,0.6413345336914062,2.6827796887382016,2.4511377268501784,3,0.7213325500488281,3.82578938874452,Normal Volume
2017-03-28,18.49666786193848,18.71199989318848,18.333332061767575,18.468000411987305,119814000,2017,0.028667449951175428,2.6755994839105623,2.37520796066607,3,0.37866783142090554,1.3212014065301785,High Volume
2017-03-29,18.492000579833984,18.63999938964844,18.369333267211918,18.55599975585937,55143000,2017,-0.06399917602538707,-0.025233096789822884,2.375049776486439,3,0.27066612243652344,0.45268180046480816,Normal Volume
2017-03-30,18.527999877929688,18.799999237060547,18.48066711425781,18.535999298095703,62226000,2017,-0.007999420166015625,0.19467497819007917,2.3740010090716375,3,0.3193321228027379,1.424255227458742,Normal Volume
2017-03-31,18.553333282470703,18.64533233642578,18.42133331298828,18.582000732421875,49419000,2017,-0.028667449951171875,0.13673037946848599,2.2587034008500333,3,0.2239990234375,0.34082230926514423,Normal Volume
2017-04-03,19.90133285522461,19.933332443237305,18.972000122070312,19.12666702270508,208329000,2017,0.7746658325195277,7.265538500445645,2.6020743699626188,4,0.9613323211669922,4.217490792173243,High Volume
2017-04-04,20.24666786193848,20.320667266845703,19.635332107543945,19.792667388916016,152019000,2017,0.4540004730224645,1.735235570532212,2.598935262330871,4,0.6853351593017578,2.6676539728312205,High Volume
2017-04-05,19.666667938232425,20.32533264160156,19.61333274841309,20.13599967956543,118213500,2017,-0.46933174133300426,-2.864668535390913,2.6460129092424642,4,0.7119998931884695,0.9402709825639778,High Volume
2017-04-06,19.913333892822266,20.12933349609375,19.606666564941406,19.79199981689453,82809000,2017,0.12133407592773438,1.254233586312381,2.328536316367606,4,0.5226669311523438,1.704394110347906,Normal Volume
2017-04-07,20.16933250427246,20.179332733154297,19.809999465942383,19.833332061767575,68694000,2017,0.33600044250488637,1.2855637977449375,2.3322757432039585,4,0.36933326721191406,1.7445413121161963,Normal Volume
2017-04-10,20.826000213623047,20.915332794189453,20.58066749572754,20.61000061035156,114967500,2017,0.21599960327148793,3.2557731358312747,2.2005321223828984,4,0.33466529846191406,1.4814758602410634,High Volume
2017-04-11,20.58066749572754,20.89800071716309,20.36666679382324,20.892000198364254,85869000,2017,-0.3113327026367152,-1.1780116939354768,2.2258156689596906,4,0.5313339233398509,0.028721609907437405,Normal Volume
2017-04-12,19.78933334350586,20.56333351135254,19.75466728210449,20.422666549682617,90760500,2017,-0.6333332061767578,-3.8450363788538833,2.375069716275236,4,0.8086662292480504,0.6887786241219708,Normal Volume
2017-04-13,20.26666641235352,20.49266624450684,19.68666648864746,19.780000686645508,139269000,2017,0.48666572570801137,2.412072506749219,2.396329278827018,4,0.8059997558593786,3.602960228118135,High Volume
2017-04-17,20.09600067138672,20.26666641235352,19.91200065612793,20.18000030517578,62080500,2017,-0.0839996337890625,-0.8421007061268471,2.412032939891356,4,0.3546657562255895,0.42946534126419084,Normal Volume
2017-04-18,20.01666641235352,20.05599975585937,19.86000061035156,19.979999542236328,45535500,2017,0.03666687011719105,-0.39477635540765554,2.4152588610604484,4,0.1959991455078125,0.38038145827973696,Normal Volume
2017-04-19,20.368000030517575,20.441333770751957,20.14066696166992,20.16399955749512,58470000,2017,0.20400047302245383,1.7552054419372576,2.4026589833765057,4,0.30066680908203836,1.3753928751389433,Normal Volume
2017-04-20,20.167333602905277,20.61000061035156,20.01533317565918,20.43400001525879,92241000,2017,-0.2666664123535121,-0.9852043760390616,2.4091790624235765,4,0.5946674346923793,0.8613124936935698,Normal Volume
2017-04-21,20.37333297729492,20.426666259765625,20.027999877929688,20.13333320617676,67647000,2017,0.23999977111815696,1.0214507204857615,2.392817545293381,4,0.3986663818359375,1.4569522621265274,Normal Volume
2017-04-24,20.53533363342285,20.703332901000977,20.40133285522461,20.61466789245605,76252500,2017,-0.07933425903319957,0.7951603024820564,2.3809129490504994,4,0.3020000457763672,0.4301064126159046,Normal Volume
2017-04-25,20.91933250427246,20.93199920654297,20.39066696166992,20.53333282470703,101065500,2017,0.3859996795654297,1.8699422064641924,2.388534189278516,4,0.5413322448730504,1.9415571024896474,High Volume
2017-04-26,20.67799949645996,20.96666717529297,20.600000381469727,20.82466697692871,70425000,2017,-0.14666748046875,-1.1536362728744365,2.293224455229747,4,0.3666667938232422,0.6818846059895094,Normal Volume
2017-04-27,20.57533264160156,20.87266731262207,20.5,20.779333114624023,52029000,2017,-0.2040004730224645,-0.4965028404995242,2.2855133656917164,4,0.3726673126220703,0.4491683995977733,Normal Volume
2017-04-28,20.9379997253418,20.98666763305664,20.53333282470703,20.655332565307617,67582500,2017,0.28266716003418324,1.7626304762964562,2.2696859358246857,4,0.4533348083496094,1.6041139337815786,Normal Volume
2017-05-01,21.52199935913086,21.81666755676269,20.98733329772949,20.992000579833984,132444000,2017,0.529998779296875,2.7891854114518333,2.297292381198769,5,0.8293342590332031,3.928482060547034,High Volume
2017-05-02,21.25933265686035,21.8439998626709,21.10400009155273,21.600000381469727,80742000,2017,-0.340667724609375,-1.2204567888302154,2.322793397021852,5,0.7399997711181676,1.1296272078332688,Normal Volume
2017-05-03,20.73466682434082,21.435333251953125,20.696666717529297,21.17799949645996,107001000,2017,-0.4433326721191406,-2.467931806646917,2.20918929817378,5,0.7386665344238281,1.2150994504281627,High Volume
2017-05-04,19.69733238220215,20.51799964904785,19.38400077819824,20.496000289916992,212280000,2017,-0.7986679077148438,-5.002899014132822,2.436051556848221,5,1.133998870849613,0.10733488885478774,High Volume
2017-05-05,20.55666732788086,20.56999969482422,19.786666870117188,19.86666679382324,122659500,2017,0.6900005340576207,4.362697085089429,2.5313542216772533,5,0.7833328247070312,3.5402662575468065,High Volume
2017-05-08,20.47933387756348,20.91933250427246,20.38800048828125,20.726667404174805,105097500,2017,-0.24733352661132457,-0.3761964382840044,2.4886206892969356,5,0.5313320159912109,0.9295517525352354,High Volume
2017-05-09,21.417333602905277,21.465999603271484,20.606666564941406,20.625333786010746,145147500,2017,0.7919998168945312,4.580225758072332,2.5676376844235334,5,0.8593330383300781,4.075889515208356,High Volume
2017-05-10,21.68133354187012,21.700000762939453,21.20800018310547,21.437332153320312,86124000,2017,0.24400138854980824,1.2326461540900224,2.5409857411795955,5,0.4920005798339844,1.2252859065695696,Normal Volume
2017-05-11,21.540000915527344,21.733333587646484,21.30666732788086,21.559999465942383,71307000,2017,-0.019998550415039062,-0.6518631617831172,2.5485426918555665,5,0.426666259765625,0.8039616233660476,Normal Volume
2017-05-12,21.65399932861328,21.799999237060547,21.435333251953125,21.69866752624512,61824000,2017,-0.04466819763183949,0.5292405210798323,2.5477068725364957,5,0.3646659851074219,0.4669950848035379,Normal Volume
2017-05-15,21.058666229248047,21.34666633605957,20.8353328704834,21.22533226013184,114330000,2017,-0.16666603088379262,-2.7492985952879856,2.6174665356501414,5,0.5113334655761719,0.571647475010962,High Volume
2017-05-16,21.13400077819824,21.33733367919922,21.00933265686035,21.172666549682617,62287500,2017,-0.03866577148437855,0.35773656379796126,2.279830835651738,5,0.3280010223388672,0.7777344867270389,Normal Volume
2017-05-17,20.40733337402344,20.97533226013184,20.36666679382324,20.959333419799805,100678500,2017,-0.5520000457763636,-3.4383807013219414,2.356104388343995,5,0.6086654663086009,0.07633277266786101,High Volume
2017-05-18,20.87066650390625,20.929332733154297,20.35400009155273,20.46666717529297,84807000,2017,0.40399932861328125,2.270424662501891,2.323110953588271,5,0.575332641601566,2.260580845423873,Normal Volume
2017-05-19,20.722000122070312,21.100000381469727,20.68000030517578,21.03333282470703,70314000,2017,-0.31133270263671875,-0.7123221570720428,2.3207939810877036,5,0.4200000762939453,0.3169614502765988,Normal Volume
2017-05-22,20.690000534057617,20.95800018310547,20.453332901000977,20.85333251953125,64938000,2017,-0.1633319854736328,-0.15442325945463908,2.31155999100554,5,0.5046672821044922,0.5019229587222422,Normal Volume
2017-05-23,20.257333755493164,20.715333938598636,20.23200035095215,20.69733238220215,64776000,2017,-0.4399986267089844,-2.0911878559512043,2.2664065002120983,5,0.4833335876464879,0.08697524910006109,Normal Volume
2017-05-24,20.68133354187012,20.733333587646484,20.36000061035156,20.43400001525879,75499500,2017,0.24733352661133168,2.0930680784285505,2.2896978262982635,5,0.3733329772949254,1.4648799655680353,Normal Volume
2017-05-25,21.121999740600582,21.131332397460938,20.520666122436523,20.73466682434082,75210000,2017,0.3873329162597621,2.1307436381619915,2.1980118749956548,5,0.6106662750244141,1.913054964811221,Normal Volume
2017-05-26,21.676000595092773,21.69933319091797,21.08733367919922,21.152000427246094,117033000,2017,0.5240001678466797,2.6228617616507854,2.2055160095961615,5,0.61199951171875,2.5876170225812327,High Volume
2017-05-30,22.34000015258789,22.41866683959961,21.71733283996582,21.733333587646484,116743500,2017,0.6066665649414062,3.063293685484769,2.2536936126423215,5,0.7013339996337891,3.1533738217807397,High Volume
2017-05-31,22.733999252319336,22.85933303833008,22.3439998626709,22.512666702270508,149451000,2017,0.22133255004882812,1.7636485991062267,2.262606456857602,5,0.5153331756591832,1.5398723778227967,High Volume
2017-06-01,22.691333770751957,22.992000579833984,22.48600006103516,22.933332443237305,114120000,2017,-0.241998672485348,-0.18767257398860648,2.251738578829136,6,0.5060005187988246,0.2558203729959012,High Volume
2017-06-02,22.656667709350582,22.858667373657227,22.39533233642578,22.65133285522461,83853000,2017,0.00533485412597301,-0.1527722510787699,2.2393635618470213,6,0.4633350372314453,0.9153303240819878,Normal Volume
2017-06-05,23.15466690063477,23.22933387756348,22.28066635131836,22.56666755676269,101766000,2017,0.5879993438720774,2.198024871409743,2.260589861370145,6,0.9486675262451207,2.936482841934733,High Volume
2017-06-06,23.523332595825195,23.965999603271484,22.6646671295166,22.979999542236328,166302000,2017,0.5433330535888672,1.5921874271502379,2.2694257541148,6,1.3013324737548828,4.290687905467219,High Volume
2017-06-07,23.976667404174805,24.03333282470703,23.676000595092773,23.756000518798828,140970000,2017,0.22066688537597656,1.9271708483604266,2.27065918136718,6,0.3573322296142578,1.1674200195809132,High Volume
2017-06-08,24.666667938232425,24.793333053588867,24.014667510986328,24.25,135922500,2017,0.4166679382324254,2.8777999979157975,2.2898154439698666,6,0.7786655426025391,2.240548674593267,High Volume
2017-06-09,23.821332931518555,25.124666213989254,23.65333366394043,24.961332321166992,258921000,2017,-1.1399993896484375,-3.4270336343387164,2.398785945916639,6,1.4713325500488246,0.6543476554885508,High Volume
2017-06-12,23.93400001525879,24.299999237060547,23.374666213989254,23.86599922180176,157765500,2017,0.0680007934570277,0.4729671679755576,2.3872282830885516,6,0.9253330230712926,1.818486673134236,High Volume
2017-06-13,25.06333351135254,25.06666755676269,24.44066619873047,24.507999420166016,177118500,2017,0.5553340911865234,4.718532194258196,2.4760739296181735,6,0.626001358032223,2.2795338249314017,High Volume
2017-06-14,25.37733268737793,25.61666679382324,25.08733367919922,25.4060001373291,192276000,2017,-0.028667449951171875,1.2528228772248573,2.456580073571152,6,0.5293331146240199,0.8292004068149398,High Volume
2017-06-15,25.022666931152344,25.03066635131836,24.432666778564453,24.833332061767575,156397500,2017,0.18933486938476918,-1.3975690849574174,2.4176322343747514,6,0.5979995727539062,0.7946347637117651,High Volume
2017-06-16,24.76000022888184,25.200666427612305,24.67333221435547,25.19866752624512,100965000,2017,-0.43866729736328125,-1.049715056325562,2.196096669666157,6,0.5273342132568359,0.007932567724472078,High Volume
2017-06-19,24.65333366394043,25.11333274841309,24.520000457763672,25.0,98239500,2017,-0.3466663360595703,-0.4308019545855468,2.0993358339904646,6,0.5933322906494176,0.4533309936523579,High Volume
2017-06-20,24.81599998474121,25.2586669921875,24.648666381835938,25.1113338470459,111580500,2017,-0.2953338623046875,0.6598147050542957,2.0907371511608495,6,0.6100006103515625,0.5867197100680251,High Volume
2017-06-21,25.09333229064941,25.132667541503903,24.534666061401367,24.956666946411133,73848000,2017,0.1366653442382777,1.117554424882039,1.9584380921366658,6,0.5980014801025355,0.705224762067354,Normal Volume
2017-06-22,25.507333755493164,25.666667938232425,24.90466690063477,25.19933319091797,112947000,2017,0.3080005645751953,1.6498465012477537,1.964938413865545,6,0.7620010375976562,1.8545520382376137,High Volume
2017-06-23,25.56333351135254,25.79933357238769,25.290000915527344,25.49666786193848,96687000,2017,0.06666564941405895,0.21954374532506815,1.9527815261902484,6,0.509332656860348,1.1870794728476348,High Volume
2017-06-26,25.166000366210938,25.796667098999023,24.87333297729492,25.779333114624023,99061500,2017,-0.6133327484130859,-1.5543088109582714,1.9917121702779506,6,0.9233341217041051,0.06723984789647963,High Volume
2017-06-27,24.15800094604492,25.09333229064941,24.134666442871094,25.09333229064941,104946000,2017,-0.9353313446044922,-4.005401754342364,2.0743301528042775,6,0.9586658477783168,0.0,High Volume
2017-06-28,24.74933242797852,24.78266716003418,24.167999267578125,24.44533348083496,94537500,2017,0.30399894714355824,2.4477666146892396,2.1049691545578195,6,0.6146678924560547,1.3799512265344507,Normal Volume
2017-06-29,24.049999237060547,24.733333587646484,23.606666564941406,24.707332611083984,123315000,2017,-0.6573333740234375,-2.8256648657213557,2.0675851179513987,6,1.1266670227050781,0.10523587054814519,High Volume
2017-06-30,24.107332229614254,24.45133209228516,23.974666595458984,24.247333526611328,87727500,2017,-0.14000129699707387,0.23839082899161923,2.043085538491079,6,0.4766654968261754,0.8413237086459188,Normal Volume
2017-07-03,23.507999420166016,24.75666618347168,23.433332443237305,24.682666778564453,94581000,2017,-1.1746673583984375,-2.486101754187464,2.104188917824148,7,1.323333740234375,0.2998031192135649,Normal Volume
2017-07-05,21.80599975585937,23.14933204650879,21.755332946777344,23.14666748046875,255700500,2017,-1.3406677246093786,-7.2400872311006115,2.528437944357547,7,1.3939990997314453,0.01151166163460651,High Volume
2017-07-06,20.588666915893555,21.38599967956543,20.420000076293945,21.15066719055176,289867500,2017,-0.5620002746582067,-5.5825591745167,2.7115659190634727,7,0.9659996032714844,1.112648063975939,High Volume
2017-07-07,20.881332397460938,21.13333320617676,20.492000579833984,20.899999618530277,212653500,2017,-0.01866722106933949,1.4214882525563466,2.697194786806339,7,0.641332626342777,1.116428669403453,High Volume
2017-07-10,21.06999969482422,21.19599914550781,20.208667755126957,20.86000061035156,207313500,2017,0.2099990844726598,0.90352135473033,2.674035346930647,7,0.9873313903808523,1.6107311856429871,High Volume
2017-07-11,21.814666748046875,21.818666458129883,20.953332901000977,21.06666755676269,173391000,2017,0.7479991912841832,3.534252795483339,2.7094869800742574,7,0.8653335571289062,3.5696148873141973,High Volume
2017-07-12,21.968000411987305,22.206666946411133,21.63333320617676,22.02666664123535,155191500,2017,-0.058666229248046875,0.7028925342357439,2.6528666131740777,7,0.5733337402343714,0.8171926697197524,High Volume
2017-07-13,21.560667037963867,22.106666564941406,21.33133316040039,22.007333755493164,128917500,2017,-0.4466667175292969,-1.8542123378747166,2.65115441166593,7,0.7753334045410156,0.4513623074555686,High Volume
2017-07-14,21.851999282836918,21.89466667175293,21.4146671295166,21.54599952697754,84378000,2017,0.30599975585937855,1.3512209263288222,2.665090962266095,7,0.4799995422363281,1.618245393251902,Normal Volume
2017-07-17,21.30466651916504,21.80666732788086,20.89666748046875,21.702667236328125,148153500,2017,-0.39800071716308594,-2.5047262567950312,2.7013276103350456,7,0.9099998474121094,0.47920419375296175,High Volume
2017-07-18,21.882667541503903,21.941999435424805,21.04400062561035,21.166667938232425,95605500,2017,0.7159996032714773,2.713025438905192,2.718471044499832,7,0.8979988098144531,3.6629832312526243,Normal Volume
2017-07-19,21.68400001525879,22.11000061035156,21.54800033569336,21.881999969482425,95355000,2017,-0.19799995422363637,-0.9078761803985258,2.7014281726594445,7,0.5620002746581996,1.04195521975648,Normal Volume
2017-07-20,21.994667053222656,22.014667510986328,21.61333274841309,21.793333053588867,77493000,2017,0.20133399963378906,1.4327017051524393,2.6892606451825496,7,0.40133476257323863,1.015606272125558,Normal Volume
2017-07-21,21.893333435058597,22.083999633789062,21.71999931335449,21.964000701904297,73524000,2017,-0.07066726684569957,-0.4607190366594405,2.6235653084992676,7,0.36400032043457387,0.546343689901456,Normal Volume
2017-07-24,22.834667205810547,22.893333435058597,22.000667572021484,22.016000747680664,129556500,2017,0.8186664581298828,4.29963656993666,2.6908004637828,7,0.8926658630371129,3.984977550794997,High Volume
2017-07-25,22.63999938964844,23.040000915527344,22.27666664123535,23.0,104838000,2017,-0.36000061035155895,-0.8525099770780531,2.69185715110569,7,0.7633342742919922,0.17391702403192935,High Volume
2017-07-26,22.92333221435547,23.03333282470703,22.541332244873047,22.69066619873047,72312000,2017,0.232666015625,1.2514701075326595,2.546126659797653,7,0.4920005798339844,1.5101655587165375,Normal Volume
2017-07-27,22.297332763671875,23.166667938232425,21.752666473388672,23.06666755676269,124536000,2017,-0.7693347930908168,-2.7308396738741525,2.5680126978426765,7,1.4140014648437536,0.43352764860225995,High Volume
2017-07-28,22.33799934387207,22.63999938964844,22.167333602905277,22.459333419799805,73206000,2017,-0.12133407592773438,0.1823831604937487,2.563002561066136,7,0.47266578674316406,0.8044137663024497,Normal Volume
2017-07-31,21.564666748046875,22.766000747680664,21.402666091918945,22.36666679382324,128026500,2017,-0.8020000457763636,-3.4619599719763694,2.6229998830367918,7,1.3633346557617188,1.785397697111065,High Volume
2017-08-01,21.30466651916504,21.6299991607666,21.07533264160156,21.53333282470703,124546500,2017,-0.2286663055419922,-1.205677008226358,2.6268637513527158,8,0.5546665191650426,0.44891488394521434,High Volume
2017-08-02,21.72599983215332,21.808000564575195,20.74799919128418,21.262666702270508,196372500,2017,0.4633331298828125,1.9776573954314758,2.6569366880223155,8,1.0600013732910156,2.5647482036975857,High Volume
2017-08-03,23.139333724975582,23.333332061767575,22.87666702270508,23.02199935913086,203025000,2017,0.11733436584472301,6.5052651373521675,2.9314851820403,8,0.4566650390624929,1.3523269537979383,High Volume
2017-08-04,23.79400062561035,23.81800079345703,22.886667251586918,23.13333320617676,139033500,2017,0.6606674194335902,2.829238336833151,2.9652511283477767,8,0.9313335418701136,2.959658174540359,High Volume
2017-08-07,23.67799949645996,23.965333938598636,23.51666641235352,23.82333374023437,94867500,2017,-0.1453342437744105,-0.4875225943531958,2.9647040007217256,8,0.4486675262451172,0.5960551109790562,Normal Volume
2017-08-08,24.347999572753903,24.57200050354004,23.82666778564453,23.8353328704834,111747000,2017,0.5126667022705043,2.8296312633764087,3.0040571781163434,8,0.7453327178955078,3.0906538501457077,High Volume
2017-08-09,24.235332489013672,24.666667938232425,23.93000030517578,24.06666755676269,103381500,2017,0.16866493225098012,-0.46273651107793246,2.9120904102876057,8,0.7366676330566442,2.4930762850926347,High Volume
2017-08-10,23.69333267211914,24.44333267211914,23.643999099731445,24.106666564941406,106393500,2017,-0.4133338928222656,-2.236403470594972,2.904768551019519,8,0.7993335723876953,1.3965684814645904,High Volume
2017-08-11,23.857999801635746,24.083999633789062,23.57466697692871,23.79800033569336,65487000,2017,0.059999465942386365,0.6949935317051237,2.861830217783404,8,0.5093326568603516,1.201778695946768,Normal Volume
2017-08-14,24.253332138061523,24.51066780090332,24.17333221435547,24.308666229248047,67788000,2017,-0.05533409118652344,1.6570221297372623,2.87735902967067,8,0.33733558654785156,0.8309858292933667,Normal Volume
2017-08-15,24.155332565307617,24.36599922180176,23.95800018310547,24.34666633605957,46276500,2017,-0.19133377075195312,-0.4040664276399042,2.838668651005548,8,0.4079990386962926,0.07940670593393452,Normal Volume
2017-08-16,24.194000244140625,24.433332443237305,24.167999267578125,24.200000762939453,51207000,2017,-0.006000518798828125,0.16007926501722114,2.4743035671093487,8,0.2653331756591797,0.9641804667013982,Normal Volume
2017-08-17,23.461332321166992,24.21999931335449,23.439332962036133,24.08066749572754,75415500,2017,-0.6193351745605469,-3.0283041893870877,2.299985408280611,8,0.7806663513183558,0.5786044662244941,Normal Volume
2017-08-18,23.16399955749512,23.600000381469727,23.053333282470703,23.527332305908203,81123000,2017,-0.3633327484130824,-1.2673311114715147,2.3136405495802124,8,0.5466670989990234,0.30886661784122027,Normal Volume
2017-08-21,22.52400016784668,23.05466651916504,22.12333297729492,23.05466651916504,97431000,2017,-0.5306663513183594,-2.7629053784943514,2.380467199867363,8,0.9313335418701207,0.0,High Volume
2017-08-22,22.75666618347168,22.81599998474121,22.4913330078125,22.742000579833984,64830000,2017,0.014665603637695312,1.0329693388882788,2.3040385983471587,8,0.32466697692871094,0.32538652282352004,Normal Volume
2017-08-23,23.51799964904785,23.56599998474121,22.553333282470703,22.59933280944824,74317500,2017,0.9186668395996129,3.345540420719151,2.37469036413016,8,1.0126667022705078,4.27741466282948,Normal Volume
2017-08-24,23.52866744995117,23.777332305908203,23.31599998474121,23.501333236694336,68770500,2017,0.027334213256832385,0.04536015419045469,2.3416194098265217,8,0.4613323211669922,1.1743974966617206,Normal Volume
2017-08-25,23.203332901000977,23.71266746520996,23.15333366394043,23.61599922180176,52260000,2017,-0.4126663208007848,-1.3827155730014251,2.3531858249119018,8,0.5593338012695312,0.4093337000068903,Normal Volume
2017-08-28,23.04400062561035,23.156667709350582,22.64800071716309,23.152000427246094,56460000,2017,-0.10799980163574219,-0.6866784012039551,2.3032993957748156,8,0.5086669921874929,0.020159303811155826,Normal Volume
2017-08-29,23.15733337402344,23.270000457763672,22.583332061767575,22.631999969482425,61105500,2017,0.5253334045410156,0.4918102123601553,2.2578875960733233,8,0.6866683959960973,2.8190194818908747,Normal Volume
2017-08-30,23.545333862304688,23.564666748046875,23.13333320617676,23.31133270263672,51193500,2017,0.23400115966796875,1.6754972691133796,2.262912494477214,8,0.43133354187011363,1.0867420093125004,Normal Volume
2017-08-31,23.726667404174805,23.895999908447266,23.521333694458008,23.56999969482422,61092000,2017,0.15666770935058594,0.7701464032346061,2.2546883213492777,8,0.3746662139892578,1.38311505237157,Normal Volume
2017-09-01,23.69333267211914,23.839332580566406,23.57933235168457,23.7413330078125,45742500,2017,-0.048000335693359375,-0.1404947921586297,2.2518302128032346,9,0.26000022888183594,0.41278041431649093,Normal Volume
2017-09-05,23.30599975585937,23.69933319091797,23.05933380126953,23.58666610717773,57526500,2017,-0.2806663513183594,-1.6347760005731904,2.145410495515618,9,0.6399993896484375,0.4776727801558689,Normal Volume
2017-09-06,22.96866607666016,23.398666381835938,22.770666122436523,23.299999237060547,61371000,2017,-0.3313331604003871,-1.4474113221184748,2.157141112064936,9,0.6280002593994141,0.42346415453290015,Normal Volume
2017-09-07,23.374000549316406,23.498666763305664,22.89666748046875,23.065332412719727,63588000,2017,0.3086681365966797,1.7647279615777611,2.168835771007075,9,0.6019992828369141,1.878725798666438,Normal Volume
2017-09-08,22.893333435058597,23.318666458129883,22.81999969482422,23.266000747680664,48952500,2017,-0.37266731262206676,-2.056417827336221,2.1419448583399205,9,0.49866676330566406,0.22636340048458425,Normal Volume
2017-09-11,24.246000289916992,24.247333526611328,23.333332061767575,23.42333221435547,115006500,2017,0.8226680755615234,5.908562240162607,2.389461016889232,9,0.9140014648437536,3.517865454475573,High Volume
2017-09-12,24.183332443237305,24.583999633789062,24.02666664123535,24.29933357238769,89593500,2017,-0.11600112915038707,-0.258466740618446,2.2847977682371776,9,0.5573329925537109,1.1714974015783224,Normal Volume
2017-09-13,24.415332794189453,24.538000106811523,23.9726676940918,24.25466728210449,62778000,2017,0.1606655120849645,0.9593398738436676,2.266201731133127,9,0.565332412719723,1.1681579524947046,Normal Volume
2017-09-14,25.176000595092773,25.19733238220215,24.17533302307129,24.288667678833008,108037500,2017,0.8873329162597656,3.1155332074128017,2.3013861910292923,9,1.0219993591308594,3.741105586293727,High Volume
2017-09-15,25.320667266845703,25.333332061767575,24.84666633605957,24.96733283996582,81307500,2017,0.3533344268798828,0.5746213391062849,2.0049444146648683,9,0.48666572570800426,1.46591237497299,Normal Volume
2017-09-18,25.666667938232425,25.974000930786133,25.178667068481445,25.350000381469727,107820000,2017,0.31666755676269887,1.366475329186012,1.9590784187003225,9,0.7953338623046875,2.4615405914255386,High Volume
2017-09-19,25.00666618347168,25.49266624450684,24.90466690063477,25.333332061767575,96778500,2017,-0.3266658782958949,-2.5714352807659324,2.0228166542781927,9,0.5879993438720703,0.6289507529083711,High Volume
2017-09-20,24.92733383178711,25.21666717529297,24.738000869750977,24.86666679382324,73786500,2017,0.06066703796387074,-0.31724481425279283,1.962539354231271,9,0.4786663055419922,1.4075082292761028,Normal Volume
2017-09-21,24.43199920654297,25.121999740600582,24.30066680908203,24.99333381652832,69273000,2017,-0.5613346099853516,-1.9871143403731972,1.9969593459355812,9,0.8213329315185511,0.5148009665968376,Normal Volume
2017-09-22,23.4060001373291,24.65999984741211,23.392000198364254,24.432666778564453,122391000,2017,-1.0266666412353516,-4.199406935716921,2.1036367532000595,9,1.2679996490478551,0.9304472201417764,High Volume
2017-09-25,22.99933242797852,23.83133316040039,22.858667373657227,23.543333053588867,114088500,2017,-0.544000625610348,-1.7374506834339831,2.1219496507940714,9,0.9726657867431641,1.2232766964472843,High Volume
2017-09-26,23.01666641235352,23.416000366210938,22.726667404174805,23.39533233642578,107344500,2017,-0.3786659240722621,0.07536733698372267,2.0962704642109657,9,0.6893329620361328,0.08834253554490779,High Volume
2017-09-27,22.731332778930664,23.432666778564453,22.700000762939453,23.32666778564453,90904500,2017,-0.5953350067138672,-1.239682707786527,2.1052509959078205,9,0.732666015625,0.45441120821017883,Normal Volume
2017-09-28,22.63999938964844,22.850000381469727,22.36000061035156,22.658666610717773,79794000,2017,-0.018667221069332385,-0.401795135245564,2.104610663280503,9,0.4899997711181676,0.8444176086753947,Normal Volume
2017-09-29,22.739999771118164,22.978666305541992,22.57333374023437,22.790666580200195,76606500,2017,-0.05066680908203125,0.44169780991887286,2.0381012206096885,9,0.40533256530762074,0.8248978794903921,Normal Volume
2017-10-02,22.768667221069336,22.913333892822266,22.367332458496094,22.834667205810547,79302000,2017,-0.06599998474121094,0.1260661839917132,2.0260486378152858,10,0.5460014343261719,0.34450551130301166,Normal Volume
2017-10-03,23.209333419799805,23.23666763305664,22.0853328704834,22.393333435058597,152304000,2017,0.8159999847412074,1.9354062073632994,1.9893829705998383,10,1.1513347625732422,3.7660056303977263,High Volume
2017-10-04,23.667333602905277,23.90800094604492,23.30666732788086,23.416667938232425,122452500,2017,0.25066566467285156,1.9733448385671926,2.0115665101922127,10,0.601333618164059,2.098219136507858,High Volume
2017-10-05,23.68866729736328,23.82933235168457,23.42333221435547,23.733333587646484,62575500,2017,-0.044666290283203125,0.09013983077241772,1.918928126863892,10,0.40600013732910156,0.40448916998349765,Normal Volume
2017-10-06,23.79199981689453,24.00666618347168,23.483333587646484,23.540000915527344,64462500,2017,0.2519989013671875,0.4362107763772327,1.9202797073666988,10,0.5233325958251953,1.9824352157799467,Normal Volume
2017-10-09,22.862667083740234,23.450000762939453,22.844667434692383,23.309999465942383,112405500,2017,-0.44733238220214844,-3.9060723785580453,2.0371256030824654,10,0.6053333282470703,0.6006061784841414,High Volume
2017-10-10,23.70599937438965,23.708667755126957,23.03533363342285,23.1200008392334,104677500,2017,0.58599853515625,3.688687271526536,2.1423467833107934,10,0.6733341217041051,2.5461370870481206,High Volume
2017-10-11,23.63999938964844,23.84000015258789,23.40999984741211,23.59266662597656,67512000,2017,0.047332763671882105,-0.27841047196056623,2.142309491338655,10,0.43000030517578125,1.048349177871257,Normal Volume
2017-10-12,23.71199989318848,23.985332489013672,23.50933265686035,23.530000686645508,61305000,2017,0.1819992065429723,0.3045706658163727,2.1218659932770367,10,0.4759998321533203,1.935111725800282,Normal Volume
2017-10-13,23.704666137695312,23.89933204650879,23.57866668701172,23.798667907714844,53107500,2017,-0.09400177001953125,-0.030928456166512408,2.1174637772618015,10,0.3206653594970703,0.4229822407888338,Normal Volume
2017-10-16,23.37333297729492,23.631999969482425,23.143999099731445,23.583999633789062,80632500,2017,-0.21066665649414418,-1.397755017833835,2.133102222630484,10,0.4880008697509801,0.20352924202302103,Normal Volume
2017-10-17,23.71666717529297,23.74799919128418,23.33799934387207,23.393999099731445,49399500,2017,0.32266807556152344,1.4689141609866674,2.127515426584164,10,0.4099998474121094,1.5132089645878382,Normal Volume
2017-10-18,23.976667404174805,24.200000762939453,23.608667373657227,23.731332778930664,74086500,2017,0.24533462524414062,1.0962764159067495,2.115195243431905,10,0.5913333892822266,1.9748911212643123,Normal Volume
2017-10-19,23.45400047302246,23.809999465942383,23.21333312988281,23.70400047302246,75927000,2017,-0.25,-2.179898158245863,2.134822810006061,10,0.5966663360595739,0.4471776527365472,Normal Volume
2017-10-20,23.00666618347168,23.636667251586918,22.95599937438965,23.512666702270508,73956000,2017,-0.5060005187988281,-1.9072835359806528,2.1299569821643454,10,0.6806678771972692,0.5273776508916177,Normal Volume
2017-10-23,22.468000411987305,23.32999992370605,22.416667938232425,23.32533264160156,86209500,2017,-0.8573322296142543,-2.3413464914415094,1.861575364975529,10,0.9133319854736257,0.02000949858338965,Normal Volume
2017-10-24,22.48933219909668,22.85333251953125,22.410667419433597,22.58666610717773,67375500,2017,-0.09733390808105113,0.09494297097303317,1.8625509704656433,10,0.4426651000976527,1.1806364475754847,Normal Volume
2017-10-25,21.7226676940918,22.5,21.570667266845703,22.446666717529297,128911500,2017,-0.7239990234374964,-3.409014097073426,1.9360776538794584,10,0.9293327331542969,0.23760001046860785,High Volume
2017-10-26,21.744667053222656,22.01533317565918,21.546667098999023,21.851999282836918,75352500,2017,-0.10733222961426137,0.10127374519861565,1.8238881328089551,10,0.46866607666015625,0.7474551445301777,Normal Volume
2017-10-27,21.391332626342773,21.639333724975582,21.11066627502441,21.31666755676269,104695500,2017,0.07466506958008168,-1.62492452064249,1.8246142443976403,10,0.5286674499511719,1.5136801629695873,High Volume
2017-10-30,21.338666915893555,21.5853328704834,21.149999618530277,21.27866744995117,63816000,2017,0.059999465942386365,-0.2462011664685293,1.789801158343802,10,0.43533325195312145,1.4411871478960205,Normal Volume
2017-10-31,22.101999282836918,22.1299991607666,21.345333099365234,21.34866714477539,85084500,2017,0.753332138061527,3.5772261217255963,1.9044175443034066,10,0.7846660614013672,3.659863216249659,Normal Volume
2017-11-01,21.405332565307617,22.173999786376957,21.35066795349121,22.149999618530277,126859500,2017,-0.7446670532226598,-3.15205293699512,1.9697305077762501,11,0.8233318328857457,0.10835290410841178,High Volume
2017-11-02,19.950666427612305,20.57933235168457,19.5086669921875,20.0086669921875,296871000,2017,-0.05800056457519531,-6.795811899941895,2.26889863556155,11,1.0706653594970703,2.8520908450317553,High Volume
2017-11-03,20.4060001373291,20.416667938232425,19.67533302307129,19.96666717529297,133410000,2017,0.4393329620361328,2.282298244867653,2.22727579369841,11,0.7413349151611364,2.2537600240880153,High Volume
2017-11-06,20.185333251953125,20.5,19.93400001525879,20.46666717529297,97290000,2017,-0.28133392333984375,-1.0813823575954284,2.2172128265677222,11,0.5659999847412109,0.16286396031919695,High Volume
2017-11-07,20.40333366394043,20.433332443237305,20.00200080871582,20.06800079345703,79414500,2017,0.33533287048339844,1.0799941188298634,2.2323315205594785,11,0.4313316345214844,1.8204685834943068,Normal Volume
2017-11-08,20.292667388916016,20.459333419799805,20.08666610717773,20.36666679382324,70879500,2017,-0.07399940490722301,-0.5423931052012332,2.2266572229083277,11,0.37266731262207387,0.4549916140655367,Normal Volume
2017-11-09,20.19933319091797,20.297332763671875,19.753332138061523,20.166667938232425,81706500,2017,0.03266525268554332,-0.4599405105758847,2.2267262192386545,11,0.5440006256103516,0.6479247133917063,Normal Volume
2017-11-10,20.19933319091797,20.55733299255371,20.12333297729492,20.166667938232425,69381000,2017,0.03266525268554332,0.0,2.222731985695483,11,0.4340000152587926,1.9371819653987254,Normal Volume
2017-11-13,21.02666664123535,21.1200008392334,19.94066619873047,20.0086669921875,113773500,2017,1.0179996490478516,4.0958453553772145,2.3667776918188568,11,1.1793346405029297,5.55426229783236,High Volume
2017-11-14,20.57999992370605,21.09000015258789,20.459999084472656,21.0,85141500,2017,-0.42000007629394887,-2.1242868646299984,2.3542745185521254,11,0.6300010681152344,0.4285721551804315,Normal Volume
2017-11-15,20.753332138061523,20.832666397094727,20.100000381469727,20.40066719055176,89680500,2017,0.3526649475097621,0.8422362244803194,2.3242693872971216,11,0.732666015625,2.1175739131857347,Normal Volume
2017-11-16,20.833332061767575,21.209333419799805,20.753332138061523,20.932666778564453,87331500,2017,-0.09933471679687855,0.38547989871626775,2.3270873762386284,11,0.45600128173828125,1.32169801469665,Normal Volume
2017-11-17,21.003332138061523,21.777999877929688,20.87666702270508,21.711332321166992,206026500,2017,-0.7080001831054688,0.8160004160156609,2.3328237722483935,11,0.9013328552246058,0.30706340714843755,High Volume
2017-11-20,20.582666397094727,21.03333282470703,20.31666755676269,20.91933250427246,123715500,2017,-0.3366661071777344,-2.002852395999022,2.258551651126847,11,0.7166652679443395,0.544951997924826,High Volume
2017-11-21,21.187332153320312,21.215333938598636,20.58066749572754,20.724000930786133,108919500,2017,0.4633312225341797,2.937742586698744,2.2163038618810584,11,0.6346664428710973,2.370840502533531,High Volume
2017-11-22,20.84000015258789,21.161333084106445,20.78933334350586,21.118000030517575,73764000,2017,-0.27799987792968395,-1.6393380639855182,2.228687307481906,11,0.37199974060058594,0.20519487416540508,Normal Volume
2017-11-24,21.036666870117188,21.0939998626709,20.733333587646484,20.91933250427246,48661500,2017,0.11733436584472656,0.9436982537875505,2.2386385582085593,11,0.36066627502441406,0.8349566524781051,Normal Volume
2017-11-27,21.12066650390625,21.1560001373291,20.63400077819824,20.88333320617676,68338500,2017,0.23733329772948863,0.3993010599430358,2.2422857394996187,11,0.5219993591308629,1.3056676750802032,Normal Volume
2017-11-28,21.170000076293945,21.333332061767575,20.92799949645996,21.09066772460937,74242500,2017,0.07933235168457387,0.23357961917807035,2.2360092696495295,11,0.40533256530761363,1.1505768348673637,Normal Volume
2017-11-29,20.502666473388672,21.200000762939453,20.082000732421875,21.15333366394043,131511000,2017,-0.6506671905517578,-3.1522607487023624,2.2685258467824694,11,1.1180000305175781,0.22061344911594571,High Volume
2017-11-30,20.59000015258789,20.71333312988281,20.30266761779785,20.570667266845703,65274000,2017,0.0193328857421875,0.42596254156781477,2.255944136442878,11,0.4106655120849574,0.6935402784286158,Normal Volume
2017-12-01,20.435333251953125,20.6879997253418,20.33666610717773,20.362667083740234,64393500,2017,0.07266616821289062,-0.751174839672486,2.233824686257136,12,0.3513336181640696,1.597691698556261,Normal Volume
2017-12-04,20.34666633605957,20.551332473754883,20.040666580200195,20.433332443237305,87526500,2017,-0.08666610717773438,-0.4338902370729869,2.216441381387,12,0.5106658935546875,0.5774879395975955,Normal Volume
2017-12-05,20.24666786193848,20.53333282470703,20.06666755676269,20.13333320617676,69697500,2017,0.11333465576171875,-0.4914735046490981,2.1856480344717526,12,0.4666652679443395,1.9867530847179984,Normal Volume
2017-12-06,20.88400077819824,20.892667770385746,20.0,20.00666618347168,107929500,2017,0.877334594726559,3.147841020585296,2.275024357423227,12,0.8926677703857457,4.428531864274459,High Volume
2017-12-07,20.74933242797852,21.242000579833984,20.73666763305664,20.799999237060547,71709000,2017,-0.0506668090820277,-0.6448398065580729,2.196073504812383,12,0.5053329467773438,2.1250065335863018,Normal Volume
2017-12-08,21.0086669921875,21.131999969482425,20.750667572021484,20.97333335876465,52027500,2017,0.03533363342285156,1.249845338924227,2.2101956030281165,12,0.38133239746094105,0.756515943382319,Normal Volume
2017-12-11,21.92733383178711,21.93400001525879,20.916667938232425,20.97533226013184,119070000,2017,0.9520015716552699,4.372799282987505,2.3344184310095377,12,1.0173320770263636,4.570453250693459,High Volume
2017-12-12,22.735332489013672,22.762666702270508,22.00200080871582,22.030000686645508,130998000,2017,0.7053318023681641,3.6848923969736935,2.4224594474327037,12,0.7606658935546875,3.325764833358081,High Volume
2017-12-13,22.601999282836918,22.947999954223636,22.433332443237305,22.728666305541992,93322500,2017,-0.12666702270507457,-0.5864581318139273,2.342632677942595,12,0.5146675109863317,0.9650088823212801,Normal Volume
2017-12-14,22.525999069213867,23.16266632080078,22.459999084472656,22.733999252319336,86998500,2017,-0.20800018310546875,-0.336254384720569,2.262838453110054,12,0.702667236328125,1.8855770325483425,Normal Volume
2017-12-15,22.89666748046875,22.926666259765625,22.38400077819824,22.80266761779785,103998000,2017,0.09399986267089844,1.6455137466531822,1.8508817503733421,12,0.5426654815673864,0.5437900689785544,High Volume
2017-12-18,22.591333389282227,23.115333557128903,22.505332946777344,22.99333381652832,82143000,2017,-0.40200042724609375,-1.3335307046188238,1.846963854519451,12,0.610000610351559,0.5305874370983349,Normal Volume
2017-12-19,22.07333374023437,22.766000747680664,22.020000457763672,22.68400001525879,102375000,2017,-0.6106662750244176,-2.292913127888252,1.8921688681434141,12,0.7460002899169922,0.36149150223380255,High Volume
2017-12-20,21.93199920654297,22.206666946411133,21.66933250427246,22.179332733154297,89307000,2017,-0.24733352661132812,-0.6402953688585011,1.8942718359862307,12,0.5373344421386719,0.12324181969629762,Normal Volume
2017-12-21,22.11066627502441,22.24933242797852,21.81399917602539,21.9726676940918,65778000,2017,0.13799858093261008,0.8146410493583334,1.890691753562414,12,0.43533325195312855,1.259131288646898,Normal Volume
2017-12-22,21.68000030517578,22.06133270263672,21.65466690063477,21.96733283996582,63237000,2017,-0.28733253479003906,-1.947774727779672,1.9305032248954415,12,0.4066658020019496,0.42790749043453147,Normal Volume
2017-12-26,21.152666091918945,21.59600067138672,21.10533332824707,21.588666915893555,65676000,2017,-0.4360008239746094,-2.432353347942262,1.9916453666352611,12,0.49066734313964844,0.033970395308498456,Normal Volume
2017-12-27,20.775999069213867,21.178667068481445,20.71666717529297,21.06666755676269,70681500,2017,-0.2906684875488246,-1.780707079988264,1.8782633394254233,12,0.46199989318847656,0.531643229366859,Normal Volume
2017-12-28,21.02400016784668,21.05466651916504,20.63599967956543,20.78333282470703,64744500,2017,0.24066734313964844,1.193690362646893,1.8477057311927867,12,0.4186668395996094,1.3055350493903888,Normal Volume
2017-12-29,20.75666618347168,21.0939998626709,20.666667938232425,21.07866668701172,56658000,2017,-0.32200050354003906,-1.2715657450566908,1.8582088972956237,12,0.427331924438473,0.07274262593007225,Normal Volume
2018-01-02,21.368667602539062,21.474000930786133,20.733333587646484,20.799999237060547,65283000,2018,0.5686683654785156,2.9484572024129463,1.9331357966603067,1,0.7406673431396484,3.240392877152989,Normal Volume
2018-01-03,21.149999618530277,21.683332443237305,21.036666870117188,21.399999618530277,67822500,2018,-0.25,-1.0233112708571634,1.9388866586755096,1,0.6466655731201172,1.3239851857833191,Normal Volume
2018-01-04,20.974666595458984,21.23666763305664,20.3786678314209,20.857999801635746,149194500,2018,0.11666679382323863,-0.8289977599700626,1.907808361498278,1,0.8579998016357422,1.8154561080741722,High Volume
2018-01-05,21.10533332824707,21.14933204650879,20.799999237060547,21.107999801635746,68868000,2018,-0.0026664733886754277,0.6229740634655645,1.8336269240249643,1,0.3493328094482422,0.19581317633819723,Normal Volume
2018-01-08,22.42733383178711,22.468000411987305,21.03333282470703,21.06666755676269,147891000,2018,1.3606662750244176,6.263821959024418,2.1328212754504756,1,1.4346675872802734,6.651896183621912,High Volume
2018-01-09,22.246000289916992,22.58666610717773,21.82666778564453,22.3439998626709,107199000,2018,-0.09799957275390625,-0.808538113492141,2.1376278254454295,1,0.7599983215331996,1.086046571778958,High Volume
2018-01-10,22.31999969482422,22.46666717529297,22.0,22.14666748046875,64648500,2018,0.17333221435546875,0.3326413914539472,2.137457006380213,1,0.46666717529296875,1.444911272119961,Normal Volume
2018-01-11,22.530000686645508,22.98733329772949,22.21733283996582,22.34933280944824,99682500,2018,0.18066787719726918,0.9408646715617364,2.1416681091981284,1,0.7700004577636683,2.854673531961248,High Volume
2018-01-12,22.4146671295166,22.694000244140625,22.244667053222656,22.57533264160156,72376500,2018,-0.16066551208495738,-0.5119110235858537,2.050198229761346,1,0.44933319091796875,0.5256516234909725,Normal Volume
2018-01-16,22.67066764831543,23.0,22.31999969482422,22.502666473388672,97114500,2018,0.1680011749267578,1.1421116241414841,2.0556654606195806,1,0.6800003051757812,2.2101093094876894,High Volume
2018-01-17,23.143999099731445,23.26666641235352,22.649999618530277,22.697999954223636,106552500,2018,0.44599914550780895,2.087858455510405,2.0689359477111857,1,0.6166667938232422,2.50535932362651,High Volume
2018-01-18,22.971332550048828,23.48666763305664,22.916000366210938,23.044666290283203,85287000,2018,-0.073333740234375,-0.7460532163804823,2.074240539175898,1,0.5706672668457031,1.918020149242984,Normal Volume
2018-01-19,23.334667205810547,23.37266731262207,22.84000015258789,23.0,73324500,2018,0.3346672058105469,1.5816873268893028,2.077162993716396,1,0.5326671600341797,1.6202926635742188,Normal Volume
2018-01-22,23.437332153320312,23.85533332824707,23.280000686645508,23.293333053588867,93156000,2018,0.1439990997314453,0.43996748101984284,2.0158301291882657,1,0.5753326416015625,2.4127087066726767,Normal Volume
2018-01-23,23.519332885742188,24.03333282470703,23.399999618530277,24.0,81981000,2018,-0.4806671142578125,0.34987229726255453,2.0061316943342575,1,0.6333332061767543,0.1388867696126302,Normal Volume
2018-01-24,23.05933380126953,23.649999618530277,22.90133285522461,23.6386661529541,79312500,2018,-0.5793323516845703,-1.9558338950656062,2.046352852693771,1,0.7486667633056676,0.04794460695388727,Normal Volume
2018-01-25,22.50933265686035,23.280000686645508,22.426666259765625,23.218000411987305,101104500,2018,-0.7086677551269531,-2.385156263182675,1.9560353257470915,1,0.8533344268798828,0.26703537582070497,High Volume
2018-01-26,22.856666564941406,22.933332443237305,22.38066673278809,22.76666641235352,68091000,2018,0.09000015258788707,1.5430662178036458,1.8574929200879398,1,0.5526657104492152,0.732061637242377,Normal Volume
2018-01-29,23.302000045776367,23.38999938964844,22.552000045776367,22.656667709350582,71206500,2018,0.6453323364257848,1.9483745784611983,1.885725592076014,1,0.8379993438720739,3.2367146382925807,Normal Volume
2018-01-30,23.05466651916504,23.218000411987305,22.81133270263672,23.00933265686035,70765500,2018,0.0453338623046875,-1.0614261699658623,1.896376061197985,1,0.40666770935058594,0.9068831253771183,Normal Volume
2018-01-31,23.62066650390625,23.746000289916992,23.012666702270508,23.167333602905277,93211500,2018,0.453332901000973,2.455034360487063,1.9247538855608037,1,0.7333335876464844,2.4977699071038026,Normal Volume
2018-02-01,23.28333282470703,23.977333068847656,23.242000579833984,23.399999618530277,62965500,2018,-0.11666679382324574,-1.4281293846785892,1.9272956284054503,2,0.7353324890136719,2.4672370073894934,Normal Volume
2018-02-02,22.916667938232425,23.46333312988281,22.700666427612305,23.22933387756348,55572000,2018,-0.3126659393310547,-1.5747955382294787,1.9005894388163576,2,0.7626667022705043,1.0073437901951279,Normal Volume
2018-02-05,22.208667755126957,22.96466636657715,22.200000762939453,22.531333923339844,66961500,2018,-0.3226661682128871,-3.089455173037159,1.986043352843048,2,0.7646656036376953,1.9232436246858098,Normal Volume
2018-02-06,22.264667510986328,22.4146671295166,21.56666755676269,21.680667877197266,76326000,2018,0.5839996337890625,0.2521527021648762,1.9813291029699571,2,0.8479995727539098,3.385501113142934,Normal Volume
2018-02-07,23.0,23.06666755676269,22.37733268737793,22.59933280944824,104538000,2018,0.40066719055176137,3.302687941110416,2.03079276066133,2,0.6893348693847621,2.0679139125694532,High Volume
2018-02-08,21.01533317565918,23.2413330078125,20.97333335876465,22.88733291625977,154719000,2018,-1.8719997406005895,-8.62898619278617,2.556605285458815,2,2.2679996490478516,1.5467074859615457,High Volume
2018-02-09,20.69466781616211,21.398666381835938,19.65066719055176,21.32866668701172,194005500,2018,-0.6339988708496094,-1.5258637910555595,2.5508659196770225,2,1.7479991912841761,0.3281953619109519,High Volume
2018-02-12,21.048667907714844,21.2053337097168,20.416667938232425,21.07533264160156,93417000,2018,-0.026664733886715197,1.7105860055229627,2.56080143067691,2,0.788665771484375,0.6168399347520923,Normal Volume
2018-02-13,21.577333450317383,21.612667083740234,20.833999633789062,21.001333236694336,68403000,2018,0.5760002136230469,2.5116342037434514,2.5872020997788714,2,0.7786674499511719,2.9109287498840906,Normal Volume
2018-02-14,21.48733329772949,21.744667053222656,21.23466682434082,21.389333724975582,59260500,2018,0.09799957275390625,-0.4171050736881954,2.5346527706215083,2,0.5100002288818359,1.6612641273260582,Normal Volume
2018-02-15,22.271333694458008,22.274667739868164,21.49333381652832,21.63333320617676,88693500,2018,0.6380004882812464,3.6486630791516816,2.6088731017829763,2,0.7813339233398438,2.9645664289416507,Normal Volume
2018-02-16,22.36599922180176,22.874666213989254,22.10933303833008,22.166667938232425,84639000,2018,0.19933128356933594,0.4250554934988493,2.6017592209414286,2,0.7653331756591726,3.1939770006465156,Normal Volume
2018-02-20,22.31800079345703,22.7226676940918,22.100000381469727,22.29800033569336,60141000,2018,0.020000457763671875,-0.2146044443118056,2.602085371216686,2,0.6226673126220739,1.9045087093242972,Normal Volume
2018-02-21,22.21999931335449,22.645999908447266,22.211332321166992,22.402000427246094,48294000,2018,-0.18200111389160512,-0.43911406317036494,2.3397490225061794,2,0.43466758728027344,1.089186128683451,Normal Volume
2018-02-22,23.077999114990234,23.16266632080078,22.31666755676269,22.368667602539062,104547000,2018,0.7093315124511719,3.8613853652105012,2.4376619421040617,2,0.8459987640380895,3.549602204163435,High Volume
2018-02-23,23.46999931335449,23.666000366210938,23.13999938964844,23.18866729736328,87261000,2018,0.2813320159912074,1.6985883239315713,2.4538584907961862,2,0.5260009765624964,2.058475645566455,Normal Volume
2018-02-26,23.827999114990234,23.933332443237305,23.49066734313965,23.56666755676269,65100000,2018,0.2613315582275426,1.525350712013207,2.462271043758807,2,0.44266510009765625,1.5558622600818024,Normal Volume
2018-02-27,23.39933204650879,23.99933242797852,23.333999633789062,23.75,71961000,2018,-0.35066795349121094,-1.7990057260484416,2.4865011807015613,2,0.6653327941894567,1.0498207493832388,Normal Volume
2018-02-28,22.87066650390625,23.682666778564453,22.814666748046875,23.50466728210449,91045500,2018,-0.6340007781982386,-2.259318947873201,2.518180578939983,2,0.8680000305175781,0.7572942612784235,Normal Volume
2018-03-01,22.062000274658203,23.244667053222656,22.00466728210449,23.000667572021484,103284000,2018,-0.9386672973632812,-3.535822749677753,2.5708292301162587,3,1.2399997711181676,1.0608365189277298,High Volume
2018-03-02,22.341333389282227,22.347999572753903,21.531333923339844,21.798667907714844,76392000,2018,0.5426654815673828,1.2661277814635996,2.5803493471691556,3,0.816665649414059,2.5200240095618094,Normal Volume
2018-03-05,22.22333335876465,22.51666641235352,21.952667236328125,22.159332275390625,57357000,2018,0.06400108337402344,-0.5281691493587704,2.5627593680164256,3,0.5639991760253942,1.612567258444592,Normal Volume
2018-03-06,21.8799991607666,22.42466735839844,21.802000045776367,22.25,64285500,2018,-0.37000083923339844,-1.5449266428910424,2.5731343985627295,3,0.6226673126220739,0.7850218354986114,Normal Volume
2018-03-07,22.15333366394043,22.166667938232425,21.44933319091797,21.69599914550781,75109500,2018,0.45733451843262074,1.2492436638843696,2.5849293754951574,3,0.7173347473144567,2.1693805828807347,Normal Volume
2018-03-08,21.940000534057617,22.21999931335449,21.751333236694336,22.19066619873047,53493000,2018,-0.25066566467285156,-0.9629843215428147,2.5675253274436725,3,0.4686660766601527,0.13218672373927215,Normal Volume
2018-03-09,21.81133270263672,21.89933204650879,21.4913330078125,21.606666564941406,82602000,2018,0.2046661376953125,-0.5864531827206032,2.5339066160086734,3,0.40799903869628906,1.354514731311014,Normal Volume
2018-03-12,23.03400039672852,23.1473331451416,21.76666641235352,21.90733337402344,123960000,2018,1.1266670227050781,5.605653312252645,2.72464678297451,3,1.3806667327880824,5.660204051071259,High Volume
2018-03-13,22.78933334350586,23.1473331451416,21.76666641235352,21.90733337402344,89487000,2018,0.8819999694824183,-1.0621995702379539,2.708170767127198,3,1.3806667327880824,5.660204051071259,Normal Volume
2018-03-14,21.775333404541016,22.65399932861328,21.595333099365234,22.450666427612305,119511000,2018,-0.6753330230712891,-4.449449765294677,2.820619538890293,3,1.0586662292480469,0.9056875957628382,High Volume
2018-03-15,21.706666946411133,22.190000534057617,21.406667709350582,21.958667755126957,98472000,2018,-0.25200080871582387,-0.3153405592199232,2.7773711430966355,3,0.7833328247070348,1.0534918671313673,High Volume
2018-03-16,21.42333221435547,21.82666778564453,21.271333694458008,21.52866744995117,91759500,2018,-0.10533523559569957,-1.305288982206032,2.7756544198166746,3,0.5553340911865234,1.384202419337565,Normal Volume
2018-03-19,20.90399932861328,21.38333320617676,20.64466667175293,21.100000381469727,112264500,2018,-0.1960010528564453,-2.4241461624452176,2.794016193192866,3,0.7386665344238317,1.3428095714911032,High Volume
2018-03-20,20.703332901000977,21.083332061767575,20.583999633789062,20.9913330078125,71464500,2018,-0.28800010681152344,-0.9599427576407971,2.746502604826344,3,0.4993324279785121,0.43827161391243996,Normal Volume
2018-03-21,21.101999282836918,21.496000289916992,20.679332733154297,20.683332443237305,89376000,2018,0.4186668395996129,1.9256145072983122,2.7728019401324495,3,0.8166675567626953,3.9290953182227666,Normal Volume
2018-03-22,20.606666564941406,21.25466728210449,20.545333862304688,20.926000595092773,74097000,2018,-0.3193340301513672,-2.3473260104713622,2.7222581292631403,3,0.7093334197998011,1.5706139618900172,Normal Volume
2018-03-23,20.1026668548584,20.75,20.030000686645508,20.75,99823500,2018,-0.6473331451416016,-2.4458090225057294,2.2684497850040812,3,0.7199993133544922,0.0,High Volume
2018-03-26,20.27866744995117,20.506000518798828,19.423999786376957,20.48933219909668,125628000,2018,-0.21066474914551137,0.8755086892873409,2.259597438381452,3,1.0820007324218714,0.0813512101818687,High Volume
2018-03-27,18.61199951171875,20.284666061401367,18.478666305541992,20.26666641235352,208080000,2018,-1.6546669006347692,-8.218823758246662,2.6816608819523973,3,1.805999755859375,0.08881405891635118,High Volume
2018-03-28,17.185333251953125,17.91200065612793,16.80666732788086,17.6386661529541,315021000,2018,-0.45333290100097656,-7.66530355251378,2.935688226469587,3,1.1053333282470703,1.549632499439593,High Volume
2018-03-29,17.742000579833984,18.06399917602539,16.547332763671875,17.099332809448242,227560500,2018,0.6426677703857422,3.2392000767142104,3.0230085038905767,3,1.5166664123535156,5.641543897222245,High Volume
2018-04-02,16.832000732421875,17.35533332824707,16.305999755859375,17.083999633789062,241710000,2018,-0.2519989013671875,-5.1290712302559545,3.0232541912381734,4,1.0493335723876953,1.5882328510553163,High Volume
2018-04-03,17.8353328704834,18.22333335876465,16.965999603271484,17.988000869750977,282666000,2018,-0.15266799926757812,5.960860827013281,3.2651736321621145,4,1.257333755493164,1.3082748367519386,High Volume
2018-04-04,19.12933349609375,19.224666595458984,16.799999237060547,16.851999282836914,298450500,2018,2.277334213256836,7.255264788199489,3.573672328264427,4,2.4246673583984375,14.079441096573847,High Volume
2018-04-05,20.381332397460938,20.417333602905277,19.21333312988281,19.28933334350586,286816500,2018,1.0919990539550781,6.544916484533281,3.795065040348701,4,1.204000473022468,5.847792867238626,High Volume
2018-04-06,19.953332901000977,20.618667602539062,19.700000762939453,20.06666755676269,202804500,2018,-0.1133346557617152,-2.0999583742291605,3.7296211683149036,4,0.9186668395996094,2.750830670887058,High Volume
2018-04-09,19.310667037963867,20.63333320617676,19.28066635131836,20.024667739868164,153747000,2018,-0.7140007019042969,-3.220844689083846,3.741550740701796,4,1.352666854858402,3.039578355134319,High Volume
2018-04-10,20.31333351135254,20.47333335876465,19.57866668701172,19.93133354187012,164847000,2018,0.3819999694824183,5.192293313418306,3.870394043282862,4,0.8946666717529297,2.7193354411331216,High Volume
2018-04-11,20.062000274658203,20.59866714477539,19.977333068847656,20.04933357238769,112243500,2018,0.012666702270511365,-1.2372820864378187,3.8650388048141737,4,0.6213340759277344,2.739909386036906,High Volume
2018-04-12,19.60533332824707,20.26333236694336,19.57866668701172,20.15466690063477,114132000,2018,-0.5493335723876989,-2.2762782382571456,3.865315390649854,4,0.6846656799316406,0.5391578379554751,High Volume
2018-04-13,20.022666931152344,20.26333236694336,19.73200035095215,20.239999771118164,109908000,2018,-0.2173328399658203,2.1286738456213206,3.847184028672839,4,0.5313320159912109,0.11527962494589641,High Volume
2018-04-16,19.41399955749512,19.977333068847656,19.267332077026367,19.933332443237305,95077500,2018,-0.519332885742184,-3.0398916175857993,3.8688869988535535,4,0.7100009918212891,0.22073893432344505,Normal Volume
2018-04-17,19.179332733154297,19.47800064086914,18.833999633789062,19.257999420166016,105000000,2018,-0.07866668701171875,-1.2087505392479825,3.871690707387279,4,0.6440010070800781,1.142388759617215,High Volume
2018-04-18,19.55666732788086,20.016000747680664,19.21066665649414,19.405332565307617,98365500,2018,0.1513347625732422,1.9674020987929586,3.889484611476818,4,0.8053340911865234,3.1469091308684125,High Volume
2018-04-19,20.005332946777344,20.067333221435547,19.23666763305664,19.405332565307617,91359000,2018,0.6000003814697266,2.294182395058919,3.908472617708451,4,0.8306655883789062,3.4114367991375647,Normal Volume
2018-04-20,19.34933280944824,19.998666763305664,19.31666755676269,19.67799949645996,84418500,2018,-0.3286666870117223,-3.2791263163394646,3.945425729072998,4,0.6819992065429723,1.629572492383642,Normal Volume
2018-04-23,18.891332626342773,19.441333770751957,18.82200050354004,19.41933250427246,73401000,2018,-0.5279998779296875,-2.3670076256160355,3.962573975969825,4,0.6193332672119176,0.113295688585873,Normal Volume
2018-04-24,18.8973331451416,19.139333724975582,18.56399917602539,19.0,85279500,2018,-0.10266685485839844,0.03176334310297513,3.7984460671763687,4,0.5753345489501918,0.7333353946083284,Normal Volume
2018-04-25,18.71266746520996,19.01066780090332,18.483333587646484,18.899999618530277,60204000,2018,-0.18733215332031605,-0.9772049765610302,3.7981117629640115,4,0.5273342132568359,0.5855459503001261,Normal Volume
2018-04-26,19.03199958801269,19.05266761779785,18.433332443237305,18.583332061767575,65340000,2018,0.4486675262451172,1.7065024181957211,3.74809484571862,4,0.6193351745605469,2.525572671630104,Normal Volume
2018-04-27,19.60533332824707,19.631332397460938,18.92200088500977,19.024667739868164,65469000,2018,0.5806655883789062,3.0124724287798665,3.7989686260895894,4,0.7093315124511683,3.1888318150305706,Normal Volume
2018-04-30,19.59333229064941,19.915332794189453,19.5,19.573999404907227,63423000,2018,0.019332885742183947,-0.06121312704420179,3.7940524697990683,4,0.4153327941894531,1.7438101545903484,Normal Volume
2018-05-01,19.994667053222656,20.05466651916504,19.54800033569336,19.567333221435547,69384000,2018,0.4273338317871094,2.048323157183307,3.7926291550230298,5,0.5066661834716797,2.4905452992216137,Normal Volume
2018-05-02,20.07666778564453,20.456666946411133,19.851999282836918,19.90466690063477,134556000,2018,0.17200088500976207,0.41011301765416786,3.7898953479086233,5,0.6046676635742152,2.7732192079976987,High Volume
2018-05-03,18.96333312988281,19.202667236328125,18.34866714477539,18.586000442504883,260281500,2018,0.37733268737792613,-5.545415542303256,3.900621035266746,5,0.8540000915527344,3.317910142802797,High Volume
2018-05-04,19.606000900268555,19.790666580200195,18.634666442871094,18.86666679382324,128541000,2018,0.739334106445316,3.3890021653050884,3.9363084473073613,5,1.1560001373291016,4.897525336481086,High Volume
2018-05-07,20.184667587280277,20.3973331451416,19.67799949645996,19.833332061767575,130173000,2018,0.3513355255127024,2.9514774071228267,3.9482711392154624,5,0.7193336486816406,2.8437031236987336,High Volume
2018-05-08,20.131332397460938,20.51666641235352,19.933332443237305,20.053333282470703,88950000,2018,0.07799911499023438,-0.2642361564227591,3.9459288464254247,5,0.5833339691162145,2.3105043104620977,Normal Volume
2018-05-09,20.456666946411133,20.46733283996582,20.003332138061523,20.027332305908203,85911000,2018,0.4293346405029297,1.6160606885176954,3.6311281146977765,5,0.4640007019042969,2.197000216188623,Normal Volume
2018-05-10,20.334667205810547,20.86599922180176,20.27400016784668,20.5,84774000,2018,-0.16533279418945312,-0.5963813211613544,3.3058948429824855,5,0.5919990539550817,1.7853620575695677,Normal Volume
2018-05-11,20.070667266845703,20.59199905395508,19.93866729736328,20.51333236694336,70194000,2018,-0.44266510009765625,-1.2982751883414467,3.2854219840845187,5,0.6533317565918004,0.383490529985715,Normal Volume
2018-05-14,19.46466636657715,20.32933235168457,19.441333770751957,20.221332550048828,109302000,2018,-0.7566661834716797,-3.019336089884739,3.18255148561682,5,0.8879985809326136,0.534088450246477,High Volume
2018-05-15,18.94533348083496,19.13066673278809,18.700000762939453,19.000667572021484,142788000,2018,-0.05533409118652344,-2.668080078854762,3.0628465455766793,5,0.43066596984863637,0.6841820703080407,High Volume
2018-05-16,19.09866714477539,19.253999710083008,18.770666122436523,18.92200088500977,85110000,2018,0.17666625976562145,0.8093479277920368,2.7659029317493884,5,0.4833335876464844,1.7545651069927388,Normal Volume
2018-05-17,18.96933364868164,19.279333114624023,18.93133354187012,19.059999465942383,66309000,2018,-0.09066581726074219,-0.6771859790704271,2.4788381918806826,5,0.3479995727539027,1.1507536979398132,Normal Volume
2018-05-18,18.454666137695312,18.976667404174805,18.26666641235352,18.976667404174805,108778500,2018,-0.5220012664794922,-2.713155456686789,2.4974241903827097,5,0.7100009918212855,0.0,High Volume
2018-05-21,18.965999603271484,19.432666778564453,18.753332138061523,18.755332946777344,137739000,2018,0.21066665649414062,2.770754354269944,2.48953850844657,5,0.6793346405029297,3.611419928983415,High Volume
2018-05-22,18.333999633789062,19.200000762939453,18.22800064086914,19.18400001525879,134187000,2018,-0.8500003814697266,-3.3322787235185114,2.3558176011049676,5,0.9720001220703125,0.08340673304804631,High Volume
2018-05-23,18.60466766357422,18.660667419433597,18.26666641235352,18.517332077026367,89776500,2018,0.08733558654785156,1.4763174167753412,2.371196860080714,5,0.3940010070800781,0.7740604413799973,Normal Volume
2018-05-24,18.523332595825195,18.74066734313965,18.326000213623047,18.559999465942383,62650500,2018,-0.0366668701171875,-0.43717560141247613,2.339867849766005,5,0.41466712951660156,0.9734260904952684,Normal Volume
2018-05-25,18.59000015258789,18.642667770385746,18.374000549316406,18.5086669921875,58126500,2018,0.08133316040039062,0.3599112439287566,2.302127447690412,5,0.2686672210693395,0.7239893518793515,Normal Volume
2018-05-29,18.917333602905277,19.100000381469727,18.40999984741211,18.567333221435547,84999000,2018,0.3500003814697301,1.7608039140968978,2.2660207753531845,5,0.6900005340576172,2.8688404181771676,Normal Volume
2018-05-30,19.447999954223636,19.667333602905277,18.773332595825195,18.88599967956543,112345500,2018,0.5620002746582067,2.8051857754248344,2.313931330761341,5,0.8940010070800817,4.1371065159195535,High Volume
2018-05-31,18.98200035095215,19.357999801635746,18.86199951171875,19.1473331451416,88795500,2018,-0.16533279418945312,-2.3961312441811433,2.3278112471371597,5,0.49600028991699574,1.1002402000176104,Normal Volume
2018-06-01,19.454666137695312,19.46333312988281,18.922666549682617,19.05733299255371,81366000,2018,0.39733314514160156,2.4900736382056587,2.33494418120994,6,0.5406665802001918,2.1304142478264656,Normal Volume
2018-06-04,19.78266716003418,19.933332443237305,19.56999969482422,19.62266731262207,71967000,2018,0.15999984741210938,1.6859761047419486,2.2745604280352896,6,0.36333274841308594,1.583195218396239,Normal Volume
2018-06-05,19.408666610717773,19.85333251953125,19.11599922180176,19.84666633605957,89928000,2018,-0.4379997253417969,-1.8905466401010762,2.2583533223046572,6,0.7373332977294886,0.03358842920419257,Normal Volume
2018-06-06,21.299999237060547,21.47800064086914,19.832000732421875,20.03333282470703,281509500,2018,1.2666664123535156,9.744783937389844,2.8616809774508694,6,1.6459999084472656,7.211320396875783,High Volume
2018-06-07,21.07266616821289,22.0,20.905332565307617,21.07666778564453,215179500,2018,-0.004001617431640625,-1.067291441269691,2.8632647884694835,6,1.0946674346923828,4.38082634193417,High Volume
2018-06-08,21.17733383178711,21.631999969482425,21.143333435058597,21.26666641235352,123078000,2018,-0.0893325805664098,0.49669872212043664,2.8532511318855986,6,0.4886665344238281,1.717869411431069,High Volume
2018-06-11,22.13999938964844,22.310667037963867,21.5,21.500667572021484,197752500,2018,0.6393318176269567,4.54573538627594,2.9148148006838888,6,0.8106670379638672,3.7673224016375366,High Volume
2018-06-12,22.851333618164062,23.6646671295166,22.53333282470703,22.979999542236328,335211000,2018,-0.12866592407226562,3.212891816285257,2.9561524872365057,6,1.1313343048095703,2.979406444381696,High Volume
2018-06-13,22.985332489013672,23.14666748046875,22.65333366394043,23.11400032043457,142047000,2018,-0.12866783142089844,0.5863940944921264,2.9427161376866438,6,0.4933338165283203,0.14133062032234803,High Volume
2018-06-14,23.847999572753903,23.916667938232425,23.106666564941406,23.17533302307129,164715000,2018,0.6726665496826136,3.7531198826580514,3.001631951247278,6,0.8100013732910192,3.1988101936793303,High Volume
2018-06-15,23.87800025939941,24.31133270263672,23.416667938232425,23.589332580566406,162724500,2018,0.28866767883300426,0.1257995940245893,2.7696825270961924,6,0.8946647644042933,3.0607060187244026,High Volume
2018-06-18,24.722000122070312,24.915332794189453,23.63333320617676,23.69333267211914,181098000,2018,1.0286674499511719,3.5346337779633252,2.7744868553545348,6,1.2819995880126918,5.157569595552453,High Volume
2018-06-19,23.503332138061523,24.666667938232425,23.083332061767575,24.3439998626709,191428500,2018,-0.840667724609375,-4.929487816484701,2.9334905409762206,6,1.5833358764648509,1.3254521745882293,High Volume
2018-06-20,24.14800071716309,24.29199981689453,23.46666717529297,23.869333267211918,125755500,2018,0.2786674499511719,2.7428816276547696,2.95601655179412,6,0.8253326416015625,1.77075138610264,High Volume
2018-06-21,23.167333602905277,24.41399955749512,23.084667205810547,24.13333320617676,119506500,2018,-0.9659996032714844,-4.06106959223671,3.0714847990886973,6,1.3293323516845739,1.162982124850142,High Volume
2018-06-22,22.242000579833984,23.483333587646484,22.13333320617676,23.43600082397461,153991500,2018,-1.194000244140625,-3.9941282796361666,3.1727743758333142,6,1.350000381469723,0.20196604372642976,High Volume
2018-06-25,22.200666427612305,22.564666748046875,21.833332061767575,22.007999420166016,103969500,2018,0.19266700744628906,-0.18583828407574554,3.159351876422973,6,0.7313346862793004,2.5293863256411346,High Volume
2018-06-26,22.799999237060547,22.90333366394043,21.71999931335449,22.40333366394043,111787500,2018,0.3966655731201172,2.699616299368457,3.1191794393294225,6,1.183334350585941,2.2318107095140998,High Volume
2018-06-27,22.96666717529297,23.38599967956543,22.63333320617676,23.0,125005500,2018,-0.03333282470703125,0.7309997535504653,3.058459724668893,6,0.7526664733886683,1.6782594763714334,High Volume
2018-06-28,23.32866668701172,23.801332473754883,23.073999404907227,23.24399948120117,125970000,2018,0.08466720581055043,1.576195226568089,3.0627082559063536,6,0.7273330688476562,2.397749978459875,High Volume
2018-06-29,22.86333274841309,23.59066772460937,22.827333450317383,23.55533218383789,97386000,2018,-0.6919994354248011,-1.9946872439894126,3.0926415294943514,6,0.7633342742919886,0.15001079371627682,High Volume
2018-07-02,22.33799934387207,24.318666458129883,21.989999771118164,24.00466728210449,281397000,2018,-1.6666679382324183,-2.2977114068266413,3.0778654598214223,7,2.3286666870117188,1.3080755185450164,High Volume
2018-07-03,20.724000930786133,22.166000366210938,20.645999908447266,22.11666679382324,184239000,2018,-1.3926658630371058,-7.225349003910242,3.3712368167068782,7,1.5200004577636719,0.22306061237707298,High Volume
2018-07-05,20.61066627502441,20.959333419799805,19.74799919128418,20.917333602905277,262146000,2018,-0.3066673278808665,-0.5468763302039825,3.3039968298437974,7,1.211334228515625,0.2007895350901427,High Volume
2018-07-06,20.59333229064941,20.80466651916504,20.13333320617676,20.32999992370605,132982500,2018,0.2633323669433594,-0.08410200885162755,3.29945452271569,7,0.6713333129882777,2.3348086435824182,High Volume
2018-07-09,21.233999252319336,21.23466682434082,20.53333282470703,20.79933357238769,113952000,2018,0.4346656799316442,3.111040761289652,3.332163093119874,7,0.7013339996337891,2.0930153864692014,High Volume
2018-07-10,21.49799919128418,21.845333099365234,21.280000686645508,21.63733291625977,142072500,2018,-0.1393337249755895,1.2432888210448967,3.3346964218136947,7,0.5653324127197266,0.961302319054118,High Volume
2018-07-11,21.263999938964844,21.46266746520996,21.00466728210449,21.053333282470703,73261500,2018,0.21066665649414062,-1.0884699093960615,3.3392730926468257,7,0.4580001831054723,1.9442725636233342,Normal Volume
2018-07-12,21.11400032043457,21.548667907714844,20.851333618164062,21.428667068481445,85818000,2018,-0.314666748046875,-0.7054158152785206,3.31510438349542,7,0.6973342895507812,0.5600014170265531,Normal Volume
2018-07-13,21.257999420166016,21.30533218383789,20.61666679382324,21.038667678833008,88047000,2018,0.2193317413330078,0.6820076610119186,3.275308513252432,7,0.688665390014652,1.267497110918168,Normal Volume
2018-07-16,20.67333221435547,21.01066780090332,20.416667938232425,20.78066635131836,117280500,2018,-0.10733413696289062,-2.7503397391944295,3.30127406117588,7,0.5939998626708949,1.1068049777449473,High Volume
2018-07-17,21.512666702270508,21.64933204650879,20.56666755676269,20.58733367919922,104943000,2018,0.9253330230712891,4.059986456040265,3.364603521429715,7,1.0826644897460973,5.158503689006505,High Volume
2018-07-18,21.59000015258789,21.700000762939453,21.083332061767575,21.666667938232425,84363000,2018,-0.0766677856445348,0.35947868010812734,3.338277081913427,7,0.6166687011718786,0.15384379731139686,Normal Volume
2018-07-19,21.34866714477539,21.56933212280273,20.93400001525879,21.088666915893555,88729500,2018,0.26000022888183594,-1.1177999356501767,2.843160294718293,7,0.6353321075439418,2.279258375250457,Normal Volume
2018-07-20,20.905332565307617,21.54933357238769,20.78066635131836,21.415332794189453,77433000,2018,-0.5100002288818359,-2.0766382110007697,2.8627069177415927,7,0.7686672210693324,0.6257235387656296,Normal Volume
2018-07-23,20.21333312988281,20.36666679382324,19.52400016784668,20.12266731262207,164893500,2018,0.09066581726073863,-3.3101575077221224,2.924257866576873,7,0.842666625976559,1.2125603301512524,High Volume
2018-07-24,19.82866668701172,20.514667510986328,19.503332138061523,20.294666290283203,143862000,2018,-0.4659996032714844,-1.903033212777805,2.8045246791680234,7,1.0113353729248047,1.0840346796362867,High Volume
2018-07-25,20.582666397094727,20.641332626342773,19.63333320617676,19.78266716003418,106131000,2018,0.7999992370605469,3.8025739298795047,2.832131151491205,7,1.007999420166012,4.340493925123038,High Volume
2018-07-26,20.44333267211914,20.71333312988281,20.24266624450684,20.32333374023437,69457500,2018,0.11999893188476918,-0.6769469139103035,2.8277508694984306,7,0.47066688537596946,1.9189735042157505,Normal Volume
2018-07-27,19.812000274658203,20.512666702270508,19.689332962036133,20.483333587646484,85549500,2018,-0.6713333129882812,-3.0882068378310756,2.7604289986908483,7,0.823333740234375,0.1432047889007396,Normal Volume
2018-07-30,19.344667434692383,19.739999771118164,19.07533264160156,19.726667404174805,102211500,2018,-0.3819999694824219,-2.3588372374675926,2.7757866153824327,7,0.6646671295166051,0.06758550073459348,High Volume
2018-07-31,19.875999450683597,19.88800048828125,19.271333694458008,19.483333587646484,76153500,2018,0.3926658630371129,2.74665882877021,2.738182580388621,7,0.6166667938232422,2.0769900531362193,Normal Volume
2018-08-01,20.05599975585937,20.200000762939453,19.53333282470703,19.86599922180176,151941000,2018,0.19000053405761008,0.9056163722603872,2.63167876496388,8,0.6666679382324219,1.6812722954863746,High Volume
2018-08-02,23.30266761779785,23.332666397094727,21.54400062561035,21.895999908447266,348225000,2018,1.406667709350586,16.188013070702013,3.9940450930722036,8,1.788665771484375,6.561319394658971,High Volume
2018-08-03,23.211332321166992,23.666667938232425,22.8353328704834,23.187332153320312,204847500,2018,0.024000167846679688,-0.3919521066382159,3.922370771425726,8,0.831335067749027,2.0672312870779073,High Volume
2018-08-06,22.79933357238769,23.665332794189453,22.788000106811523,23.03066635131836,128464500,2018,-0.23133277893066762,-1.7749896605615767,3.8634295971540427,8,0.8773326873779297,2.7557450279104194,High Volume
2018-08-07,25.30466651916504,25.83066749572754,22.61000061035156,22.922666549682617,463137000,2018,2.381999969482422,10.988623587715573,4.339220869567341,8,3.22066688537598,12.686137277014073,High Volume
2018-08-08,24.689332962036133,25.50933265686035,24.474666595458984,24.606000900268555,368568000,2018,0.08333206176757812,-2.4316999264261008,4.351597064999798,8,1.0346660614013672,3.671184766078497,High Volume
2018-08-09,23.49666786193848,24.46733283996582,23.048667907714844,24.3700008392334,257757000,2018,-0.8733329772949183,-4.83068984460443,4.452218531475785,8,1.4186649322509766,0.39939268518910576,High Volume
2018-08-10,23.69933319091797,24.0,23.06666755676269,23.600000381469727,173280000,2018,0.09933280944824219,0.8625279557523235,4.446331988227442,8,0.9333324432373082,1.6949136104436064,High Volume
2018-08-13,23.76066780090332,24.21266746520996,23.26799964904785,24.07533264160156,156958500,2018,-0.31466484069823863,0.25880310425296926,4.427966442328428,8,0.9446678161621094,0.5704379069350465,High Volume
2018-08-14,23.176000595092773,23.946666717529297,23.13999938964844,23.89666748046875,104796000,2018,-0.7206668853759766,-2.4606514038646665,4.431257719200222,8,0.8066673278808558,0.20923100303175038,High Volume
2018-08-15,22.57933235168457,22.965999603271484,22.142667770385746,22.79400062561035,136519500,2018,-0.21466827392578125,-2.574509095993638,4.239252379521975,8,0.8233318328857386,0.7545800339580679,High Volume
2018-08-16,22.36333274841309,22.818666458129883,22.25466728210449,22.660667419433597,90960000,2018,-0.2973346710205078,-0.9566252885921389,4.242959786333421,8,0.5639991760253942,0.6972391226252537,Normal Volume
2018-08-17,20.36666679382324,21.784666061401367,20.235332489013672,21.56666755676269,284379000,2018,-1.2000007629394531,-8.928302310985092,4.569180310194025,8,1.5493335723876953,1.0108121899913893,High Volume
2018-08-20,20.562667846679688,20.56666755676269,19.21333312988281,19.446666717529297,261034500,2018,1.1160011291503906,0.962361955643587,4.536419602296162,8,1.3533344268798828,5.75934609001049,High Volume
2018-08-21,21.459999084472656,21.652666091918945,20.600000381469727,20.707332611083984,197583000,2018,0.7526664733886719,4.363885291946024,4.60151064826197,8,1.0526657104492188,4.56521126399908,High Volume
2018-08-22,21.44266700744629,21.59199905395508,20.97800064086914,21.391332626342773,89190000,2018,0.051334381103515625,-0.08076457486387856,4.596272530855292,8,0.613998413085941,0.938073523129614,Normal Volume
2018-08-23,21.34000015258789,21.821332931518555,21.206666946411133,21.275999069213867,77209500,2018,0.06400108337402344,-0.4787970396720964,4.595046008059324,8,0.6146659851074219,2.5631410329105506,Normal Volume
2018-08-24,21.521333694458008,21.59000015258789,21.293333053588867,21.3799991607666,54039000,2018,0.14133453369140625,0.8497354291167936,4.595839023981757,8,0.29666709899902344,0.9822310573643599,Normal Volume
2018-08-27,21.284666061401367,21.496000289916992,20.58733367919922,21.200000762939453,196189500,2018,0.08466529846191406,-1.0996885063753514,4.569867545294717,8,0.9086666107177734,1.3962241336094072,High Volume
2018-08-28,20.790666580200195,21.2586669921875,20.746000289916992,21.227333068847656,114736500,2018,-0.43666648864746094,-2.320917226401842,4.532045425318887,8,0.5126667022705078,0.1476112106886762,High Volume
2018-08-29,20.333999633789062,20.790000915527344,20.246000289916992,20.684667587280277,111711000,2018,-0.3506679534912145,-2.1964997834462707,4.548677826113934,8,0.5440006256103516,0.5092338458068327,High Volume
2018-08-30,20.209999084472656,20.30666732788086,19.847999572753903,20.15066719055176,108250500,2018,0.059331893920894885,-0.6098187840544389,4.545719439618174,8,0.4586677551269567,0.774168596274784,High Volume
2018-08-31,20.11066627502441,20.35400009155273,19.906667709350582,20.13333320617676,80626500,2018,-0.022666931152350855,-0.4915032852453871,4.5309881456349705,8,0.44733238220214844,1.0960275832929167,Normal Volume
2018-09-04,19.26333236694336,19.87933349609375,19.200000762939453,19.79599952697754,125257500,2018,-0.5326671600341797,-4.213355721254053,4.556433181807858,9,0.6793327331542969,0.42096368512559973,High Volume
2018-09-05,18.715999603271484,19.118667602539062,18.478666305541992,19.003332138061523,115812000,2018,-0.28733253479003906,-2.8413192133419196,4.572678766251003,9,0.6400012969970703,0.606922320988829,High Volume
2018-09-06,18.729999542236328,19.411333084106445,18.59199905395508,18.98666763305664,112212000,2018,-0.2566680908203125,0.0748019836589231,4.513352237637081,9,0.8193340301513636,2.2366507870525054,High Volume
2018-09-07,17.549333572387695,17.889999389648438,16.816667556762695,17.34000015258789,337378500,2018,0.2093334197998047,-6.303609176210712,4.647893108682258,9,1.0733318328857422,3.171852550292295,High Volume
2018-09-10,19.03333282470703,19.068666458129883,18.06666755676269,18.21733283996582,214252500,2018,0.8159999847412109,8.456157301917578,4.889910033945713,9,1.001998901367191,4.6732066962973695,High Volume
2018-09-11,18.62933349609375,18.799999237060547,18.23666763305664,18.631332397460938,137550000,2018,-0.0019989013671875,-2.1225884732538947,4.886207251941907,9,0.5633316040039062,0.9052859774140208,High Volume
2018-09-12,19.369333267211918,19.5,18.57666778564453,18.762666702270508,150231000,2018,0.6066665649414098,3.9722289113205855,4.915131018898628,9,0.9233322143554688,3.929789455995965,High Volume
2018-09-13,19.297332763671875,19.666667938232425,19.011999130249023,19.20133209228516,95104500,2018,0.0960006713867152,-0.3717242227533113,4.91277882390558,9,0.654668807983402,2.4234560587295473,Normal Volume
2018-09-14,19.68000030517578,19.82200050354004,19.101333618164062,19.250667572021484,101484000,2018,0.4293327331542969,1.9830074248618157,3.8712233678108583,9,0.7206668853759766,2.967860357990483,High Volume
2018-09-17,19.6560001373291,20.058000564575195,19.208667755126957,19.336000442504883,103314000,2018,0.31999969482421875,-0.12195207050056389,3.8717736207423585,9,0.8493328094482386,3.733968274448286,High Volume
2018-09-18,18.997333526611328,20.176000595092773,18.36666679382324,19.779333114624023,248212500,2018,-0.7819995880126953,-3.3509697095844393,3.900517195808949,9,1.8093338012695348,2.0054643812812394,High Volume
2018-09-19,19.934667587280277,20.0,18.700000762939453,18.700666427612305,124423500,2018,1.2340011596679723,4.93402960660736,3.409500090924579,9,1.2999992370605469,6.94806025986954,High Volume
2018-09-20,19.8886661529541,20.398666381835938,19.55533218383789,20.23733329772949,110241000,2018,-0.3486671447753871,-0.23076098021080904,3.3953961587659385,9,0.8433341979980469,0.7972052529497526,High Volume
2018-09-21,19.940000534057617,20.038667678833008,19.691333770751957,19.84666633605957,75757500,2018,0.09333419799804688,0.25810871734046614,3.3059023158631073,9,0.34733390808105113,0.9674236444666211,Normal Volume
2018-09-24,19.978666305541992,20.200000762939453,19.57200050354004,19.898666381835938,72645000,2018,0.07999992370605469,0.19391058399589323,3.2986972626777593,9,0.6280002593994141,1.5143446064233839,Normal Volume
2018-09-25,20.06599998474121,20.30666732788086,19.76666641235352,20.0,67225500,2018,0.06599998474121094,0.4371346808820453,3.3002998956931155,9,0.5400009155273402,1.5333366394042969,Normal Volume
2018-09-26,20.6386661529541,20.926000595092773,20.073999404907227,20.12733268737793,117648000,2018,0.5113334655761719,2.8539129305709343,3.3343861569610644,9,0.8520011901855469,3.9680762479555827,High Volume
2018-09-27,20.501333236694336,20.997333526611328,20.46066665649414,20.86000061035156,127636500,2018,-0.358667373657223,-0.6654156583666082,3.3082234135811524,9,0.5366668701171875,0.6583552839956254,High Volume
2018-09-28,17.65133285522461,18.53333282470703,17.37066650390625,18.017332077026367,504745500,2018,-0.3659992218017578,-13.901536785757184,4.140609424871282,9,1.1626663208007812,2.863913178014901,High Volume
2018-10-01,20.71333312988281,20.762666702270508,20.06999969482422,20.384666442871094,326664000,2018,0.3286666870117152,17.34713349848751,5.024623674110726,10,0.6926670074462891,1.8543362505281904,High Volume
2018-10-02,20.06800079345703,21.12266731262207,19.94333267211914,20.93000030517578,176152500,2018,-0.86199951171875,-3.115540760046809,5.057672303841728,10,1.1793346405029297,0.9205303613810479,High Volume
2018-10-03,19.65333366394043,20.30666732788086,19.4379997253418,20.222000122070312,119925000,2018,-0.5686664581298828,-2.06631011122842,5.004090942617149,10,0.868667602539059,0.41868858322348146,High Volume
2018-10-04,18.788667678833008,19.600000381469727,18.51133346557617,19.59666633605957,147213000,2018,-0.8079986572265625,-4.399589402452852,5.06308884837907,10,1.0886669158935582,0.017013329476459556,High Volume
2018-10-05,17.463333129882812,18.32533264160156,17.333332061767578,18.309999465942383,269167500,2018,-0.8466663360595703,-7.053903829718033,5.210453379218328,10,0.9920005798339808,0.08374208687278606,High Volume
2018-10-08,16.70400047302246,17.85066795349121,16.600000381469727,17.634666442871094,202090500,2018,-0.9306659698486328,-4.3481542224090175,5.249022228837193,10,1.2506675720214844,1.2248687057386158,High Volume
2018-10-09,17.520000457763672,17.784666061401367,16.886667251586914,17.016666412353516,180909000,2018,0.5033340454101562,4.885057241581614,5.346541185135511,10,0.8979988098144531,4.513220336095383,High Volume
2018-10-10,17.125333786010742,17.700666427612305,16.51799964904785,17.640666961669922,192229500,2018,-0.5153331756591797,-2.252663592700077,5.345758915327548,10,1.1826667785644531,0.3401201670705033,High Volume
2018-10-11,16.815332412719727,17.483333587646484,16.601999282836914,17.16866683959961,122515500,2018,-0.3533344268798828,-1.810191714594478,5.342017151072993,10,0.8813343048095703,1.8327966346291646,High Volume
2018-10-12,17.25200080871582,17.465999603271484,16.80066680908203,17.399999618530273,108021000,2018,-0.14799880981445312,2.5968466473239804,5.371657038551925,10,0.6653327941894531,0.3793102654492228,High Volume
2018-10-15,17.305999755859375,17.552000045776367,16.96933364868164,17.270666122436523,93000000,2018,0.03533363342285156,0.3130010700919561,5.373135406028813,10,0.5826663970947266,1.6289697302083765,Normal Volume
2018-10-16,18.439332962036133,18.492000579833984,17.482667922973633,17.713333129882812,142896000,2018,0.7259998321533203,6.548787831763603,5.465614291701154,10,1.0093326568603516,4.3959397378325225,High Volume
2018-10-17,18.118667602539062,18.84666633605957,17.719999313354492,18.82666778564453,129832500,2018,-0.7080001831054688,-1.7390290644313078,5.449559860469516,10,1.1266670227050781,0.1062245886671889,High Volume
2018-10-18,17.5939998626709,18.06666755676269,17.53333282470703,17.952667236328125,81318000,2018,-0.35866737365722656,-2.8957302566477883,5.4757048715362515,10,0.5333347320556605,0.6350049211845322,Normal Volume
2018-10-19,17.333332061767578,17.977333068847656,16.899999618530273,17.826000213623047,140632500,2018,-0.49266815185546875,-1.481572143560017,5.355740969246086,10,1.0773334503173828,0.8489445383769112,High Volume
2018-10-22,17.39666748046875,17.457332611083984,16.839332580566406,17.3786678314209,84004500,2018,0.017999649047851562,0.365396673158247,5.118653971551183,10,0.6180000305175781,0.452651379416199,Normal Volume
2018-10-23,19.60933303833008,19.86199951171875,17.47333335876465,17.591333389282227,285417000,2018,2.017999649047855,12.718904700256495,5.616860318967586,10,2.3886661529541016,12.907868165468114,High Volume
2018-10-24,19.233333587646484,20.29599952697754,19.048667907714844,20.06999969482422,300874500,2018,-0.8366661071777344,-1.9174515010206394,5.587660541311501,10,1.2473316192626953,1.1260579750362558,High Volume
2018-10-25,20.99066734313965,21.399999618530277,20.067333221435547,21.14800071716309,312610500,2018,-0.15733337402344105,9.136917152114975,5.823301258290236,10,1.3326663970947301,1.1915968073647392,High Volume
2018-10-26,22.059999465942383,22.65999984741211,20.44333267211914,20.549999237060547,411382500,2018,1.510000228881836,5.094321706509364,5.879153755431155,10,2.2166671752929688,10.267643253953596,High Volume
2018-10-29,22.32333374023437,23.143999099731445,21.76666641235352,22.49799919128418,217290000,2018,-0.17466545104980824,1.1937184073759433,5.87891863906035,10,1.3773326873779261,2.871366039952249,High Volume
2018-10-30,21.99333381652832,22.52666664123535,21.483999252319336,21.892667770385746,136900500,2018,0.10066604614257457,-1.4782734852513357,5.84549607547595,10,1.0426673889160156,2.895941588750629,High Volume
2018-10-31,22.488000869750977,22.799999237060547,21.940000534057617,22.16933250427246,114364500,2018,0.3186683654785156,2.2491681222557736,5.798016373539383,10,0.8599987030029297,2.844770958559732,High Volume
2018-11-01,22.95199966430664,23.189332962036133,22.315332412719727,22.55066680908203,120001500,2018,0.4013328552246094,2.0633172207841666,5.802337577632045,11,0.8740005493164062,2.8321386607374546,High Volume
2018-11-02,23.0939998626709,23.280000686645508,22.727333068847656,22.916000366210938,117120000,2018,0.17799949645996094,0.6186833410645631,5.801897654200592,11,0.5526676177978516,1.588411217566917,High Volume
2018-11-05,22.76000022888184,22.930667877197266,22.00933265686035,22.700000762939453,117465000,2018,0.059999465942386365,-1.4462615214999475,5.814055790691611,11,0.9213352203369141,1.0161546542077875,High Volume
2018-11-06,22.73733329772949,23.253332138061523,22.4060001373291,22.60466766357422,101443500,2018,0.13266563415526988,-0.09959108490511515,5.815384039984718,11,0.8473320007324219,2.8696041195623523,High Volume
2018-11-07,23.21066665649414,23.41200065612793,22.71999931335449,22.889333724975582,110617500,2018,0.32133293151855824,2.0817452625894184,5.806661777354397,11,0.692001342773441,2.283451923207541,High Volume
2018-11-08,23.426666259765625,23.838666915893555,23.22933387756348,23.233333587646484,106360500,2018,0.19333267211914062,0.930604908804078,5.802438781383518,11,0.6093330383300746,2.6054518864608185,High Volume
2018-11-09,23.367332458496094,23.600000381469727,23.01533317565918,23.26666641235352,76482000,2018,0.10066604614257457,-0.25327462564075365,5.1208819699558505,11,0.5846672058105469,1.4326675046977186,Normal Volume
2018-11-12,22.0853328704834,23.318666458129883,22.022666931152344,23.224666595458984,104122500,2018,-1.139333724975586,-5.486289846261738,4.237202536698574,11,1.295999526977539,0.4047414944991194,High Volume
2018-11-13,22.582000732421875,22.979999542236328,22.14666748046875,22.21066665649414,81729000,2018,0.3713340759277344,2.2488583932654294,4.201200629965069,11,0.8333320617675781,3.4637991629902,Normal Volume
2018-11-14,22.933332443237305,23.14066696166992,22.476667404174805,22.84666633605957,75604500,2018,0.08666610717773438,1.5558041777538723,4.177562740757294,11,0.6639995574951136,1.2868425584975525,Normal Volume
2018-11-15,23.22933387756348,23.238666534423828,22.6026668548584,22.82200050354004,69385500,2018,0.40733337402344105,1.2907039788430774,4.070642698711024,11,0.6359996795654297,1.8257208907657234,Normal Volume
2018-11-16,23.62066650390625,23.71333312988281,23.007999420166016,23.012666702270508,108093000,2018,0.6079998016357422,1.6846485069498485,3.7933839253819452,11,0.7053337097167933,3.0446989767733914,High Volume
2018-11-19,23.564666748046875,24.450000762939453,23.525333404541016,23.756000518798828,145633500,2018,-0.19133377075195312,-0.23707949075066903,3.6625708505782626,11,0.9246673583984375,2.9213681974431767,High Volume
2018-11-20,23.166000366210938,23.31999969482422,22.23666763305664,22.78333282470703,120070500,2018,0.38266754150390625,-1.691797240752324,3.6320859260992933,11,1.0833320617675781,2.3555239887256856,High Volume
2018-11-21,22.54599952697754,23.540000915527344,22.49333381652832,23.46666717529297,70302000,2018,-0.9206676483154297,-2.6763395900558984,3.6459533746200963,11,1.0466670989990234,0.31250172718001,Normal Volume
2018-11-23,21.722000122070312,22.5,21.703332901000977,22.290000915527344,63039000,2018,-0.5680007934570312,-3.654747725516738,3.70967173454896,11,0.7966670989990234,0.942122368090033,Normal Volume
2018-11-26,23.06666755676269,23.08133316040039,21.666667938232425,21.666667938232425,119881500,2018,1.3999996185302663,6.190348159174119,3.821962112241493,11,1.4146652221679652,6.529223719128886,High Volume
2018-11-27,22.92799949645996,23.13066673278809,22.36666679382324,22.670000076293945,95374500,2018,0.2579994201660156,-0.6011620879413759,3.8315979460909237,11,0.7639999389648509,2.0320540579788706,Normal Volume
2018-11-28,23.191333770751957,23.21866607666016,22.81399917602539,23.06599998474121,61914000,2018,0.12533378601074574,1.1485270415007465,3.686540597022242,11,0.4046669006347692,0.6618663488248576,Normal Volume
2018-11-29,22.744667053222656,23.166667938232425,22.636667251586918,23.13333320617676,46210500,2018,-0.3886661529541051,-1.9260070246266747,3.691189545460128,11,0.5300006866455078,0.14409826616236807,Normal Volume
2018-11-30,23.365333557128903,23.440000534057617,22.55066680908203,22.788667678833008,84436500,2018,0.5766658782958949,2.7288440954263304,3.638191829634373,11,0.8893337249755859,2.858143637021801,Normal Volume
2018-12-03,23.89933204650879,24.399999618530277,23.46666717529297,24.0,124597500,2018,-0.10066795349121094,2.2854306277042546,3.614099838078858,12,0.9333324432373082,1.6666650772094875,High Volume
2018-12-04,23.979999542236328,24.57866668701172,23.46666717529297,23.73666763305664,126928500,2018,0.2433319091796875,0.337530335871139,3.6143086330715564,12,1.11199951171875,3.5472504690695352,High Volume
2018-12-06,24.20400047302246,24.492000579833984,23.38400077819824,23.733999252319336,117637500,2018,0.470001220703125,0.9341156591416766,2.8773130483730007,12,1.1079998016357457,3.193736207102033,High Volume
2018-12-07,23.86466789245605,25.29933357238769,23.84333229064941,24.600000381469727,172668000,2018,-0.7353324890136754,-1.4019689883274733,2.862374812474099,12,1.4560012817382812,2.842817805176731,High Volume
2018-12-10,24.34333229064941,24.398666381835938,23.541332244873047,24.0,99202500,2018,0.3433322906494105,2.0057450635827756,2.401840242682481,12,0.8573341369628906,1.6611099243164062,High Volume
2018-12-11,24.450666427612305,24.81133270263672,24.01533317565918,24.660667419433597,94632000,2018,-0.21000099182129262,0.4409180127082468,2.2413358049424836,12,0.7959995269775391,0.6109537939122894,Normal Volume
2018-12-12,24.440000534057617,24.79400062561035,24.3439998626709,24.62800025939941,75405000,2018,-0.18799972534179332,-0.043622097525497505,2.2369949901948925,12,0.4500007629394531,0.6740310397210837,Normal Volume
2018-12-13,25.119333267211918,25.16266632080078,24.450000762939453,24.676666259765625,110488500,2018,0.4426670074462926,2.7795937737711496,2.2535442017196967,12,0.7126655578613281,1.9694721155570396,High Volume
2018-12-14,24.38066673278809,25.191333770751957,24.288667678833008,25.0,95064000,2018,-0.6193332672119105,-2.9406295404663663,2.3106161885104073,12,0.9026660919189489,0.7653350830078267,Normal Volume
2018-12-17,23.22800064086914,24.3799991607666,22.92533302307129,24.13333320617676,115110000,2018,-0.9053325653076207,-4.727787408573192,2.4593323258875484,12,1.4546661376953125,1.0220965023045707,High Volume
2018-12-18,22.46866607666016,23.43666648864746,22.246000289916992,23.369333267211918,106500000,2018,-0.9006671905517578,-3.269048317800327,2.5307705341356046,12,1.1906661987304688,0.2881264119332598,High Volume
2018-12-19,22.197999954223636,23.13400077819824,21.982667922973636,22.50666618347168,124113000,2018,-0.3086662292480433,-1.2046381459097089,2.5265890264643716,12,1.1513328552246023,2.7873279392540926,High Volume
2018-12-20,21.025333404541016,22.019332885742188,20.791332244873047,21.803333282470703,136078500,2018,-0.7779998779296875,-5.282757690336403,2.7011192718382735,12,1.2280006408691406,0.990672391570248,High Volume
2018-12-21,21.31800079345703,21.564666748046875,20.82933235168457,21.15999984741211,120252000,2018,0.15800094604492188,1.3919750202525005,2.6836851771411525,12,0.7353343963623047,1.9124144780381782,High Volume
2018-12-24,19.69266700744629,20.96666717529297,19.68000030517578,20.899999618530277,83398500,2018,-1.207332611083988,-7.6242317549288785,2.9910267995708244,12,1.2866668701171875,0.31898353100247534,Normal Volume
2018-12-26,21.73933219909668,21.79800033569336,19.606000900268555,20.0,122446500,2018,1.7393321990966797,10.39303204018276,3.595824773607206,12,2.1919994354248047,8.990001678466797,High Volume
2018-12-27,21.07533264160156,21.47800064086914,20.100000381469727,21.32266616821289,128626500,2018,-0.24733352661133168,-3.0543696163891854,3.4981230873079188,12,1.378000259399414,0.7284946048999135,High Volume
2018-12-28,22.257999420166016,22.416000366210938,21.227333068847656,21.540000915527344,149085000,2018,0.7179985046386719,5.611616189772195,3.627384661516472,12,1.1886672973632812,4.066849644616868,High Volume
2018-12-31,22.18666648864746,22.61400032043457,21.68400001525879,22.519332885742188,94534500,2018,-0.33266639709472656,-0.32048222381534375,3.6160555170209796,12,0.9300003051757812,0.42038294461342696,Normal Volume
2019-01-02,20.67466735839844,21.0086669921875,19.920000076293945,20.406667709350582,174879000,2019,0.26799964904785867,-6.81489998068292,3.810204465156883,1,1.0886669158935547,2.950012669442715,High Volume
2019-01-03,20.02400016784668,20.62666702270508,19.82533264160156,20.46666717529297,104478000,2019,-0.44266700744628906,-3.147171266518334,3.824727712884976,1,0.8013343811035227,0.781758192683478,High Volume
2019-01-04,21.179332733154297,21.200000762939453,20.18199920654297,20.399999618530277,110911500,2019,0.7793331146240199,5.76973909120706,3.9914288864874483,1,1.0180015563964844,3.921574310631347,High Volume
2019-01-07,22.33066749572754,22.44933319091797,21.183332443237305,21.447999954223636,113268000,2019,0.8826675415039027,5.436123871697496,4.114666648280994,1,1.266000747680664,4.668655533529808,High Volume
2019-01-08,22.356666564941406,22.93400001525879,21.801332473754883,22.797332763671875,105127500,2019,-0.44066619873046875,0.11642764023440666,4.084474086917277,1,1.1326675415039062,0.5994879006402748,High Volume
2019-01-09,22.568666458129883,22.899999618530277,22.097999572753903,22.36666679382324,81493500,2019,0.20199966430664418,0.9482625353500751,4.0264773304528045,1,0.8020000457763743,2.384498457563302,Normal Volume
2019-01-10,22.99799919128418,23.025999069213867,22.119333267211918,22.293333053588867,90846000,2019,0.7046661376953125,1.9023398389568458,3.880141495927793,1,0.9066658020019496,3.286480374486006,Normal Volume
2019-01-11,23.15066719055176,23.227333068847656,22.584667205810547,22.80599975585937,75586500,2019,0.3446674346923899,0.6638316576923708,3.8795554079766084,1,0.6426658630371094,1.847466971405342,Normal Volume
2019-01-14,22.293333053588867,22.833332061767575,22.26666641235352,22.82533264160156,78709500,2019,-0.5319995880126918,-3.7032804709524303,3.935263001298307,1,0.5666656494140554,0.03504623696671059,Normal Volume
2019-01-15,22.96199989318848,23.253332138061523,22.299999237060547,22.333332061767575,90849000,2019,0.6286678314209055,2.999402727229117,3.9572895190217414,1,0.9533329010009766,4.119403561230779,Normal Volume
2019-01-16,23.06999969482422,23.46666717529297,22.899999618530277,22.985332489013672,70375500,2019,0.08466720581054688,0.4703414429845676,3.9270590849502884,1,0.5666675567626918,2.0940949473293937,Normal Volume
2019-01-17,23.15399932861328,23.433332443237305,22.94333267211914,23.08066749572754,55150500,2019,0.07333183288574219,0.36410765019605495,3.9046400834754684,1,0.48999977111816406,1.5279668474711463,Normal Volume
2019-01-18,20.15066719055176,21.808666229248047,19.98200035095215,21.53333282470703,362262000,2019,-1.3826656341552699,-12.97111611448506,4.561879907574216,1,1.8266658782958984,1.278638131785629,High Volume
2019-01-22,19.92799949645996,20.53333282470703,19.700000762939453,20.321332931518555,181000500,2019,-0.39333343505859375,-1.1050140026936939,4.555332398126729,1,0.8333320617675781,1.0432381276508833,High Volume
2019-01-23,19.172666549682617,19.63333320617676,18.779333114624023,19.5,187950000,2019,-0.3273334503173828,-3.790309945117787,4.591571030028174,1,0.8540000915527379,0.6837600316756993,High Volume
2019-01-24,19.43400001525879,19.57866668701172,18.618667602539062,18.868667602539062,120183000,2019,0.5653324127197266,1.3630522645296628,4.580366136432038,1,0.9599990844726562,3.7628469557496222,High Volume
2019-01-25,19.80266761779785,19.90133285522461,19.303333282470703,19.625999450683597,108744000,2019,0.17666816711425426,1.8970237843449533,4.599942728851011,1,0.5979995727539062,1.4029013158431627,High Volume
2019-01-28,19.7586669921875,19.83066749572754,19.183332443237305,19.527332305908203,96349500,2019,0.23133468627929688,-0.22219544588429896,4.599318229167199,1,0.6473350524902344,1.5533877596150634,Normal Volume
2019-01-29,19.83066749572754,19.90399932861328,19.453332901000977,19.684667587280277,69325500,2019,0.14599990844726207,0.36439960027925267,4.559040464705274,1,0.4506664276123047,1.114226289880205,Normal Volume
2019-01-30,20.584667205810547,20.600000381469727,19.89933204650879,20.030000686645508,168754500,2019,0.5546665191650391,3.8021902704256094,4.6098226685937895,1,0.7006683349609375,2.845729781748093,High Volume
2019-01-31,20.468000411987305,20.770666122436523,19.600000381469727,20.06666755676269,188538000,2019,0.4013328552246129,-0.5667655087972956,4.538980775950239,1,1.1706657409667969,3.50829834441831,High Volume
2019-02-01,20.81399917602539,21.07333374023437,20.233333587646484,20.3613338470459,109251000,2019,0.4526653289794922,1.6904375467739818,4.518114207032077,2,0.8400001525878871,3.4968234327721746,High Volume
2019-02-04,20.85933303833008,21.020000457763672,20.125333786010746,20.865333557128903,110281500,2019,-0.00600051879882102,0.2178046704109926,4.514171382377026,2,0.8946666717529261,0.7412625358290775,High Volume
2019-02-05,21.42333221435547,21.496000289916992,20.81666755676269,20.832666397094727,101142000,2019,0.5906658172607422,2.7038217137096865,4.433164817364684,2,0.6793327331543004,3.1841046180952266,High Volume
2019-02-06,21.14800071716309,21.61599922180176,21.041332244873047,21.30599975585937,75577500,2019,-0.15799903869628196,-1.2851945460094383,4.434445864055539,2,0.5746669769287145,1.4549867149845286,Normal Volume
2019-02-07,20.500667572021484,20.979999542236328,20.200000762939453,20.886667251586918,97809000,2019,-0.38599967956543324,-3.060966158452272,4.235196988744604,2,0.779998779296875,0.44685104389892244,High Volume
2019-02-08,20.386667251586918,20.49666786193848,19.899999618530277,20.4553337097168,87663000,2019,-0.06866645812988281,-0.5560810155770257,3.775320149267016,2,0.5966682434082031,0.2020702903617012,Normal Volume
2019-02-11,20.856000900268555,21.239999771118164,20.700000762939453,20.773332595825195,106945500,2019,0.08266830444335938,2.3021597541653227,3.759493155193758,2,0.5399990081787109,2.246472361332888,High Volume
2019-02-12,20.78733253479004,21.21266746520996,20.641332626342773,21.07999992370605,82764000,2019,-0.2926673889160121,-0.3292499161602569,3.6091319384282134,2,0.5713348388671875,0.6293526659585759,Normal Volume
2019-02-13,20.544666290283203,20.850000381469727,20.3713321685791,20.82333374023437,77124000,2019,-0.2786674499511683,-1.1673755836671518,3.6137231340053564,2,0.478668212890625,0.128061344874046,Normal Volume
2019-02-14,20.251333236694336,20.45133209228516,20.06666755676269,20.22533226013184,78012000,2019,0.026000976562496447,-1.4277820308407851,3.400756593282927,2,0.38466453552246804,1.1174097376823373,Normal Volume
2019-02-15,20.525333404541016,20.53333282470703,20.26000022888184,20.299999237060547,58573500,2019,0.22533416748046875,1.3529981687833148,3.3566013057039923,2,0.27333259582519176,1.149426583329622,Normal Volume
2019-02-19,20.375999450683597,20.769332885742188,20.36466789245605,20.437332153320312,62526000,2019,-0.0613327026367152,-0.7275592114103224,3.186062822461313,2,0.40466499328613637,1.624481756871271,Normal Volume
2019-02-20,20.17066764831543,20.420000076293945,19.933332443237305,20.29400062561035,107131500,2019,-0.12333297729492188,-1.0077140160174025,3.0141218063035935,2,0.4866676330566406,0.6208704385501331,High Volume
2019-02-21,19.415332794189453,20.215999603271484,19.36666679382324,20.12066650390625,133638000,2019,-0.7053337097167969,-3.744719150082565,3.0778405440689545,2,0.8493328094482457,0.47380686592427884,High Volume
2019-02-22,19.6473331451416,19.76666641235352,19.47333335876465,19.632667541503903,86109000,2019,0.014665603637698865,1.1949336815981981,3.081950742085788,2,0.29333305358887074,0.6825301277390851,Normal Volume
2019-02-25,19.917999267578125,20.19333267211914,19.799999237060547,19.86066627502441,99397500,2019,0.05733299255371449,1.3776227055194656,3.069825432681149,2,0.39333343505859375,1.6750011932533782,High Volume
2019-02-26,19.857332229614254,20.13400077819824,19.251333236694336,19.481332778930664,128737500,2019,0.3759994506835902,-0.30458399535450154,3.063010355853744,2,0.8826675415039027,3.3502225267331003,High Volume
2019-02-27,20.982667922973636,21.08666610717773,20.036666870117188,20.118667602539062,167758500,2019,0.8640003204345739,5.6671041222803975,3.196000514818058,2,1.0499992370605433,4.811444394640243,High Volume
2019-02-28,21.32533264160156,21.333332061767575,20.720666885375977,21.26133346557617,157810500,2019,0.06399917602539062,1.6330846005180533,3.159095546746612,2,0.612665176391598,0.3386363151115514,High Volume
2019-03-01,19.652666091918945,20.47533226013184,19.459999084472656,20.46266746520996,343671000,2019,-0.8100013732910156,-7.8435660432305205,3.4499469649252195,3,1.0153331756591832,0.061892199261952885,High Volume
2019-03-04,19.02400016784668,19.933332443237305,18.851999282836918,19.874666213989254,256452000,2019,-0.8506660461425746,-3.198883658491347,3.4813340791835543,3,1.081333160400387,0.295180953563672,High Volume
2019-03-05,18.43600082397461,18.933332443237305,18.00666618347168,18.799999237060547,281470500,2019,-0.3639984130859375,-3.090829156245878,2.6340409950316075,3,0.926666259765625,0.709219210572718,High Volume
2019-03-06,18.416000366210938,18.767332077026367,18.292667388916016,18.43199920654297,155032500,2019,-0.01599884033203125,-0.10848588017886573,2.6293235127670043,3,0.47466468811035156,1.8192973357136561,High Volume
2019-03-07,18.439332962036133,18.979999542236328,18.28333282470703,18.589332580566406,141637500,2019,-0.14999961853027344,0.12669741182240735,2.5421816648757014,3,0.6966667175292969,2.1015652927654407,High Volume
2019-03-08,18.94266700744629,19.03933334350586,18.392667770385746,18.46066665649414,132294000,2019,0.48200035095214844,2.729675994497449,2.5812156238584754,3,0.6466655731201136,3.1345925788013393,High Volume
2019-03-11,19.39466667175293,19.41866683959961,18.700000762939453,18.90133285522461,110884500,2019,0.4933338165283203,2.3861458586003748,2.5954612435421254,3,0.7186660766601562,2.7370238296819434,High Volume
2019-03-12,18.89066696166992,19.204666137695312,18.73733329772949,19.09933280944824,112561500,2019,-0.2086658477783203,-2.598651055019441,2.6372554530853196,3,0.46733283996582387,0.5515026587471504,High Volume
2019-03-13,19.263999938964844,19.465999603271484,18.84666633605957,18.926666259765625,102670500,2019,0.33733367919921875,1.9762826693860758,2.663660201144601,3,0.6193332672119141,2.8495950428014685,High Volume
2019-03-14,19.33066749572754,19.69266700744629,19.21933364868164,19.49666786193848,106551000,2019,-0.16600036621094105,0.34607328163371864,2.5636347553534584,3,0.47333335876464844,1.0052956068992678,High Volume
2019-03-15,18.36199951171875,18.9146671295166,18.293333053588867,18.90066719055176,221782500,2019,-0.5386676788330114,-5.011042604829264,2.7110952078122725,3,0.6213340759277344,0.07407113634506307,High Volume
2019-03-18,17.965999603271484,18.536666870117188,17.81999969482422,18.399999618530277,154215000,2019,-0.4340000152587926,-2.1566273770704303,2.7034372017035273,3,0.7166671752929688,0.7427568175016461,High Volume
2019-03-19,17.83133316040039,18.21999931335449,17.56399917602539,17.833332061767578,177009000,2019,-0.0019989013671875,-0.7495627621330492,2.700922092159181,3,0.656000137329098,2.1682277335926274,High Volume
2019-03-20,18.239999771118164,18.33133316040039,17.753332138061523,17.979333877563477,103623000,2019,0.2606658935546875,2.291845522943481,2.685147155692241,3,0.5780010223388672,1.9577993558269484,High Volume
2019-03-21,18.26799964904785,18.43000030517578,17.89666748046875,18.17333221435547,89206500,2019,0.09466743469238281,0.15350810461096653,2.683477404546372,3,0.5333328247070312,1.412333675480633,Normal Volume
2019-03-22,17.635332107543945,18.18666648864746,17.600000381469727,18.17200088500977,131184000,2019,-0.5366687774658239,-3.463255713040714,2.69793297653722,3,0.5866661071777344,0.08070439645305948,High Volume
2019-03-25,17.3613338470459,17.545333862304688,16.964000701904297,17.31399917602539,153225000,2019,0.04733467102050781,-1.5536892576059724,2.705233410422305,3,0.5813331604003906,1.336113534067998,High Volume
2019-03-26,17.851333618164062,18.017332077026367,17.6286678314209,17.62933349609375,110263500,2019,0.2220001220703125,2.8223624718877183,2.7253941640066968,3,0.38866424560546875,2.200869255883035,High Volume
2019-03-27,18.32200050354004,18.357999801635746,17.8786678314209,17.916667938232422,131688000,2019,0.4053325653076172,2.6365922874079573,2.7842390947996574,3,0.4793319702148473,2.463247434873561,High Volume
2019-03-28,18.57466697692871,18.68866729736328,18.34000015258789,18.477333068847656,101611500,2019,0.09733390808105469,1.3790332193247767,2.79824954081146,3,0.3486671447753906,1.1437485470883755,High Volume
2019-03-29,18.65733337402344,18.67733383178711,18.299999237060547,18.57999992370605,89869500,2019,0.07733345031738992,0.44504914783887184,2.793040860554384,3,0.3773345947265625,0.5238638777219304,Normal Volume
2019-04-01,19.27866744995117,19.280000686645508,18.75200080871582,18.841333389282227,121656000,2019,0.43733406066894176,3.3302405197562113,2.854451023741538,4,0.5279998779296875,2.3282179042212285,High Volume
2019-04-02,19.058666229248047,19.29599952697754,18.92533302307129,19.21999931335449,82183500,2019,-0.16133308410644176,-1.141164041935272,2.8582393680277347,4,0.37066650390625,0.395422561593141,Normal Volume
2019-04-03,19.45400047302246,19.744667053222656,19.14466667175293,19.15466690063477,118791000,2019,0.29933357238769176,2.0743017324461155,2.8828404200206643,4,0.6000003814697266,3.080190094917991,High Volume
2019-04-04,17.851999282836914,18.07999992370605,17.37266731262207,17.459333419799805,355810500,2019,0.3926658630371094,-8.234816239503528,3.180830356521185,4,0.7073326110839808,3.554926691544695,High Volume
2019-04-05,18.33066749572754,18.406667709350582,17.74066734313965,17.99066734313965,195574500,2019,0.3400001525878906,2.681314318395822,3.2151737025674434,4,0.666000366210934,2.3123120353262863,High Volume
2019-04-08,18.21333312988281,18.74399948120117,18.029333114624023,18.512666702270508,156156000,2019,-0.29933357238769887,-0.6400987082007648,3.2025472124303245,4,0.7146663665771449,1.2495918748555463,High Volume
2019-04-09,18.15399932861328,18.333332061767575,17.974000930786133,18.11000061035156,88560000,2019,0.0439987182617223,-0.3257712404775459,3.2025626399347535,4,0.35933113098144176,1.2331940579193619,Normal Volume
2019-04-10,18.40399932861328,18.558666229248047,18.19266700744629,18.44933319091797,105919500,2019,-0.0453338623046875,1.3771070245990558,3.0199091298513205,4,0.3659992218017578,0.5926124115092646,High Volume
2019-04-11,17.89466667175293,18.03333282470703,17.706666946411133,17.886667251586914,147538500,2019,0.007999420166015625,-2.7675107337592375,3.025078524779356,4,0.32666587829589844,0.8199714964066598,High Volume
2019-04-12,17.84666633605957,18.1299991607666,17.788667678833008,18.014667510986328,101190000,2019,-0.1680011749267578,-0.268238221889483,2.6920337544155784,4,0.34133148193359375,0.6402097052856396,High Volume
2019-04-15,17.7586669921875,17.92533302307129,17.242000579833984,17.908666610717773,150579000,2019,-0.14999961853027344,-0.49308561170477994,2.635783568582989,4,0.6833324432373047,0.09306339056834807,High Volume
2019-04-16,18.224000930786133,18.333332061767575,17.648000717163086,17.71666717529297,109093500,2019,0.5073337554931641,2.6203202008537207,2.625635956661668,4,0.6853313446044886,3.4807048096189597,High Volume
2019-04-17,18.082000732421875,18.31933212280273,17.902666091918945,18.31666755676269,76897500,2019,-0.23466682434081676,-0.7791933226055425,2.6294045658419973,4,0.4166660308837855,0.014547220621773412,Normal Volume
2019-04-18,18.21733283996582,18.32266616821289,17.983333587646484,18.082000732421875,88144500,2019,0.1353321075439453,0.7484354720840525,2.633104339867242,4,0.33933258056640625,1.3309668512483313,Normal Volume
2019-04-22,17.516666412353516,17.978666305541992,17.498666763305664,17.933332443237305,182206500,2019,-0.41666603088378906,-3.846152638080802,2.670938381340619,4,0.4799995422363281,0.2527910662905432,High Volume
2019-04-23,17.593332290649414,17.706666946411133,17.049999237060547,17.343332290649414,164158500,2019,0.25,0.4376739071872082,2.628600090876626,4,0.6566677093505859,2.0949529748536797,High Volume
2019-04-24,17.243999481201172,17.687999725341797,17.200000762939453,17.59000015258789,160912500,2019,-0.34600067138671875,-1.9855977462206353,2.6123686258340704,4,0.48799896240234375,0.5571323018976113,High Volume
2019-04-25,16.5086669921875,17.266666412353516,16.404666900634766,17.0,327741000,2019,-0.4913330078125,-4.26428039397303,2.6750556812494675,4,0.86199951171875,1.56862595502068,High Volume
2019-04-26,15.675999641418455,16.44533348083496,15.408666610717772,16.433332443237305,335410500,2019,-0.7573328018188494,-5.043819414148299,2.7960709149638427,4,1.0366668701171893,0.07302863031043319,High Volume
2019-04-29,16.097999572753906,16.26533317565918,15.477999687194824,15.723999977111816,250717500,2019,0.37399959564208984,2.6920128922461872,2.735532109825588,4,0.7873334884643555,3.442719405592338,High Volume
2019-04-30,15.912667274475098,16.28066635131836,15.800000190734863,16.137332916259766,141969000,2019,-0.22466564178466797,-1.1512753335668258,2.719390598507252,4,0.4806661605834961,0.888210188154282,High Volume
2019-05-01,15.600666999816896,16.0,15.43333339691162,15.923333168029783,160566000,2019,-0.3226661682128871,-1.9607038171323365,2.734211673967254,5,0.5666666030883807,0.4814747714011608,High Volume
2019-05-02,16.273332595825195,16.475332260131836,15.847999572753906,16.368000030517578,272389500,2019,-0.09466743469238281,4.311774592818329,2.8262994735808182,5,0.6273326873779297,0.6557443146025204,High Volume
2019-05-03,17.00200080871582,17.107332229614258,16.232667922973633,16.257333755493164,355602000,2019,0.7446670532226562,4.477682789311133,2.9594786374728623,5,0.874664306640625,5.228400221739245,High Volume
2019-05-06,17.022666931152344,17.22333335876465,16.566667556762695,16.667999267578125,162508500,2019,0.35466766357421875,0.12155112018303882,2.8946773596761606,5,0.6566658020019531,3.3317381544810565,High Volume
2019-05-07,16.470666885375977,17.1473331451416,16.34000015258789,17.1200008392334,151971000,2019,-0.6493339538574219,-3.2427353951582027,2.940460081504211,5,0.8073329925537109,0.15965131173105138,High Volume
2019-05-08,16.32266616821289,16.706666946411133,16.280000686645508,16.46266746520996,92646000,2019,-0.1400012969970703,-0.8985714919320764,2.889538384611898,5,0.426666259765625,1.4821381876102906,Normal Volume
2019-05-09,16.131999969482422,16.245332717895508,15.79599952697754,16.133333206176758,100671000,2019,-0.0013332366943359375,-1.1681069548660883,2.841249507869665,5,0.449333190917967,0.6942118549678885,High Volume
2019-05-10,15.968000411987305,16.132667541503906,15.73466682434082,15.983332633972168,105124500,2019,-0.015332221984863281,-1.0166102021160528,2.8236057206700553,5,0.39800071716308594,0.9343164592240966,High Volume
2019-05-13,15.133999824523926,15.498000144958496,14.966667175292969,15.46733283996582,162522000,2019,-0.33333301544189453,-5.222949436031376,2.947610148089663,5,0.5313329696655273,0.1982714493182365,High Volume
2019-05-14,15.487333297729492,15.633333206176758,15.199999809265137,15.286666870117188,108786000,2019,0.2006664276123047,2.334699863237777,2.9065422604990347,5,0.4333333969116211,2.2677692855153633,High Volume
2019-05-15,15.463333129882812,15.496000289916992,15.016667366027832,15.288000106811523,109440000,2019,0.17533302307128906,-0.154966432150061,2.9067913647342505,5,0.47933292388916016,1.360545405888602,High Volume
2019-05-16,15.222000122070312,15.399999618530272,15.100000381469728,15.29933261871338,112249500,2019,-0.07733249664306818,-1.560679096708617,2.864644738363816,5,0.2999992370605433,0.6579829481827209,High Volume
2019-05-17,14.0686674118042,14.815999984741213,13.928000450134276,14.797332763671877,266800500,2019,-0.7286653518676776,-7.576748791335907,2.807494806317245,5,0.8879995346069371,0.12615260714528778,High Volume
2019-05-20,13.690667152404783,13.733332633972168,13.016667366027832,13.520000457763672,307893000,2019,0.1706666946411115,-2.6868234803977042,2.7516295997974867,5,0.7166652679443359,1.577900658176332,High Volume
2019-05-21,13.67199993133545,13.826666831970217,13.06933307647705,13.184000015258787,270058500,2019,0.48799991607666193,-0.13634997375606694,2.7550015575101416,5,0.7573337554931658,4.874596601696185,High Volume
2019-05-22,12.84866714477539,13.595999717712402,12.785332679748535,13.273332595825195,280278000,2019,-0.4246654510498047,-6.022036210467108,2.905239198918851,5,0.8106670379638672,2.430942791177358,High Volume
2019-05-23,13.03266716003418,13.29800033569336,12.414667129516602,12.956000328063965,398206500,2019,0.07666683197021484,1.4320552722358215,2.906874324897083,5,0.8833332061767578,2.6397036042719835,High Volume
2019-05-24,12.708666801452637,13.33199977874756,12.583333015441896,13.321999549865724,212049000,2019,-0.6133327484130877,-2.486063325357668,2.901764556296278,5,0.7486667633056641,0.07506552484410445,High Volume
2019-05-28,12.579999923706056,13.0,12.523332595825195,12.74666690826416,154693500,2019,-0.1666669845581037,-1.012434110963345,2.8976491487543434,5,0.4766674041748047,1.987445765697338,High Volume
2019-05-29,12.657333374023438,12.826000213623049,12.336000442504885,12.473333358764648,179529000,2019,0.18400001525878906,0.6147333130873234,2.912903317617629,5,0.48999977111816406,2.827366548418202,High Volume
2019-05-30,12.54800033569336,12.817333221435549,12.468000411987305,12.583333015441896,118897500,2019,-0.03533267974853693,-0.8637920413351985,2.8284823791035656,5,0.34933280944824396,1.8596043330212604,High Volume
2019-05-31,12.343999862670898,12.661333084106444,12.273332595825195,12.34000015258789,156100500,2019,0.0039997100830078125,-1.6257608189742534,2.8283935362346324,5,0.3880004882812482,2.603994550609178,High Volume
2019-06-03,11.9313325881958,12.445332527160645,11.79933261871338,12.36733341217041,195966000,2019,-0.4360008239746094,-3.343059616543187,2.828589360921917,6,0.6459999084472638,0.6306866030916352,High Volume
2019-06-04,12.90666675567627,12.932000160217283,11.973999977111816,12.07333278656006,207112500,2019,0.8333339691162092,8.174561896341825,3.279901579871818,6,0.958000183105467,7.112098944320369,High Volume
2019-06-05,13.105999946594238,13.41866683959961,12.789999961853027,13.245332717895508,202662000,2019,-0.13933277130126953,1.544420373527533,3.3023222774053096,6,0.628666877746582,1.3086430170977377,High Volume
2019-06-06,13.729999542236328,14.06666660308838,13.453332901000977,13.629332542419434,303633000,2019,0.10066699981689453,4.76117502048552,3.4537910697560434,6,0.6133337020874041,3.2087709306952825,High Volume
2019-06-07,13.633333206176758,14.055999755859377,13.56666660308838,13.666666984558104,240052500,2019,-0.03333377838134588,-0.7040519976872828,3.3875967431797127,6,0.4893331527709961,2.8487763091116376,High Volume
2019-06-10,14.19200038909912,14.46266746520996,13.934000015258787,14.016667366027832,158775000,2019,0.1753330230712873,4.097803335938788,3.3834123828112106,6,0.5286674499511719,3.1819268270794288,High Volume
2019-06-11,14.473333358764648,14.726667404174805,14.233332633972168,14.609333038330078,174802500,2019,-0.1359996795654297,1.982334850283829,3.3643747328772022,6,0.4933347702026367,0.8031466291916259,High Volume
2019-06-12,13.95066738128662,14.892000198364258,13.93333339691162,14.863332748413086,227962500,2019,-0.9126653671264666,-3.611234292213117,3.4154442362453197,6,0.9586668014526385,0.19287363363531382,High Volume
2019-06-13,14.260666847229004,14.326666831970217,13.833999633789062,14.025333404541016,122524500,2019,0.23533344268798828,2.2221120858935794,3.4340741161855206,6,0.4926671981811541,2.148493862767195,High Volume
2019-06-14,14.32800006866455,14.44333267211914,14.026666641235352,14.083333015441896,111501000,2019,0.24466705322265447,0.4721603986466594,3.3284319652367387,6,0.41666603088378906,2.5562106376559934,High Volume
2019-06-17,15.001999855041504,15.133333206176758,14.284667015075684,14.36533260345459,184752000,2019,0.6366672515869141,4.704074421740101,3.3400380984659535,6,0.8486661911010742,5.346208291324062,High Volume
2019-06-18,14.982666969299316,15.649333000183104,14.837332725524902,15.248000144958496,190737000,2019,-0.2653331756591797,-0.12886872369679558,3.339099765811074,6,0.8120002746582013,2.632036013964112,High Volume
2019-06-19,15.095333099365234,15.184666633605955,14.737333297729492,15.007332801818848,98626500,2019,0.08800029754638672,0.7519764691878983,3.300042375282544,6,0.44733333587646307,1.181647892592981,High Volume
2019-06-20,14.641332626342772,15.126667022705078,14.423333168029783,14.866666793823242,177952500,2019,-0.22533416748047053,-3.007555183009203,3.3368669970217564,6,0.7033338546752947,1.748880448372328,High Volume
2019-06-21,14.790666580200195,14.812000274658203,14.366666793823242,14.414667129516602,123031500,2019,0.37599945068359375,1.019947826256895,3.341325613178702,6,0.44533348083496094,2.7564503680282084,High Volume
2019-06-24,14.90933322906494,15.057332992553713,14.73466682434082,14.88266658782959,86262000,2019,0.026666641235349786,0.8023076459826362,3.343154653805667,6,0.3226661682128924,1.1736230445890496,Normal Volume
2019-06-25,14.650667190551758,15.022666931152344,14.63266658782959,14.959333419799805,92731500,2019,-0.3086662292480469,-1.73492693830819,3.219900205071598,6,0.3900003433227539,0.42337121297605673,Normal Volume
2019-06-26,14.618000030517578,15.148667335510254,14.539999961853027,14.687333106994627,127608000,2019,-0.069333076477049,-0.2229738728571129,3.18806471034666,6,0.6086673736572266,3.14103469401074,High Volume
2019-06-27,14.855999946594238,14.859999656677246,14.489999771118164,14.630000114440918,95095500,2019,0.2259998321533203,1.6281291255971775,3.2044190672221893,6,0.36999988555908203,1.572108957192018,Normal Volume
2019-06-28,14.897333145141602,15.011333465576172,14.720000267028809,14.732666969299316,102771000,2019,0.16466617584228516,0.2782256239630465,3.1927617970879782,6,0.2913331985473633,1.89148710723968,High Volume
2019-07-01,15.14466667175293,15.539999961853027,15.085332870483398,15.347332954406738,123201000,2019,-0.2026662826538086,1.6602537125377292,2.8680165175017365,7,0.4546670913696289,1.2553777781368056,High Volume
2019-07-02,14.970000267028809,15.276666641235352,14.814666748046877,15.259332656860352,138885000,2019,-0.28933238983154297,-1.1533195712382427,2.8265833341495834,7,0.4619998931884748,0.11359595314416925,High Volume
2019-07-03,15.65999984741211,16.10466766357422,15.633999824523926,15.959333419799805,213016500,2019,-0.2993335723876953,4.60921555160565,2.9301042929276124,7,0.47066783905029297,0.9106535965600319,High Volume
2019-07-05,15.539999961853027,15.696666717529297,15.386667251586914,15.637999534606934,105985500,2019,-0.09799957275390625,-0.7662828015858048,2.672863909488125,7,0.3099994659423828,0.37515785054560624,High Volume
2019-07-08,15.355999946594238,15.483332633972168,15.244000434875488,15.416000366210938,88207500,2019,-0.06000041961669922,-1.1840412851381266,2.689760969995849,7,0.2393321990966797,0.43676872185868987,Normal Volume
2019-07-09,15.337332725524902,15.399999618530272,15.152000427246094,15.264666557312012,92862000,2019,0.07266616821289062,-0.12156304463569745,2.6307349761404066,7,0.2479991912841779,0.8865772515249165,Normal Volume
2019-07-10,15.928000450134276,15.929332733154297,15.542667388916016,15.609999656677246,137185500,2019,0.3180007934570295,3.8511763106394925,2.673536872153489,7,0.38666534423828125,2.0456956021805848,High Volume
2019-07-11,15.90666675567627,16.100000381469727,15.720000267028809,15.87600040435791,112716000,2019,0.030666351318359375,-0.13393830898482673,2.6790419828998044,7,0.38000011444091797,1.4109345641634599,High Volume
2019-07-12,16.338666915893555,16.358667373657227,15.980667114257812,15.983332633972168,138007500,2019,0.3553342819213867,2.7158434061185455,2.682161636574384,7,0.37800025939941406,2.348288359383162,High Volume
2019-07-15,16.899999618530273,16.961332321166992,16.323999404907227,16.53333282470703,165001500,2019,0.3666667938232422,3.4356089485530594,2.6758181965986716,7,0.6373329162597656,2.5887067114524447,High Volume
2019-07-16,16.825332641601562,16.902000427246094,16.528667449951172,16.6200008392334,122235000,2019,0.20533180236816406,-0.4418164415035952,2.560127920170452,7,0.3733329772949219,1.6967483379844561,High Volume
2019-07-17,16.99066734313965,17.220666885375977,16.889999389648438,17.044666290283203,146470500,2019,-0.05399894714355469,0.9826533897421275,2.1933491411046973,7,0.33066749572753906,1.0325845756986605,High Volume
2019-07-18,16.902666091918945,17.049999237060547,16.792667388916016,17.003332138061523,71379000,2019,-0.10066604614257812,-0.517938756868408,2.2061519191540935,7,0.25733184814453125,0.27445855094814225,Normal Volume
2019-07-19,17.211999893188477,17.33066749572754,16.974666595458984,17.04599952697754,105726000,2019,0.1660003662109375,1.830088813133579,2.08995016231891,7,0.3560009002685547,1.6699986897188133,High Volume
2019-07-22,17.045333862304688,17.476667404174805,16.945999145507812,17.25,102636000,2019,-0.2046661376953125,-0.9683129904604848,2.0969536896014227,7,0.5306682586669922,1.3140139372452446,High Volume
2019-07-23,17.344667434692383,17.365333557128906,16.96666717529297,17.11400032043457,75346500,2019,0.2306671142578125,1.7561027246856264,2.0105492380268966,7,0.3986663818359375,1.4685826340334784,Normal Volume
2019-07-24,17.658666610717773,17.738000869750977,17.21066665649414,17.277999877929688,166092000,2019,0.38066673278808594,1.8103499372800647,2.006980196792486,7,0.5273342132568359,2.662350938020773,High Volume
2019-07-25,15.254667282104492,15.633333206176758,15.036666870117188,15.56666660308838,336274500,2019,-0.3119993209838885,-13.613708110635002,3.2134587212426378,7,0.5966663360595703,0.42826511794857014,High Volume
2019-07-26,15.202667236328123,15.350666999816896,14.81666660308838,15.128000259399414,150415500,2019,0.07466697692870916,-0.3408795800965869,3.19602509226924,7,0.5340003967285156,1.4718848268073879,High Volume
2019-07-29,15.718000411987305,15.72933292388916,15.0686674118042,15.13933277130127,139099500,2019,0.5786676406860352,3.3897550189597503,3.2465146913883793,7,0.6606655120849609,3.8971344477368164,High Volume
2019-07-30,16.150667190551758,16.224000930786133,15.478667259216309,15.526666641235352,121635000,2019,0.6240005493164062,2.752683338998274,3.175306370304096,7,0.7453336715698242,4.491204104935295,High Volume
2019-07-31,16.107332229614258,16.44533348083496,15.776666641235352,16.200000762939453,137673000,2019,-0.09266853332519531,-0.2683168467668695,3.1760546913914354,7,0.6686668395996094,1.514399421861464,High Volume
2019-08-01,15.59000015258789,16.30066680908203,15.451333045959473,16.176666259765625,123892500,2019,-0.5866661071777344,-3.2117800120570084,3.23815507640168,8,0.8493337631225586,0.766539578212222,High Volume
2019-08-02,15.62266731262207,15.751333236694336,15.281999588012695,15.423333168029783,92047500,2019,0.19933414459228693,0.2095391899579857,3.182388796908177,8,0.4693336486816406,2.1266484040197398,Normal Volume
2019-08-05,15.221332550048828,15.424667358398438,15.052000045776367,15.30666732788086,105424500,2019,-0.08533477783203125,-2.5689260005491543,3.2203910431819804,8,0.3726673126220703,0.7709060894179289,High Volume
2019-08-06,15.383333206176758,15.5,15.050000190734863,15.458666801452637,83463000,2019,-0.0753335952758789,1.0643000906475075,3.22257890762689,8,0.4499998092651367,0.2673788049010749,Normal Volume
2019-08-07,15.56133270263672,15.571332931518556,15.053333282470703,15.100000381469728,71647500,2019,0.4613323211669922,1.1570931609834245,3.207235919604922,8,0.5179996490478533,3.1214075373616113,Normal Volume
2019-08-08,15.886667251586914,15.986666679382324,15.510000228881836,15.630000114440918,79114500,2019,0.2566671371459961,2.090659940038875,3.2231507361540483,8,0.4766664505004883,2.281935779462175,Normal Volume
2019-08-09,15.667332649230955,15.93066692352295,15.587332725524902,15.736666679382324,58473000,2019,-0.06933403015136896,-1.3806206102419005,3.2282045795853738,8,0.3433341979980469,1.23279121362339,Normal Volume
2019-08-12,15.267333030700684,15.718000411987305,15.25,15.53266716003418,69958500,2019,-0.2653341293334961,-2.5530805242071963,3.2679109295558577,8,0.4680004119873047,1.193183695006294,Normal Volume
2019-08-13,15.666666984558104,15.733332633972168,15.170000076293944,15.253999710083008,72721500,2019,0.4126672744750959,2.6156104216395137,3.2878670405089805,8,0.5633325576782244,3.14234255276875,Normal Volume
2019-08-14,14.641332626342772,15.43333339691162,14.446000099182127,15.413999557495115,143439000,2019,-0.7726669311523438,-6.544687260065951,3.502903342513084,8,0.9873332977294922,0.12543038777435772,High Volume
2019-08-15,14.37600040435791,14.77066707611084,14.103333473205566,14.723999977111816,122394000,2019,-0.34799957275390625,-1.8122136062087235,3.405657552691726,8,0.6673336029052734,0.3169457964654073,High Volume
2019-08-16,14.662667274475098,14.815999984741213,14.40133285522461,14.444000244140623,76477500,2019,0.21866703033447443,1.994065540164347,3.427761613757204,8,0.41466712951660334,2.575462020997234,Normal Volume
2019-08-19,15.121999740600586,15.18866729736328,14.779999732971191,14.947333335876465,79644000,2019,0.1746664047241211,3.132666502806747,3.4724550954729945,8,0.40866756439208807,1.6145619828224937,Normal Volume
2019-08-20,15.057332992553713,15.272666931152344,14.969332695007324,15.174667358398438,61878000,2019,-0.11733436584472479,-0.4276335746339899,3.4733055481417585,8,0.30333423614501953,0.6458103524731846,Normal Volume
2019-08-21,14.722000122070312,14.881333351135254,14.506667137145996,14.800666809082031,116914500,2019,-0.07866668701171875,-2.2270402776456644,3.4177533992670184,8,0.3746662139892578,0.5450196473832097,High Volume
2019-08-22,14.8100004196167,15.026666641235352,14.54800033569336,14.853333473205566,98385000,2019,-0.04333305358886719,0.597746887764683,3.420868535526923,8,0.4786663055419922,1.1669647647948305,High Volume
2019-08-23,14.09333324432373,14.744667053222656,14.06666660308838,14.664667129516602,128079000,2019,-0.5713338851928711,-4.839075995863595,3.478086783216341,8,0.6780004501342756,0.545528398288927,High Volume
2019-08-26,14.333333015441896,14.334667205810549,14.102666854858398,14.239999771118164,75778500,2019,0.09333324432373225,1.7029312154726028,3.4256752030702504,8,0.2320003509521502,0.6647994116150961,Normal Volume
2019-08-27,14.272000312805176,14.58666706085205,14.135333061218262,14.38266658782959,81243000,2019,-0.11066627502441406,-0.4279025860254859,3.425682565562744,8,0.45133399963378906,1.418377265277659,Normal Volume
2019-08-28,14.37266731262207,14.483332633972168,14.154000282287598,14.246000289916992,48382500,2019,0.12666702270507812,0.7053461155446694,3.421951784725249,8,0.3293323516845703,1.6659577370860676,Normal Volume
2019-08-29,14.780667304992676,14.893333435058594,14.533332824707031,14.600000381469728,77692500,2019,0.18066692352294744,2.8387214669075345,3.475679685869547,8,0.3600006103515625,2.0091304515386366,Normal Volume
2019-08-30,15.040666580200195,15.496000289916992,14.947333335876465,15.276666641235352,139809000,2019,-0.23600006103515625,1.7590496412817291,3.474142688250888,8,0.5486669540405273,1.4357428477859626,High Volume
2019-09-03,15.000666618347168,15.263333320617676,14.87733268737793,14.93866729736328,80311500,2019,0.061999320983888495,-0.26594540634046204,3.4724557847951094,9,0.3860006332397461,2.1733265544490763,Normal Volume
2019-09-04,14.711999893188477,15.230667114257812,14.61400032043457,15.12600040435791,86415000,2019,-0.4140005111694336,-1.924359313509616,3.4599806612632507,9,0.6166667938232422,0.6919655368364734,Normal Volume
2019-09-05,15.305333137512209,15.31999969482422,14.723333358764648,14.833333015441896,110929500,2019,0.4720001220703125,4.03298836753283,3.5338594638737777,9,0.5966663360595721,3.280899032440593,High Volume
2019-09-06,15.16333293914795,15.309332847595217,15.011333465576172,15.146666526794434,62841000,2019,0.016666412353515625,-0.9277824735237417,2.510500551111417,9,0.29799938201904475,1.0739413884436322,Normal Volume
2019-09-09,15.452667236328123,15.583999633789062,15.281999588012695,15.333333015441896,72040500,2019,0.11933422088622692,1.9081180789296326,2.5331150114974066,9,0.3020000457763672,1.6347823274608646,Normal Volume
2019-09-10,15.702667236328123,15.702667236328123,15.262666702270508,15.386667251586914,73255500,2019,0.31599998474120916,1.6178436782244843,2.4733727828057037,9,0.4400005340576154,2.053725992603228,Normal Volume
2019-09-11,16.47333335876465,16.544666290283203,15.733332633972168,15.825332641601562,150642000,2019,0.6480007171630859,4.907867630625118,2.5841008809369925,9,0.8113336563110352,4.54545673681866,High Volume
2019-09-12,16.391332626342773,16.899999618530273,16.293333053588867,16.51333236694336,128718000,2019,-0.12199974060058594,-0.4977786258313466,2.58556326711503,9,0.6066665649414062,2.341545867271166,High Volume
2019-09-13,16.34666633605957,16.56333351135254,16.32466697692871,16.464000701904297,79696500,2019,-0.11733436584472656,-0.27249944407460314,2.5107054937750157,9,0.23866653442382812,0.6033333649989029,Normal Volume
2019-09-16,16.187332153320312,16.495332717895508,16.077999114990234,16.399999618530273,70921500,2019,-0.21266746520996094,-0.9747197346762881,2.519662665092409,9,0.41733360290527344,0.5812993998946073,Normal Volume
2019-09-17,16.319332122802734,16.373332977294922,16.024667739868164,16.1646671295166,57981000,2019,0.1546649932861328,0.8154522822672039,2.46901565492783,9,0.3486652374267578,1.2908762432682421,Normal Volume
2019-09-18,16.232667922973633,16.544666290283203,16.158000946044922,16.333332061767578,62553000,2019,-0.10066413879394531,-0.5310523689140867,2.4683239032455067,9,0.38666534423828125,1.2938831324583664,Normal Volume
2019-09-19,16.440000534057617,16.529333114624023,16.32266616821289,16.399999618530273,71937000,2019,0.04000091552734375,1.2772552981913154,2.470012377048184,9,0.2066669464111328,0.7886188969639777,Normal Volume
2019-09-20,16.041332244873047,16.463333129882812,15.87733268737793,16.432666778564453,95295000,2019,-0.39133453369140625,-2.4249895148037104,2.4891594709180085,9,0.5860004425048828,0.186618226558102,Normal Volume
2019-09-23,16.082000732421875,16.345333099365234,15.947999954223633,16.0,65103000,2019,0.082000732421875,0.2535231296753704,2.4743267148867587,9,0.39733314514160156,2.158331871032715,Normal Volume
2019-09-24,14.880666732788086,16.132667541503906,14.84066677093506,16.101333618164062,193372500,2019,-1.2206668853759766,-7.4700531334503495,2.7988552456019655,9,1.2920007705688459,0.19460452210303664,High Volume
2019-09-25,15.24666690826416,15.26533317565918,14.557332992553713,14.970666885375977,141406500,2019,0.2760000228881836,2.459568391983602,2.7938770751038744,9,0.708000183105467,1.9682910089399324,High Volume
2019-09-26,16.17066764831543,16.220666885375977,15.15999984741211,15.37733268737793,178267500,2019,0.7933349609375,6.0603458159791845,2.7309221347481265,9,1.0606670379638672,5.484268404300539,High Volume
2019-09-27,16.142000198364258,16.58066749572754,15.915332794189451,16.14666748046875,166746000,2019,-0.0046672821044921875,-0.17728055869207227,2.7020744674367094,9,0.6653347015380877,2.6878612307075866,High Volume
2019-09-30,16.058000564575195,16.26533317565918,15.740667343139648,16.200000762939453,88197000,2019,-0.1420001983642578,-0.5203793381044264,2.6906191124037293,9,0.5246658325195312,0.403286479277129,Normal Volume
2019-10-01,16.312667846679688,16.39666748046875,15.94200038909912,16.100000381469727,92439000,2019,0.21266746520996094,1.5859214917846032,2.6497434054714857,10,0.4546670913696307,1.8426527451544166,Normal Volume
2019-10-02,16.208667755126953,16.309999465942383,15.961999893188477,16.21933364868164,84471000,2019,-0.0106658935546875,-0.6375418940066435,2.651972133934773,10,0.34799957275390625,0.5589984103207088,Normal Volume
2019-10-03,15.535332679748535,15.631999969482422,14.95199966430664,15.457332611083984,226267500,2019,0.07800006866455078,-4.154166681375992,2.7367805704340005,10,0.6800003051757812,1.129996764598239,High Volume
2019-10-04,15.428667068481444,15.652000427246094,15.204667091369627,15.440667152404783,119925000,2019,-0.012000083923339844,-0.6866001099940289,2.7406442508210827,10,0.4473333358764666,1.368679686929179,High Volume
2019-10-07,15.847999572753906,15.904000282287598,15.236666679382324,15.31999969482422,120963000,2019,0.5279998779296857,2.7178790132110553,2.6081655647568804,10,0.6673336029052734,3.812014354417243,High Volume
2019-10-08,16.003332138061523,16.262666702270508,15.633333206176758,15.724666595458984,130173000,2019,0.27866554260253906,0.9801398882838708,2.5992767369302197,10,0.62933349609375,3.4213768765494126,High Volume
2019-10-09,16.302000045776367,16.48666763305664,16.043333053588867,16.08799934387207,103416000,2019,0.21400070190429688,1.8662857531057897,2.6077864187265845,10,0.44333457946777344,2.478047646965024,High Volume
2019-10-10,16.31599998474121,16.618667602539062,16.10533332824707,16.351999282836914,94249500,2019,-0.035999298095703125,0.08587865860343324,2.6083714933194018,10,0.5133342742919922,1.6307994826176633,Normal Volume
2019-10-11,16.525999069213867,16.738666534423828,16.45400047302246,16.476667404174805,127131000,2019,0.0493316650390625,1.2870745566869735,2.574676189706765,10,0.2846660614013672,1.590122103105868,High Volume
2019-10-14,17.130666732788086,17.23666763305664,16.475332260131836,16.52666664123535,153075000,2019,0.6040000915527344,3.6588871936986234,2.6318590531774535,10,0.7613353729248047,4.296093139857858,High Volume
2019-10-15,17.19266700744629,17.333332061767578,16.941333770751953,17.18000030517578,96492000,2019,0.012666702270507812,0.36192563678525413,2.628312699799952,10,0.391998291015625,0.8925014776955678,Normal Volume
2019-10-16,17.316667556762695,17.47333335876465,17.128000259399414,17.159332275390625,100261500,2019,0.1573352813720703,0.7212409177860479,2.5886207256908786,10,0.3453330993652344,1.8299143482660682,High Volume
2019-10-17,17.46466636657715,17.652000427246094,17.344667434692383,17.5,71539500,2019,-0.03533363342285156,0.8546610329575488,2.506041694499259,10,0.30733299255371094,0.8685738699776785,Normal Volume
2019-10-18,17.1299991607666,17.520000457763672,17.00666618347168,17.3799991607666,86247000,2019,-0.25,-1.9162530722660276,2.5314430261020107,10,0.5133342742919922,0.805531091814478,Normal Volume
2019-10-21,16.899999618530273,17.299999237060547,16.678667068481445,17.222000122070312,75304500,2019,-0.32200050354003906,-1.342671065408474,2.535940181664225,10,0.6213321685791016,0.4529039277515569,Normal Volume
2019-10-22,17.038667678833008,17.222000122070312,16.72333335876465,16.954666137695312,69012000,2019,0.08400154113769531,0.820521085401027,2.5261390110503505,10,0.49866676330566406,1.5767575852209577,Normal Volume
2019-10-23,16.978666305541992,17.076000213623047,16.75666618347168,16.96666717529297,78916500,2019,0.011999130249023438,-0.35214826899614415,2.3734784043249855,10,0.3193340301513672,0.6443990278143135,Normal Volume
2019-10-24,19.978666305541992,20.32866668701172,19.280000686645508,19.891332626342773,445813500,2019,0.08733367919921875,17.66923235319593,3.981250356209073,10,1.048666000366211,2.198616195728228,High Volume
2019-10-25,21.875333786010746,22.0,19.74066734313965,19.847999572753903,450091500,2019,2.027334213256843,9.493463935290958,4.283888343221776,10,2.2593326568603516,10.842404643137083,High Volume
2019-10-28,21.84733390808105,22.7226676940918,21.50666618347168,21.836000442504883,283054500,2019,0.011333465576168322,-0.1279974888776403,4.272799640862946,10,1.2160015106201207,4.060575350882366,High Volume
2019-10-29,21.08133316040039,21.6200008392334,20.983333587646484,21.332666397094727,190264500,2019,-0.25133323669433594,-3.506152059118417,4.354362351837669,10,0.6366672515869141,1.3469223058670419,High Volume
2019-10-30,21.000667572021484,21.252666473388672,20.6646671295166,20.86666679382324,144627000,2019,0.13400077819824574,-0.38263988223681267,4.352713249371556,10,0.5879993438720703,1.8498387086896568,High Volume
2019-10-31,20.994667053222656,21.26666641235352,20.86666679382324,20.87333297729492,76005000,2019,0.12133407592773793,-0.02857299073112385,4.355840361162848,10,0.39999961853028054,1.8843825060734258,Normal Volume
2019-11-01,20.88733291625977,21.09866714477539,20.65333366394043,21.08799934387207,95758500,2019,-0.20066642761230113,-0.511244768449004,4.319251073402972,11,0.44533348083496094,0.05058706959046,Normal Volume
2019-11-04,21.1646671295166,21.46266746520996,20.617332458496094,20.98666763305664,131805000,2019,0.17799949645996094,1.3277626893232641,4.317569617308093,11,0.8453350067138672,2.2681058302155637,High Volume
2019-11-05,21.14800071716309,21.567333221435547,21.07466697692871,21.308000564575195,104151000,2019,-0.15999984741210582,-0.07874639488314461,4.017779927997366,11,0.49266624450683594,1.2170670639623278,High Volume
2019-11-06,21.77199935913086,21.781333923339844,20.96666717529297,21.200000762939453,119113500,2019,0.5719985961914062,2.9506271080336655,4.023869386371715,11,0.814666748046875,2.742137450375199,High Volume
2019-11-07,22.369333267211918,22.76666641235352,21.868000030517575,21.94266700744629,217009500,2019,0.42666625976562855,2.743587753370691,3.93215638649941,11,0.8986663818359446,3.7552381605554337,High Volume
2019-11-08,22.47599983215332,22.497333526611328,22.166667938232425,22.299999237060547,91038000,2019,0.17600059509277344,0.4768428440276695,3.926313207663673,11,0.3306655883789027,0.8849071583053233,Normal Volume
2019-11-11,23.006000518798828,23.279333114624023,22.799999237060547,22.93000030517578,149800500,2019,0.07600021362304688,2.358073903734903,3.9185271616167467,11,0.47933387756347656,1.5234749446095317,High Volume
2019-11-12,23.32866668701172,23.357999801635746,22.93600082397461,23.12666702270508,110391000,2019,0.20199966430663707,1.4025304743831235,3.9181676271097623,11,0.42199897766113637,1.0002858548685305,High Volume
2019-11-13,23.073999404907227,23.755332946777344,23.011999130249023,23.666667938232425,126301500,2019,-0.5926685333251989,-1.0916495379750035,3.9266526543400557,11,0.7433338165283203,0.3746408610469581,High Volume
2019-11-14,23.290000915527344,23.589332580566406,22.86066627502441,23.073999404907227,96973500,2019,0.2160015106201172,0.9361251460125342,3.7926246445785674,11,0.7286663055419957,2.2333933819447966,High Volume
2019-11-15,23.47800064086914,23.520000457763672,23.224000930786133,23.375999450683597,72135000,2019,0.10200119018554332,0.8072121852793046,3.773732449533349,11,0.29599952697753906,0.6160207497603422,Normal Volume
2019-11-18,23.332666397094727,23.543333053588867,23.07333374023437,23.527999877929688,66006000,2019,-0.19533348083496094,-0.6190230846208622,3.784927035519054,11,0.46999931335449574,0.06516990708403943,Normal Volume
2019-11-19,23.968000411987305,23.99933242797852,23.18666648864746,23.450000762939453,115872000,2019,0.5179996490478516,2.722937893509192,3.7922395484766174,11,0.8126659393310582,2.3425656595595243,High Volume
2019-11-20,23.481332778930664,24.07999992370605,23.30466651916504,24.0,100876500,2019,-0.5186672210693359,-2.0304890883314552,3.842811060923259,11,0.7753334045410121,0.33333301544187977,High Volume
2019-11-21,23.655332565307617,24.05599975585937,23.600000381469727,23.63400077819824,91650000,2019,0.021331787109378553,0.741013246629163,3.837592067281416,11,0.4559993743896449,1.7855587871961824,Normal Volume
2019-11-22,22.202667236328125,22.733333587646484,22.0,22.67733383178711,253059000,2019,-0.4746665954589844,-6.140963459164972,4.071711736326972,11,0.7333335876464844,0.24694153322768228,High Volume
2019-11-25,22.422666549682617,22.971332550048828,22.297332763671875,22.954666137695312,185092500,2019,-0.5319995880126953,0.9908688492819007,4.042108316792117,11,0.6739997863769531,0.0726057711035346,High Volume
2019-11-26,21.92799949645996,22.36666679382324,21.80666732788086,22.351333618164062,119211000,2019,-0.42333412170410156,-2.2061027047189374,4.0825291826139996,11,0.5599994659423793,0.06860071940725478,High Volume
2019-11-27,22.086000442504883,22.261999130249023,21.90466690063477,22.07466697692871,83334000,2019,0.011333465576171875,0.7205442797936445,4.082530174068865,11,0.35733222961425426,0.8486295784942182,Normal Volume
2019-11-29,21.996000289916992,22.083999633789062,21.833332061767575,22.073999404907227,36984000,2019,-0.07799911499023438,-0.40749864522633406,4.089398021454388,11,0.2506675720214879,0.04530320354911673,Normal Volume
2019-12-02,22.32466697692871,22.42533302307129,21.91266632080078,21.959999084472656,91117500,2019,0.3646678924560547,1.4942111414791182,4.057201452878937,12,0.5126667022705078,2.11900709471185,Normal Volume
2019-12-03,22.413333892822266,22.527332305908203,22.145999908447266,22.17466735839844,98605500,2019,0.23866653442382457,0.39717016153113516,4.035513757568354,12,0.3813323974609375,1.5903956610027508,High Volume
2019-12-04,22.20199966430664,22.52400016784668,22.190000534057617,22.51666641235352,82995000,2019,-0.31466674804687855,-0.9428951066637326,4.051316057527571,12,0.3339996337890625,0.032570343046592926,Normal Volume
2019-12-05,22.024667739868164,22.294666290283203,21.81666755676269,22.18866729736328,55869000,2019,-0.1639995574951172,-0.7987205077007897,4.057120561866406,12,0.47799873352051137,0.47771680695991114,Normal Volume
2019-12-06,22.392667770385746,22.59066772460937,22.31800079345703,22.333332061767575,114186000,2019,0.05933570861817117,1.6708539482366058,2.5572887305078256,12,0.2726669311523402,1.1522493022092737,High Volume
2019-12-09,22.635332107543945,22.96333312988281,22.338666915893555,22.439332962036133,135346500,2019,0.1959991455078125,1.0836776557687555,1.905286271266849,12,0.6246662139892543,2.335186026844929,High Volume
2019-12-10,23.256000518798828,23.381999969482425,22.62066650390625,22.66399955749512,132424500,2019,0.5920009613037074,2.7420335973247223,1.9629773408123943,12,0.7613334655761754,3.1680216466905886,High Volume
2019-12-11,23.51333236694336,23.812667846679688,23.4060001373291,23.458667755126957,103467000,2019,0.0546646118164027,1.1065180701923305,1.8370659411425352,12,0.40666770935058594,1.5090374920176919,High Volume
2019-12-12,23.978666305541992,24.182666778564453,23.548667907714844,23.661333084106445,116458500,2019,0.3173332214355469,1.9790216517877823,1.853733442082459,12,0.6339988708496094,2.203314972173706,High Volume
2019-12-13,23.892667770385746,24.34733390808105,23.642667770385746,24.06999969482422,98563500,2019,-0.177331924438473,-0.35864603168680453,1.857707655105937,12,0.7046661376953054,1.1521986571377798,High Volume
2019-12-16,25.433332443237305,25.573999404907227,24.166667938232425,24.170000076293945,272613000,2019,1.2633323669433594,6.448273954410255,2.145870143542164,12,1.4073314666748011,5.808851155074388,High Volume
2019-12-17,25.266000747680664,25.700000762939453,25.059999465942383,25.266000747680664,127452000,2019,0.0,-0.6579228102730705,2.155828830876308,12,0.6400012969970703,1.7177234323426862,High Volume
2019-12-18,26.209999084472656,26.347999572753903,25.371999740600582,25.375333786010746,211815000,2019,0.8346652984619105,3.7362396455982383,2.2249272369889725,12,0.9759998321533203,3.833115240751557,High Volume
2019-12-19,26.93600082397461,27.12333297729492,26.433332443237305,26.488000869750977,271606500,2019,0.4479999542236328,2.769941872802484,2.218978442830155,12,0.6900005340576136,2.398565715351831,High Volume
2019-12-20,27.03933334350586,27.53333282470703,26.679332733154297,27.3526668548584,221290500,2019,-0.31333351135253906,0.3836223506470837,2.186945811538227,12,0.8540000915527344,0.6605058687962735,High Volume
2019-12-23,27.947999954223636,28.13400077819824,27.333332061767575,27.45199966430664,199794000,2019,0.49600028991699574,3.360536294198302,2.2414431841960956,12,0.8006687164306641,2.4843403840571314,High Volume
2019-12-24,28.350000381469727,28.36466789245605,27.512666702270508,27.89066696166992,120820500,2019,0.45933341979980824,1.4383871042812801,2.2249658468417586,12,0.8520011901855433,1.699496578685448,High Volume
2019-12-26,28.72933387756348,28.898666381835938,28.42333221435547,28.527332305908203,159508500,2019,0.202001571655277,1.3380370052541446,2.224317294378852,12,0.47533416748046875,1.3016782359661039,High Volume
2019-12-27,28.691999435424805,29.020666122436523,28.40733337402344,29.0,149185500,2019,-0.3080005645751953,-0.12995234173470704,2.2041395060578988,12,0.6133327484130824,0.07126249116042566,High Volume
2019-12-30,27.64666748046875,28.600000381469727,27.28400039672852,28.586000442504883,188796000,2019,-0.9393329620361328,-3.643287242176041,2.345052716169453,12,1.3159999847412074,0.048974808466129685,High Volume
2019-12-31,27.8886661529541,28.086000442504883,26.80533218383789,27.0,154285500,2019,0.8886661529541016,0.8753267375039453,2.345293366379802,12,1.2806682586669922,4.022223861129196,High Volume
2020-01-02,28.68400001525879,28.71333312988281,28.11400032043457,28.299999237060547,142981500,2020,0.3840007781982422,2.85181750157113,2.3684710067191883,1,0.5993328094482386,1.4605438302661737,High Volume
2020-01-03,29.53400039672852,30.26666641235352,29.12800025939941,29.36666679382324,266677500,2020,0.16733360290528054,2.963325829792085,2.3758836146024263,1,1.1386661529541087,3.0646978931894977,High Volume
2020-01-06,30.1026668548584,30.10400009155273,29.333332061767575,29.36466789245605,151995000,2020,0.7379989624023473,1.925463704513497,2.3269043239299525,1,0.7706680297851562,2.517761146846201,High Volume
2020-01-07,31.270666122436523,31.441999435424805,30.224000930786133,30.76000022888184,268231500,2020,0.510665893554684,3.880052465815398,2.3911661882364417,1,1.2179985046386719,2.2171625535379804,High Volume
2020-01-08,32.80933380126953,33.232666015625,31.215333938598636,31.57999992370605,467164500,2020,1.2293338775634801,4.920482578812169,2.092220771288992,1,2.0173320770263636,5.23326819478029,High Volume
2020-01-09,32.089332580566406,33.25333404541016,31.524667739868164,33.13999938964844,426606000,2020,-1.0506668090820312,-2.1945011900097344,2.188683970970328,1,1.7286663055419993,0.34198750105326464,High Volume
2020-01-10,31.87666702270508,32.3293342590332,31.57999992370605,32.11933135986328,194392500,2020,-0.24266433715819957,-0.6627297633174156,2.1223917586936363,1,0.749334335327152,0.6538208931470602,High Volume
2020-01-13,34.990665435791016,35.04199981689453,32.79999923706055,32.900001525878906,397764000,2020,2.0906639099121094,9.76889588509331,2.624275640703078,1,2.2420005798339844,6.510632801432378,High Volume
2020-01-14,35.861331939697266,36.49399948120117,34.99333190917969,36.28400039672852,434943000,2020,-0.4226684570312571,2.4882822120200876,2.601890455205086,1,1.5006675720214844,0.5787649712725262,High Volume
2020-01-15,34.56666564941406,35.85599899291992,34.452667236328125,35.31733322143555,260532000,2020,-0.7506675720214844,-3.6102013513057862,2.7752088633436975,1,1.4033317565917969,1.525216437229288,High Volume
2020-01-16,34.232666015625,34.297332763671875,32.81133270263672,32.91666793823242,326050500,2020,1.3159980773925781,-0.9662477636014799,2.804968857292123,1,1.4860000610351562,4.1944246241151975,High Volume
2020-01-17,34.03333282470703,34.37799835205078,33.54399871826172,33.840667724609375,204436500,2020,0.19266510009765625,-0.5822894156913949,2.7950768909206136,1,0.8339996337890625,1.5878251333990445,High Volume
2020-01-21,36.47999954223633,36.571998596191406,35.227333068847656,35.349998474121094,267052500,2020,1.1300010681152344,7.1890306192789355,2.947708648961831,1,1.34466552734375,3.4568604662455935,High Volume
2020-01-22,37.97066879272461,39.633331298828125,37.27333450317383,38.1259994506836,470535000,2020,-0.15533065795899148,4.086264444061727,2.97866057395893,1,2.359996795654297,3.9535536638043407,High Volume
2020-01-23,38.14666748046875,38.79999923706055,37.040000915527344,37.61666870117188,294765000,2020,0.5299987792968679,0.4635122144013071,2.9860728290231555,1,1.7599983215332031,3.1457611126840694,High Volume
2020-01-24,37.654666900634766,38.25733184814453,36.95066833496094,38.04199981689453,215304000,2020,-0.3873329162597656,-1.2897603180825445,3.0324410401658994,1,1.3066635131835938,0.5660376223291252,High Volume
2020-01-27,37.20133209228516,37.62933349609375,35.95199966430664,36.13266754150391,204121500,2020,1.06866455078125,-1.2039272835579373,3.076075624668883,1,1.6773338317871094,4.142140772946493,High Volume
2020-01-28,37.79333114624024,38.45399856567383,37.2053337097168,37.89933395385742,176827500,2020,-0.1060028076171804,1.5913383222044608,3.0751799162845375,1,1.2486648559570312,1.4635207375720967,High Volume
2020-01-29,38.732666015625,39.31999969482422,37.82866668701172,38.37933349609375,267022500,2020,0.35333251953125,2.4854513769903663,3.057376111252179,1,1.4913330078125,2.450970647591391,High Volume
2020-01-30,42.72066879272461,43.391998291015625,41.20000076293945,42.16133117675781,435085500,2020,0.5593376159667969,10.296225866535558,3.3331400693882265,1,2.191997528076172,2.91894748080497,High Volume
2020-01-31,43.37133407592773,43.53333282470703,42.167999267578125,42.66666793823242,235789500,2020,0.7046661376953054,1.5230690473505115,3.301411943982544,1,1.3653335571289062,2.0312457671390245,High Volume
2020-02-03,52.0,52.40933227539063,44.90133285522461,44.91266632080078,705975000,2020,7.087333679199219,19.894859376394926,4.656626396170134,2,7.507999420166023,16.69165197417339,High Volume
2020-02-04,59.137332916259766,64.59933471679688,55.59199905395508,58.86399841308594,914082000,2020,0.2733345031738281,13.725640223576473,5.095025098137848,2,9.007335662841797,9.743368541604076,High Volume
2020-02-05,48.97999954223633,56.39866638183594,46.94066619873047,54.88399887084961,726357000,2020,-5.903999328613281,-17.17583947927872,6.255373255587595,2,9.458000183105469,2.7597615737704735,High Volume
2020-02-06,49.93066787719727,53.05533218383789,45.79999923706055,46.66133117675781,598212000,2020,3.2693367004394602,1.9409316942544441,6.251557239496235,2,7.255332946777344,13.702997419552734,High Volume
2020-02-07,49.87133407592773,51.31666564941406,48.66666793823242,48.70333480834961,255952500,2020,1.167999267578118,-0.1188323805631386,6.264032578944543,2,2.6499977111816406,5.365814992644875,High Volume
2020-02-10,51.41866683959961,54.66600036621094,50.15999984741211,53.33333206176758,370338000,2020,-1.9146652221679688,3.1026496329857656,6.265035485198057,2,4.506000518798828,2.498753130406216,High Volume
2020-02-11,51.62533187866211,52.23400115966797,50.53333282470703,51.25266647338867,175462500,2020,0.3726654052734375,0.4019260937028868,6.259121042472469,2,1.7006683349609375,1.9146997684282903,High Volume
2020-02-12,51.15266799926758,52.650001525878906,50.891334533691406,51.858001708984375,180337500,2020,-0.7053337097167969,-0.9155657933695438,6.191292983029011,2,1.7586669921875,1.5272470800920153,High Volume
2020-02-13,53.59999847412109,54.53333282470703,49.0,49.45600128173828,394339500,2020,4.143997192382805,4.78436525517798,6.20237657651186,2,5.533332824707031,10.26636082857666,High Volume
2020-02-14,53.33533477783203,54.198001861572266,52.36666870117188,52.4813346862793,235405500,2020,0.8540000915527344,-0.49377556683484203,6.223742538694813,2,1.8313331604003835,3.271005178421603,High Volume
2020-02-18,57.22666549682617,57.33333206176758,55.490665435791016,56.106666564941406,245725500,2020,1.1199989318847656,7.29597130158357,6.290205886331962,2,1.8426666259765625,2.186309706006775,High Volume
2020-02-19,61.16133117675781,62.98533248901367,60.06800079345703,61.56666564941406,381345000,2020,-0.40533447265625,6.8755808953255615,6.341546407991389,2,2.9173316955566406,2.304277525240822,High Volume
2020-02-20,59.96066665649414,60.79999923706055,57.3293342590332,60.79666519165039,264523500,2020,-0.83599853515625,-1.9631105097986157,6.389895134816126,2,3.4706649780273438,0.005483928106329978,High Volume
2020-02-21,60.06666564941406,60.87066650390625,58.6966667175293,60.46533203125,214722000,2020,-0.3986663818359375,0.17678087791648256,6.383771351444192,2,2.173999786376953,0.670358466644594,High Volume
2020-02-24,55.58599853515625,57.56666564941406,54.81333160400391,55.93333435058594,227883000,2020,-0.3473358154296875,-7.459490327646511,6.579001296621585,2,2.753334045410149,2.920139336930152,High Volume
2020-02-25,53.32733154296875,57.106666564941406,52.46666717529297,56.59999847412109,259357500,2020,-3.2726669311523366,-4.06337396414489,6.656283585148468,2,4.6399993896484375,0.8951733294692238,High Volume
2020-02-26,51.91999816894531,54.22066879272461,51.740665435791016,52.16666793823242,211282500,2020,-0.24666976928710938,-2.6390470576789893,6.537587310880766,2,2.4800033569335938,3.9373817337235586,High Volume
2020-02-27,45.26666641235352,49.31800079345703,44.59999847412109,48.66666793823242,364158000,2020,-3.400001525878899,-12.814583958462688,7.0379352947323985,2,4.718002319335945,1.3383551469997472,High Volume
2020-02-28,44.53266525268555,46.03466796875,40.76800155639648,41.97999954223633,363343500,2020,2.5526657104492188,-1.6215047800994253,7.002114692856673,2,5.266666412353523,9.658571869288005,High Volume
2020-03-02,49.574668884277344,49.5793342590332,45.77799987792969,47.41733169555664,302925000,2020,2.157337188720703,11.322034293215232,7.233623621940983,3,3.8013343811035156,4.559519665420479,High Volume
2020-03-03,49.70066833496094,53.79866790771485,47.740665435791016,53.66666793823242,386760000,2020,-3.9659996032714844,0.25416095259802596,7.226954375651858,3,6.058002471923835,0.2459626702264321,High Volume
2020-03-04,49.96666717529297,51.10133361816406,48.31533432006836,50.93066787719727,225735000,2020,-0.964000701904304,0.5352017372066697,7.148706103489721,3,2.785999298095703,0.3350942527953779,High Volume
2020-03-05,48.30266571044922,49.71666717529297,47.87133407592773,48.2513313293457,162790500,2020,0.051334381103515625,-3.3302230445070524,7.1772071729108955,3,1.8453330993652415,3.036881689223094,High Volume
2020-03-06,46.89866638183594,47.133331298828125,45.61800003051758,46.0,189943500,2020,0.8986663818359375,-2.9066704869448956,7.213033160770964,3,1.5153312683105469,2.4637636931046196,High Volume
2020-03-09,40.53333282470703,44.20000076293945,40.33333206176758,40.35933303833008,256105500,2020,0.17399978637695312,-13.572525720249962,7.677618280431116,3,3.866668701171875,9.516182343652249,High Volume
2020-03-10,43.02199935913086,44.53333282470703,40.53333282470703,43.96200180053711,233916000,2020,-0.94000244140625,6.139802382366311,7.737238618821956,3,4.0,1.2996019306903845,High Volume
2020-03-11,42.28200149536133,43.571998596191406,40.86666870117188,42.68000030517578,199837500,2020,-0.3979988098144531,-1.7200452670558586,7.748813146641015,3,2.705329895019524,2.089967864661549,High Volume
2020-03-12,37.369998931884766,39.633331298828125,36.41666793823242,38.72600173950195,283636500,2020,-1.3560028076171875,-11.617242301113507,8.056264239516567,3,3.216663360595703,2.3429466471377607,High Volume
2020-03-13,36.44133377075195,40.50466537475586,33.46666717529297,39.66666793823242,339604500,2020,-3.2253341674804688,-2.48505535904755,7.838691066584837,3,7.037998199462891,2.112598511748802,High Volume
2020-03-16,29.67133331298828,32.9913330078125,29.47800064086914,31.299999237060547,307342500,2020,-1.6286659240722656,-18.57780645558401,8.513631635536377,3,3.5133323669433594,5.403622402486646,High Volume
2020-03-17,28.68000030517578,31.456666946411133,26.399999618530277,29.333999633789062,359919000,2020,-0.6539993286132812,-3.341046380880208,7.560042437042934,3,5.056667327880856,7.236201469700114,High Volume
2020-03-18,24.08133316040039,26.99066734313965,23.367332458496094,25.933332443237305,356793000,2020,-1.851999282836914,-16.03440409986845,7.4207132076461875,3,3.6233348846435547,4.077127003313712,High Volume
2020-03-19,28.50933265686035,30.13333320617676,23.8973331451416,24.979999542236328,452932500,2020,3.5293331146240234,18.387684215678778,7.8512079154866115,3,6.23600006103516,20.629838904629068,High Volume
2020-03-20,28.50200080871582,31.799999237060547,28.38599967956543,29.21333312988281,424282500,2020,-0.7113323211669886,-0.025717361513777348,7.829824161527538,3,3.413999557495117,8.854402528042217,High Volume
2020-03-23,28.952667236328125,29.46666717529297,27.36666679382324,28.906667709350582,246817500,2020,0.045999526977542615,1.5811747064244486,7.846653793480751,3,2.10000038146973,1.937267455291087,High Volume
2020-03-24,33.66666793823242,34.24599838256836,31.600000381469727,31.81999969482422,343428000,2020,1.8466682434082031,16.281749323562988,8.457812707556702,3,2.645998001098633,7.624131712794294,High Volume
2020-03-25,35.95000076293945,37.133331298828125,34.07400131225586,36.34999847412109,318340500,2020,-0.3999977111816335,6.782176450892674,8.575024467600775,3,3.0593299865722656,2.1549734734231754,High Volume
2020-03-26,35.21066665649414,37.33333206176758,34.150001525878906,36.49266815185547,260710500,2020,-1.2820014953613281,-2.0565621439638027,8.577906487181815,3,3.183330535888672,2.3036515346422153,High Volume
2020-03-27,34.29066848754883,35.0533332824707,32.935333251953125,33.66666793823242,215661000,2020,0.6240005493164062,-2.6128393930185068,8.515653449840345,3,2.118000030517578,4.11880779761861,High Volume
2020-03-30,33.47533416748047,34.44333267211914,32.7486686706543,34.017333984375,179971500,2020,-0.5419998168945312,-2.377714859552571,8.517796256841349,3,1.6946640014648438,1.2522988660422723,High Volume
2020-03-31,34.93333435058594,36.19733428955078,33.133331298828125,33.41666793823242,266572500,2020,1.5166664123535156,4.355446239344318,8.433322662051433,3,3.0640029907226562,8.321195747158756,High Volume
2020-04-01,32.104000091552734,34.26333236694336,31.67333221435547,33.599998474121094,200298000,2020,-1.4959983825683594,-8.099239055277142,8.37667888493006,4,2.5900001525878906,1.9742081040068173,High Volume
2020-04-02,30.29800033569336,32.95066833496094,29.76000022888184,32.06866836547852,297876000,2020,-1.7706680297851634,-5.625466454987249,8.4060237247074,4,3.190668106079098,2.7503479702695595,High Volume
2020-04-03,32.000667572021484,34.36600112915039,31.22599983215332,33.96666717529297,338431500,2020,-1.9659996032714844,5.619734693587186,8.510604566982023,4,3.1400012969970703,1.1756642233886685,High Volume
2020-04-06,34.41600036621094,34.733333587646484,33.19733428955078,34.08000183105469,223527000,2020,0.33599853515625,7.547757523349929,8.602415650293025,4,1.5359992980957031,1.9170531733846974,High Volume
2020-04-07,36.36333465576172,37.66666793823242,35.48933410644531,36.33333206176758,268797000,2020,0.030002593994140625,5.658223700690801,8.674564372486373,4,2.1773338317871094,3.66973189851715,High Volume
2020-04-08,36.589332580566406,37.14733123779297,35.55533218383789,36.9466667175293,189840000,2020,-0.3573341369628906,0.6214994497730331,8.672446714503439,4,1.5919990539550781,0.5431194153394814,High Volume
2020-04-09,38.20000076293945,38.345333099365234,37.14066696166992,37.4726676940918,204750000,2020,0.7273330688476562,4.402015748241661,8.415198463417807,4,1.2046661376953125,2.328805123770326,High Volume
2020-04-13,43.39666748046875,43.46666717529297,38.70199966430664,39.34400177001953,337131000,2020,4.052665710449219,13.603839302984921,8.778839766425719,4,4.764667510986328,10.478510623733614,High Volume
2020-04-14,47.32600021362305,49.45866775512695,46.1619987487793,46.59799957275391,458647500,2020,0.7280006408691335,9.054457315006381,8.689892740158733,4,3.2966690063476562,6.139036457791821,High Volume
2020-04-15,48.65533447265625,50.20866775512695,47.33333206176758,49.46666717529297,353655000,2020,-0.8113327026367188,2.8088878270565276,8.702800392915805,4,2.875335693359375,1.500001156747811,High Volume
2020-04-16,49.68066787719727,50.630001068115234,47.11466598510742,47.79600143432617,309868500,2020,1.8846664428711009,2.107340162500071,8.708997293224142,4,3.5153350830078125,5.9293655300498385,High Volume
2020-04-17,50.25933456420898,51.663333892822266,49.84400177001953,51.48533248901367,196923000,2020,-1.2259979248046946,1.164772358620625,8.682082120631247,4,1.8193321228027344,0.34573226043859584,High Volume
2020-04-20,49.75733184814453,51.03799819946289,47.48066711425781,48.8466682434082,221199000,2020,0.9106636047363281,-0.9988248360572882,8.66321896564187,4,3.557331085205078,4.486140068213158,High Volume
2020-04-21,45.78133392333984,50.22200012207031,44.91933441162109,48.67466735839844,303136500,2020,-2.893333435058601,-7.990777996173771,8.40520053029249,4,5.302665710449226,3.1789282755209105,High Volume
2020-04-22,48.80733489990234,48.93333435058594,45.91400146484375,46.93199920654297,212482500,2020,1.875335693359368,6.609682849410836,8.416017877569004,4,3.0193328857421875,4.264329621321469,High Volume
2020-04-23,47.04199981689453,48.93333435058594,46.87533187866211,48.50666809082031,198550500,2020,-1.4646682739257812,-3.6169462779073736,8.442435366757163,4,2.058002471923828,0.8796033134388174,High Volume
2020-04-24,48.34333419799805,48.71533203125,46.54533386230469,47.387332916259766,198180000,2020,0.9560012817382812,2.766324531628772,8.120863192433111,4,2.1699981689453125,2.8024348138288344,High Volume
2020-04-27,53.25,53.29933166503906,49.0,49.17399978637695,310221000,2020,4.076000213623047,10.149622245552825,8.250624869815228,4,4.2993316650390625,8.389254273769655,High Volume
2020-04-28,51.27466583251953,53.66666793823242,50.44599914550781,53.042667388916016,228330000,2020,-1.7680015563964844,-3.7095477323576875,7.399082721793884,4,3.2206687927246094,1.1764124619547311,High Volume
2020-04-29,53.367332458496094,53.54666519165039,52.21066665649414,52.678001403808594,243240000,2020,0.6893310546875,4.081287692467694,7.3346694294519645,4,1.33599853515625,1.6490067289815458,High Volume
2020-04-30,52.12533187866211,57.98799896240234,50.900001525878906,57.01266860961914,427078500,2020,-4.887336730957031,-2.327267492336982,6.533231691711581,4,7.08799743652343,1.7107256625041385,High Volume
2020-05-01,46.75466537475586,51.51800155639648,45.5359992980957,50.33333206176758,487977000,2020,-3.5786666870117188,-10.303371336624089,6.268054417861653,5,5.982002258300774,2.3536480620339377,High Volume
2020-05-04,50.74599838256836,50.79999923706055,46.53333282470703,46.73333358764648,288556500,2020,4.012664794921882,8.536758793631606,6.373827956318197,5,4.266666412353516,8.70185226950952,High Volume
2020-05-05,51.2140007019043,53.26133346557617,50.8120002746582,52.65266799926758,254875500,2020,-1.4386672973632812,0.9222447764407393,6.37693259027956,5,2.4493331909179688,1.1560011855753645,High Volume
2020-05-06,52.172000885009766,52.6533317565918,50.740665435791016,51.76666641235352,166848000,2020,0.4053344726562429,1.8705825945557253,5.788341493651962,5,1.9126663208007812,1.7128113623841184,High Volume
2020-05-07,52.00266647338867,53.09333419799805,51.4900016784668,51.81399917602539,172915500,2020,0.18866729736328125,-0.3245695176505081,5.715239169889087,5,1.60333251953125,2.469091446939713,High Volume
2020-05-08,54.62799835205078,54.93333435058594,52.46733474731445,52.917999267578125,241297500,2020,1.7099990844726562,5.048456274844226,5.714508298834193,5,2.4659996032714844,3.8084113362210403,High Volume
2020-05-11,54.08599853515625,54.93333435058594,52.33333206176758,52.70066833496094,247794000,2020,1.3853302001953125,-0.9921648847567299,5.680561166307691,5,2.6000022888183594,4.236504177583415,High Volume
2020-05-12,53.96066665649414,56.21933364868164,53.86666870117188,55.133331298828125,238603500,2020,-1.1726646423339844,-0.2317270311292141,5.641005337616835,5,2.3526649475097585,1.9697745887460982,High Volume
2020-05-13,52.73066711425781,55.06666564941406,50.88666534423828,54.72200012207031,285982500,2020,-1.9913330078125,-2.279437261341355,5.665626484966033,5,4.180000305175781,0.6298481900787477,High Volume
2020-05-14,53.55533218383789,53.55733489990234,50.93333435058594,52.0,205233000,2020,1.5553321838378906,1.5639192802040291,5.365710236833561,5,2.624000549316399,2.9948748075044938,High Volume
2020-05-15,53.27799987792969,53.66999816894531,52.436668395996094,52.68999862670898,157776000,2020,0.5880012512207102,-0.5178425650618879,5.1985018561469145,5,1.2333297729492188,1.8599346513164754,High Volume
2020-05-18,54.242000579833984,55.64799880981445,53.59199905395508,55.185333251953125,174987000,2020,-0.9433326721191406,1.8093785504579962,5.154083597103887,5,2.055999755859375,0.8383850030387439,High Volume
2020-05-19,53.867332458496094,54.80466842651367,53.73866653442383,54.34466552734375,144547500,2020,-0.47733306884765625,-0.6907343337870575,5.061497862196604,5,1.0660018920898438,0.8464545594423972,High Volume
2020-05-20,54.37066650390625,55.06666564941406,54.119998931884766,54.70000076293945,109639500,2020,-0.3293342590332031,0.934395713390801,5.0049106659483735,5,0.9466667175292969,0.6703197099825884,High Volume
2020-05-21,55.17333221435547,55.5,53.06666564941406,54.400001525878906,183819000,2020,0.7733306884765625,1.476284478490908,5.002351531944304,5,2.4333343505859375,2.0220559618878093,High Volume
2020-05-22,54.45866775512695,55.45199966430664,54.133331298828125,54.81133270263672,149812500,2020,-0.3526649475097656,-1.2953077701596039,4.996427894704215,5,1.3186683654785156,1.1688585737290462,High Volume
2020-05-26,54.5913314819336,55.63999938964844,54.38066864013672,55.633331298828125,121345500,2020,-1.0419998168945241,0.24360442933193394,4.425438652349122,5,1.2593307495117188,0.011985783818149603,High Volume
2020-05-27,54.68199920654297,55.18066787719727,52.33333206176758,54.7239990234375,173242500,2020,-0.04199981689453125,0.16608447192640874,4.14683440194675,5,2.8473358154296946,0.8344946676213996,High Volume
2020-05-28,53.72066879272461,54.98333358764648,53.44599914550781,54.23400115966797,108834000,2020,-0.5133323669433594,-1.7580381620416863,4.145485907937052,5,1.5373344421386648,1.381665398008219,High Volume
2020-05-29,55.66666793823242,55.66666793823242,53.61399841308594,53.91666793823242,176467500,2020,1.75,3.6224402808837652,4.175946339777063,5,2.0526695251464844,3.245749537053775,High Volume
2020-06-01,59.87333297729492,59.93333435058594,56.93999862670898,57.20000076293945,224092500,2020,2.6733322143554688,7.556883131087,4.371416923023987,6,2.9933357238769602,4.778555159421332,High Volume
2020-06-02,58.77066802978516,60.57733154296875,58.06666564941406,59.64666748046875,203484000,2020,-0.8759994506835866,-1.8416628784101774,4.38524770780315,6,2.5106658935546875,1.5602951544690156,High Volume
2020-06-03,58.86399841308594,59.86266708374024,58.67333221435547,59.20800018310547,119242500,2020,-0.34400177001953125,0.15880436011630472,4.072860343399823,6,1.1893348693847727,1.1057068278107065,High Volume
2020-06-04,57.62533187866211,59.71666717529297,57.22933197021485,59.32533264160156,133315500,2020,-1.7000007629394531,-2.1042854169221026,3.962394778197868,6,2.487335205078118,0.659641532994937,High Volume
2020-06-05,59.04399871826172,59.10133361816406,57.74666595458984,58.52266693115234,117178500,2020,0.5213317871093821,2.4618805538279664,3.8925142692543497,6,1.3546676635742259,0.9887906982989773,High Volume
2020-06-08,63.32799911499024,63.33333206176758,60.61066818237305,61.26666641235352,212620500,2020,2.0613327026367188,7.25560681818036,4.052405850948103,6,2.7226638793945312,3.373230127300255,High Volume
2020-06-09,62.711334228515625,63.62933349609375,61.595333099365234,62.66733169555664,170823000,2020,0.044002532958984375,-0.9737634144336149,3.6761566888117714,6,2.0340003967285156,1.5350929655192564,High Volume
2020-06-10,68.336669921875,68.49866485595703,65.5,66.12533569335938,278451000,2020,2.211334228515625,8.970205725269786,3.885140886402921,6,2.9986648559570312,3.589137412630175,High Volume
2020-06-11,64.85600280761719,67.9306640625,64.80000305175781,66.01333618164062,238747500,2020,-1.1573333740234375,-5.09341048991272,3.9965503961134337,6,3.1306610107421875,2.9044553597226233,High Volume
2020-06-12,62.35200119018555,65.8653335571289,60.84000015258789,65.33333587646484,251451000,2020,-2.981334686279297,-3.860863311078977,4.046484618346869,6,5.025333404541016,0.8142821325854036,High Volume
2020-06-15,66.05999755859375,66.5893325805664,60.56666564941406,61.18600082397461,235458000,2020,4.873996734619141,5.94687627923618,3.5874577338269735,6,6.022666931152344,8.830993501498142,High Volume
2020-06-16,65.47533416748047,67.52532958984375,64.15933227539062,67.4566650390625,210766500,2020,-1.9813308715820312,-0.8850490655781473,3.3277869200883528,6,3.365997314453125,0.10179060992933471,High Volume
2020-06-17,66.11933135986328,67.0,65.50466918945312,65.84733581542969,148362000,2020,0.27199554443359375,0.9835722116904755,3.327816529036859,6,1.495330810546875,1.7505099793273855,High Volume
2020-06-18,66.9306640625,67.94667053222656,66.2979965209961,66.86666870117188,146278500,2020,0.063995361328125,1.2270733625858066,3.3234646901854497,6,1.6486740112304688,1.615157225614501,High Volume
2020-06-19,66.72666931152344,67.73133087158203,66.0893325805664,67.51866912841797,130195500,2020,-0.7919998168945312,-0.30478518902198326,3.3232181696718617,6,1.641998291015625,0.31496732075626055,High Volume
2020-06-22,66.28800201416016,67.2586669921875,66.00133514404297,66.663330078125,95436000,2020,-0.37532806396484375,-0.6574092516371532,3.2390221337882554,6,1.2573318481445312,0.8930500672030705,Normal Volume
2020-06-23,66.78533172607422,67.46666717529297,66.267333984375,66.59200286865234,95479500,2020,0.193328857421875,0.7502559992799585,3.223284286252375,6,1.1993331909179688,1.3134674870281853,Normal Volume
2020-06-24,64.0566635131836,66.72533416748047,63.542667388916016,66.27400207519531,164394000,2020,-2.2173385620117188,-4.085729818760941,3.3386804587378647,6,3.182666778564453,0.6810092617812173,High Volume
2020-06-25,65.73200225830078,65.73200225830078,62.47666549682617,63.61800003051758,138817500,2020,2.114002227783203,2.615401198303724,3.311290382922152,6,3.2553367614746094,3.3229624112187044,High Volume
2020-06-26,63.982666015625,66.33333587646484,63.65800094604492,66.31866455078125,132823500,2020,-2.33599853515625,-2.6613159231048233,3.366594694186972,6,2.675334930419922,0.02212246851315844,High Volume
2020-06-29,67.29000091552734,67.33333587646484,63.23466873168945,64.60066986083984,135396000,2020,2.6893310546875,5.169110801188981,3.4575494595729914,6,4.098667144775391,4.230089287791595,High Volume
2020-06-30,71.98733520507812,72.51266479492188,66.91533660888672,67.0999984741211,253777500,2020,4.887336730957031,6.98073149894527,3.632157591047523,6,5.597328186035156,8.066566980457266,High Volume
2020-07-01,74.64199829101562,75.68866729736328,72.03333282470703,72.19999694824219,199903500,2020,2.4420013427734375,3.687680726581788,3.649378560352444,7,3.65533447265625,4.831953596372044,High Volume
2020-07-02,80.57733154296875,81.86666870117188,79.04000091552734,81.43199920654297,258751500,2020,-0.8546676635742188,7.951734128033849,3.8538379689416224,7,2.8266677856445312,0.5337821726891621,High Volume
2020-07-06,91.43866729736328,91.85266876220705,84.40266418457031,85.11266326904297,308548500,2020,6.3260040283203125,13.47939370342961,4.441385946649804,7,7.450004577636733,7.918922090193294,High Volume
2020-07-07,92.65733337402344,95.3000030517578,89.11399841308594,93.6673355102539,322345500,2020,-1.0100021362304688,1.3327688522591696,4.404191079004919,7,6.186004638671861,1.7430489856575044,High Volume
2020-07-08,91.05867004394533,94.48400115966795,87.42266845703125,93.66666412353516,244669500,2020,-2.6079940795898295,-1.725350030984485,4.443875734821144,7,7.0613327026367045,0.8726018416272713,High Volume
2020-07-09,92.9520034790039,93.90399932861328,90.08533477783205,93.1326675415039,175764000,2020,-0.1806640625,2.079245649145589,4.433153596563774,7,3.818664550781236,0.8282075532365016,High Volume
2020-07-10,102.97666931152344,103.2613296508789,91.73400115966795,93.06666564941406,350064000,2020,9.910003662109375,10.784776505418648,4.66406044821619,7,11.527328491210952,10.954151983771032,High Volume
2020-07-13,99.8040008544922,119.66600036621094,98.0739974975586,110.5999984741211,584781000,2020,-10.795997619628892,-3.080958510547016,4.757854756913502,7,21.592002868652344,8.197108514618257,High Volume
2020-07-14,101.12000274658205,106.0,95.4000015258789,103.73332977294922,351271500,2020,-2.6133270263671733,1.3185863099901995,4.6447858909448625,7,10.599998474121094,2.1850934815377596,High Volume
2020-07-15,103.06732940673828,103.33333587646484,97.13333129882812,102.86666870117188,245517000,2020,0.20066070556640625,1.9257581163604653,4.591807065479288,7,6.200004577636719,0.45366218347037074,High Volume
2020-07-16,100.04266357421876,102.11399841308594,97.73332977294922,98.47733306884766,214512000,2020,1.565330505371108,-2.934650436689956,4.668400632331114,7,4.380668640136719,3.692895848119495,High Volume
2020-07-17,100.05599975585938,102.50066375732422,99.33333587646484,100.89666748046876,139950000,2020,-0.8406677246093892,0.013330494375241031,4.621776810126903,7,3.167327880859375,1.58974158107447,High Volume
2020-07-20,109.53333282470705,110.0,99.1999969482422,101.267333984375,256821000,2020,8.265998840332045,9.472028755869456,4.821163297831727,7,10.800003051757798,8.623379002919544,High Volume
2020-07-21,104.55733489990234,111.66666412353516,103.86666870117188,109.32866668701172,241608000,2020,-4.771331787109375,-4.542907438750266,4.874569105163202,7,7.799995422363281,2.1385035666964667,High Volume
2020-07-22,106.15533447265624,108.4280014038086,104.13333129882812,106.5999984741211,212416500,2020,-0.44466400146485796,1.5283476518254124,4.8468698325924375,7,4.294670104980469,1.714824536448073,High Volume
2020-07-23,100.87133026123048,112.5999984741211,98.71800231933594,111.93000030517578,364927500,2020,-11.058670043945298,-4.977615338574271,4.812085914379872,7,13.881996154785156,0.5985867659417231,High Volume
2020-07-24,94.46666717529295,97.66666412353516,91.10266876220705,94.40066528320312,290949000,2020,0.06600189208982954,-6.34933937061315,4.8756991190533565,7,6.563995361328111,3.4597201519014678,High Volume
2020-07-27,102.63999938964844,103.1959991455078,94.1999969482422,95.66666412353516,240730500,2020,6.973335266113281,8.652080631985237,4.947242835275088,7,8.996002197265597,7.870385249609988,High Volume
2020-07-28,98.43267059326172,104.3133316040039,98.29467010498048,100.26667022705078,237130500,2020,-1.8339996337890625,-4.099112257799797,4.995911571816246,7,6.018661499023423,4.035898836362657,High Volume
2020-07-29,99.94066619873048,102.32066345214844,99.13333129882812,100.06666564941406,141403500,2020,-0.12599945068357954,1.532007204904584,4.976325262341157,7,3.1873321533203125,2.2524961615402574,High Volume
2020-07-30,99.16600036621094,100.8826675415039,98.06666564941406,99.1999969482422,114315000,2020,-0.03399658203126421,-0.7751257440881343,4.993381180630077,7,2.8160018920898438,1.6962405695835268,High Volume
2020-07-31,95.38400268554688,101.13666534423828,94.73200225830078,101.0,183123000,2020,-5.615997314453125,-3.8138047987188117,5.086030935861933,7,6.4046630859375,0.13531222201810025,High Volume
2020-08-03,99.0,100.65399932861328,96.29199981689452,96.61333465576172,132139500,2020,2.3866653442382812,3.7909892777031162,5.0961842641183,8,4.361999511718764,4.182305359036264,High Volume
2020-08-04,99.13333129882812,101.82733154296876,97.46666717529295,99.6673355102539,126225000,2020,-0.5340042114257812,0.13467807962437295,5.086957823307083,8,4.36066436767581,2.1672055560195393,High Volume
2020-08-05,99.00133514404295,99.98933410644533,97.88733673095705,99.5326690673828,74217000,2020,-0.5313339233398438,-0.1331501252462508,5.093830695460135,8,2.1019973754882812,0.45880919635880557,Normal Volume
2020-08-06,99.30533599853516,101.15399932861328,98.48400115966795,99.38866424560548,89884500,2020,-0.08332824707032671,0.3070674289896047,4.991553098785037,8,2.6699981689453267,1.7761935894875993,Normal Volume
2020-08-07,96.84733581542967,99.98332977294922,94.33399963378906,99.96932983398438,133446000,2020,-3.1219940185547017,-2.4751944680412197,5.0417233505050945,8,5.649330139160156,0.014004234086687354,High Volume
2020-08-10,94.5713348388672,97.16666412353516,92.38933563232422,96.53333282470705,112834500,2020,-1.9619979858398438,-2.3500914685975927,5.0333510553914,8,4.7773284912109375,0.6560752439555407,High Volume
2020-08-11,91.6259994506836,94.66666412353516,91.0,93.06666564941406,129387000,2020,-1.4406661987304688,-3.1144060652225525,5.048311901165343,8,3.6666641235351562,1.719196086973131,High Volume
2020-08-12,103.65066528320312,105.66666412353516,95.66666412353516,98.0,327441000,2020,5.650665283203125,13.123639474177452,5.404819558886036,8,10.0,7.823126656668526,High Volume
2020-08-13,108.06666564941406,110.07866668701172,104.48400115966795,107.4000015258789,306379500,2020,0.6666641235351562,4.260465047807616,5.414336086763113,8,5.594665527343764,2.4941016043536703,High Volume
2020-08-14,110.04733276367188,111.25333404541016,108.44266510009766,110.99933624267578,188664000,2020,-0.9520034790039062,1.832819678811437,5.27149375480211,8,2.8106689453125,0.22882821765624287,High Volume
2020-08-17,122.3759994506836,123.05733489990234,111.52200317382812,111.8000030517578,303634500,2020,10.575996398925795,11.203058154519475,5.101905375953575,8,11.535331726074219,10.069169535651055,High Volume
2020-08-18,125.80599975585938,128.25999450683594,123.00733184814452,126.59933471679688,247117500,2020,-0.7933349609375,2.802837419569393,5.111295803151053,8,5.2526626586914205,1.3117444840875063,High Volume
2020-08-19,125.23533630371094,127.4000015258789,122.74732971191406,124.33333587646484,183079500,2020,0.9020004272460938,-0.45360591168615016,5.091894597394059,8,4.652671813964844,2.4664870670413293,High Volume
2020-08-20,133.45533752441406,134.79933166503906,123.8040008544922,124.04533386230467,309177000,2020,9.41000366210939,6.563643667445929,5.183929817046538,8,10.99533081054686,8.669409374698255,High Volume
2020-08-21,136.6653289794922,139.69932556152344,135.00332641601562,136.3173370361328,322344000,2020,0.347991943359375,2.4052926729070556,4.8738611794838125,8,4.6959991455078125,2.4809672774741642,High Volume
2020-08-24,134.27999877929688,141.93333435058594,128.50132751464844,141.7519989013672,300954000,2020,-7.4720001220703125,-1.7453806448256226,4.840729829431633,8,13.4320068359375,0.12792443889622007,High Volume
2020-08-25,134.8893280029297,135.19667053222656,131.1999969482422,131.65933227539062,159883500,2020,3.2299957275390625,0.45377511853743613,4.841979093588737,8,3.996673583984375,2.686735680412627,High Volume
2020-08-26,143.54466247558594,144.39999389648438,136.90866088867188,137.3333282470703,213591000,2020,6.211334228515625,6.416619165356252,4.937676025596338,8,7.4913330078125,5.1456305178162856,High Volume
2020-08-27,149.25,153.0399932861328,142.8333282470703,145.36399841308594,355395000,2020,3.8860015869140625,3.9746079206424145,4.897976637282775,8,10.2066650390625,5.280533665037015,High Volume
2020-08-28,147.55999755859375,154.5659942626953,145.76800537109375,153.00799560546875,301218000,2020,-5.447998046875,-1.1323299439907841,4.9140412559127435,8,8.797988891601562,1.0182465635612032,High Volume
2020-08-31,166.10667419433594,166.7133331298828,146.70333862304688,148.20333862304688,355123200,2020,17.903335571289062,12.56890549105465,5.117420552766924,8,20.009994506835938,12.489593472597706,High Volume
2020-09-01,158.35000610351562,167.49667358398438,156.836669921875,167.3800048828125,269523300,2020,-9.029998779296875,-4.669690804684601,5.122649487004112,9,10.660003662109375,0.06970289029060435,High Volume
2020-09-02,149.1233367919922,159.67999267578125,135.0399932861328,159.663330078125,288528300,2020,-10.539993286132812,-5.826756524083643,5.295113009761813,9,24.639999389648438,0.010436083005469578,High Volume
2020-09-03,135.6666717529297,143.93333435058594,134.0,135.7433319091797,262788300,2020,-0.07666015625,-9.023849203316047,5.507033712028213,9,9.933334350585938,6.033447334920176,High Volume
2020-09-04,139.44000244140625,142.6666717529297,124.00666809082033,134.27000427246094,330965700,2020,5.1699981689453125,2.7813247275265907,5.328533434655459,9,18.66000366210936,6.253569087128512,High Volume
2020-09-08,110.06999969482422,122.913330078125,109.95999908447266,118.66666412353516,346397100,2020,-8.596664428710938,-21.062824320390796,6.560903154846299,9,12.953330993652344,3.5786511620221764,High Volume
2020-09-09,122.09333038330078,123.0,113.836669921875,118.86666870117188,238397400,2020,3.2266616821289062,10.923349433825734,6.771685041174489,9,9.163330078125,3.4772837028176724,High Volume
2020-09-10,123.77999877929688,132.99667358398438,120.1866683959961,128.73666381835938,254791800,2020,-4.9566650390625,1.3814582587770685,6.771294603489598,9,12.810005187988281,3.3090882109821083,High Volume
2020-09-11,124.23999786376952,127.5,120.16666412353516,127.3133316040039,182152500,2020,-3.073333740234389,0.3716263443279244,6.764483072906506,9,7.333335876464844,0.14662124825757303,High Volume
2020-09-14,139.8733367919922,140.0,124.43333435058594,126.98332977294922,249061800,2020,12.890007019042969,12.583177074234019,7.021091128912323,9,15.566665649414062,10.25069215803764,High Volume
2020-09-15,149.9199981689453,153.97999572753906,143.56666564941406,145.52000427246094,291894600,2020,4.399993896484375,7.182685140266343,7.085767713188785,9,10.413330078125,5.813627822081601,High Volume
2020-09-16,147.25332641601562,152.59666442871094,145.10333251953125,146.6233367919922,216837900,2020,0.6299896240234375,-1.7787298462508039,7.108385974680706,9,7.4933319091796875,4.073926952837553,High Volume
2020-09-17,141.14332580566406,145.92999267578125,136.0,138.53334045410156,230337600,2020,2.6099853515625,-4.149312452942333,7.179208315555118,9,9.92999267578125,5.33925782590244,High Volume
2020-09-18,147.38333129882812,150.3333282470703,142.93333435058594,149.31333923339844,259220400,2020,-1.9300079345703125,4.421041843491591,7.195991598597411,9,7.399993896484375,0.6831198196414883,High Volume
2020-09-21,149.79666137695312,151.89332580566406,135.69000244140625,151.0433349609375,328430400,2020,-1.246673583984375,1.6374511668703073,7.155086867507865,9,16.203323364257812,0.5627463435883386,High Volume
2020-09-22,141.41000366210938,145.9199981689453,139.1999969482422,143.1999969482422,238742400,2020,-1.7899932861328125,-5.5986946823462835,7.2428430377526185,9,6.720001220703125,1.8994422337077526,High Volume
2020-09-23,126.7866668701172,137.38333129882812,125.2933349609375,135.05332946777344,285222600,2020,-8.266662597656236,-10.341090738483928,7.520289153552791,9,12.089996337890625,1.72524575309391,High Volume
2020-09-24,129.26333618164062,133.1666717529297,117.0999984741211,121.26667022705078,289683300,2020,7.996665954589844,1.95341463945935,7.187453210296166,9,16.066673278808594,9.813085082321647,High Volume
2020-09-25,135.77999877929688,136.2433319091797,130.43333435058594,131.1566619873047,201625500,2020,4.6233367919921875,5.041385121376596,7.201078052323232,9,5.80999755859375,3.8783160876474305,High Volume
2020-09-28,140.39999389648438,142.69332885742188,138.51666259765625,141.5399932861328,149158800,2020,-1.1399993896484375,3.4025594039789775,7.2128521420270495,9,4.176666259765625,0.8148478352387056,High Volume
2020-09-29,139.69000244140625,142.8333282470703,137.1999969482422,138.6666717529297,150657900,2020,1.0233306884765625,-0.5056919415549199,6.958277388475465,9,5.633331298828125,3.004800246135996,High Volume
2020-09-30,143.00332641601562,144.64332580566406,140.1566619873047,140.44000244140625,144436800,2020,2.563323974609375,2.371912031427703,6.954200245430334,9,4.486663818359375,2.9929673107286536,High Volume
2020-10-01,149.3866729736328,149.6266632080078,144.80667114257812,146.9199981689453,152224500,2020,2.4666748046875,4.463774876849502,6.984651097826697,10,4.8199920654296875,1.8422713536587914,High Volume
2020-10-02,138.3633270263672,146.3766632080078,138.3333282470703,140.4633331298828,214290000,2020,-2.100006103515625,-7.379069181901709,7.053884887024384,10,8.0433349609375,4.209874524803634,High Volume
2020-10-05,141.89332580566406,144.54666137695312,139.77667236328125,141.11666870117188,134168400,2020,0.7766571044921875,2.5512531789757986,7.055386798061306,10,4.769989013671875,2.4306077427639603,High Volume
2020-10-06,137.9933319091797,142.92666625976562,135.35000610351562,141.26333618164062,147438900,2020,-3.2700042724609375,-2.748539351192436,7.068151183080844,10,7.57666015625,1.1774676452396964,High Volume
2020-10-07,141.76666259765625,143.3000030517578,137.9499969482422,139.9566650390625,129383100,2020,1.80999755859375,2.7344297266189477,7.081645413528754,10,5.350006103515625,2.3888380105100193,High Volume
2020-10-08,141.97332763671875,146.3333282470703,141.76666259765625,146.14666748046875,121263300,2020,-4.17333984375,0.14577830589765917,6.990444414831378,10,4.5666656494140625,0.12772153468809552,High Volume
2020-10-09,144.6666717529297,144.8633270263672,142.15333557128906,143.3766632080078,86777100,2020,1.290008544921875,1.8970775433979181,6.962088233493953,10,2.709991455078125,1.0368938606156253,Normal Volume
2020-10-12,147.43333435058594,149.5800018310547,146.19332885742188,147.3333282470703,116373300,2020,0.100006103515625,1.9124395163948371,6.965095263867865,10,3.3866729736328125,1.5248916254826068,High Volume
2020-10-13,148.88333129882812,149.6300048828125,145.53334045410156,147.78334045410156,103391100,2020,1.0999908447265625,0.9834932884270176,6.567874609667805,10,4.0966644287109375,1.2495755090097407,High Volume
2020-10-14,153.76666259765625,155.3000030517578,149.11666870117188,149.92666625976562,143639100,2020,3.839996337890625,3.2799718116372834,6.539325365814723,10,6.1833343505859375,3.5839767041056243,High Volume
2020-10-15,149.6266632080078,152.19000244140625,147.5,150.10333251953125,107017200,2020,-0.4766693115234375,-2.692390743031925,6.465658913273761,10,4.69000244140625,1.3901556260274803,High Volume
2020-10-16,146.55667114257812,151.98333740234375,146.28334045410156,151.47999572753906,98327700,2020,-4.9233245849609375,-2.051768046956881,6.243243693760447,10,5.6999969482421875,0.3322826043050779,High Volume
2020-10-19,143.61000061035156,149.0,142.9566650390625,148.74667358398438,108863400,2020,-5.1366729736328125,-2.0106014344170586,6.243027261657534,10,6.0433349609375,0.17030728144155338,High Volume
2020-10-20,140.64666748046875,143.9166717529297,139.68333435058594,143.9166717529297,94968900,2020,-3.2700042724609375,-2.0634587544658856,4.79788501041168,10,4.23333740234375,0.0,Normal Volume
2020-10-21,140.8800048828125,144.31666564941406,140.4166717529297,140.89999389648438,97111500,2020,-0.019989013671875,0.16590325709362475,4.411756562104621,10,3.899993896484375,2.4248913420392544,High Volume
2020-10-22,141.92999267578125,148.41000366210938,141.50332641601562,147.30667114257812,119979600,2020,-5.376678466796875,0.7453064711647084,4.409260117590799,10,6.90667724609375,0.7490037694649515,High Volume
2020-10-23,140.2100067138672,140.9633331298828,135.7933349609375,140.6133270263672,101151000,2020,-0.4033203125,-1.2118551755604834,4.420941852931468,10,5.1699981689453125,0.2489138909642565,High Volume
2020-10-26,140.0933380126953,141.9199981689453,136.6666717529297,137.2100067138672,84717600,2020,2.883331298828125,-0.08320996760948773,3.786259327458686,10,5.253326416015625,3.4326880144391883,Normal Volume
2020-10-27,141.55999755859375,143.5,140.03334045410156,141.25332641601562,68059500,2020,0.306671142578125,1.0469159823756513,3.5473057194988344,10,3.4666595458984375,1.5905279125020606,Normal Volume
2020-10-28,135.33999633789062,139.53334045410156,135.3333282470703,138.82666015625,76354200,2020,-3.486663818359375,-4.393897519056244,3.6206277832256855,10,4.20001220703125,0.5090378872877809,Normal Volume
2020-10-29,136.94332885742188,139.35333251953125,135.48666381835938,136.65333557128906,67965900,2020,0.2899932861328125,1.1846701366300838,3.5511064888116204,10,3.866668701171875,1.9758002517499165,Normal Volume
2020-10-30,129.34666442871094,135.8633270263672,126.37000274658205,135.63333129882812,127533900,2020,-6.2866668701171875,-5.547305218949495,3.5856827221446625,10,9.493324279785142,0.1695716866470931,High Volume
2020-11-02,133.50332641601562,135.66000366210938,130.76666259765625,131.3333282470703,87063300,2020,2.1699981689453125,3.213582666134873,3.627419186454241,11,4.893341064453125,3.294423032438134,Normal Volume
2020-11-03,141.3000030517578,142.58999633789062,135.56333923339844,136.57666015625,103055100,2020,4.7233428955078125,5.840061701119437,3.654268221102433,11,7.0266571044921875,4.402901765763705,High Volume
2020-11-04,140.32666015625,145.13333129882812,139.03334045410156,143.5399932861328,96429300,2020,-3.2133331298828125,-0.6888484603579825,3.0875811940390334,11,6.0999908447265625,1.110030714240839,Normal Volume
2020-11-05,146.02999877929688,146.6666717529297,141.3333282470703,142.76666259765625,85243500,2020,3.263336181640625,4.064330054386223,3.148012826143076,11,5.333343505859375,2.7317365863376724,Normal Volume
2020-11-06,143.31666564941406,145.52333068847656,141.42666625976562,145.36666870117188,65118000,2020,-2.0500030517578125,-1.858065570474754,3.052000643885959,11,4.0966644287109375,0.10777022594274017,Normal Volume
2020-11-09,140.4199981689453,150.8333282470703,140.3333282470703,146.5,104499000,2020,-6.0800018310546875,-2.021165833954497,3.017769958091499,11,10.5,2.9579032403210324,High Volume
2020-11-10,136.7866668701172,140.02999877929688,132.00999450683594,140.02999877929688,90852600,2020,-3.2433319091796875,-2.587474253102262,3.0545762123359164,11,8.020004272460938,0.0,Normal Volume
2020-11-11,139.0433349609375,139.56666564941406,136.86000061035156,138.81666564941406,52073100,2020,0.2266693115234375,1.64977197153513,3.037839342231744,11,2.7066650390625,0.5402809500511625,Normal Volume
2020-11-12,137.25332641601562,141.0,136.5066680908203,138.35000610351562,59565300,2020,-1.0966796875,-1.2873745767280065,2.9225386860278637,11,4.4933319091796875,1.9154273795272612,Normal Volume
2020-11-13,136.1666717529297,137.50999450683594,133.8866729736328,136.9499969482422,59313300,2020,-0.7833251953125,-0.7917146283160204,2.597026058773733,11,3.623321533203125,0.40890658712857886,Normal Volume
2020-11-16,136.02999877929688,137.48333740234375,134.69667053222656,136.30999755859375,80515800,2020,-0.279998779296875,-0.10037182511209997,2.5511898671730573,11,2.7866668701171875,0.8607878107001156,Normal Volume
2020-11-17,147.20333862304688,154.0,144.336669921875,153.38999938964844,183564900,2020,-6.1866607666015625,8.213879250177957,2.9187207979971292,11,9.663330078125,0.397679518077323,High Volume
2020-11-18,162.2133331298828,165.3333282470703,147.8333282470703,149.4499969482422,234132000,2020,12.763336181640625,10.196775866118779,3.413286200471378,11,17.5,10.627856556148926,High Volume
2020-11-19,166.42333984375,169.5366668701172,162.52333068847656,164.0,187425900,2020,2.42333984375,2.5953518324515645,3.433634850661551,11,7.013336181640625,3.3760163842177975,High Volume
2020-11-20,163.20333862304688,167.5,163.02000427246094,165.99667358398438,98735700,2020,-2.7933349609375,-1.9348255020757876,3.454416985413433,11,4.4799957275390625,0.9056364706338719,High Volume
2020-11-23,173.9499969482422,175.3333282470703,167.26333618164062,167.8333282470703,150780900,2020,6.116668701171875,6.584827501609536,3.6234059866473483,11,8.069992065429688,4.468719102655893,High Volume
2020-11-24,185.1266632080078,186.663330078125,175.39999389648438,180.13333129882812,160945500,2020,4.9933319091796875,6.425217853318599,3.775521265438643,11,11.263336181640625,3.6250918873332116,High Volume
2020-11-25,191.3333282470703,191.3333282470703,181.7899932861328,183.35333251953125,146790600,2020,7.9799957275390625,3.3526586238356693,3.7771931941133743,11,9.5433349609375,4.352250170685616,High Volume
2020-11-27,195.2533264160156,199.5933380126953,192.8166656494141,193.72000122070312,112683300,2020,1.5333251953124716,2.048779585270877,3.7249210999935434,11,6.776672363281222,3.0318690661687318,High Volume
2020-11-30,189.1999969482422,202.6000061035156,184.836669921875,200.73666381835935,189009300,2020,-11.536666870117159,-3.100243964538618,3.758883762234082,11,17.763336181640597,0.9282520939185943,High Volume
2020-12-01,194.9199981689453,199.2833404541016,190.68333435058597,199.19667053222656,120310500,2020,-4.27667236328125,3.0232565079099327,3.7357620826285984,12,8.600006103515625,0.04350972415525727,High Volume
2020-12-02,189.60667419433597,190.51333618164065,180.40333557128903,185.47999572753903,143327100,2020,4.126678466796932,-2.7258998689319025,3.756938298146315,12,10.11000061035162,2.7136837233355067,High Volume
2020-12-03,197.7933349609375,199.6566619873047,194.1433258056641,196.67333984375,127656000,2020,1.1199951171875,4.31770706457868,3.798824742015805,12,5.513336181640597,1.5168919925419637,High Volume
2020-12-04,199.67999267578125,199.67999267578125,195.1666717529297,197.0033264160156,88203900,2020,2.6766662597656534,0.953853028069096,3.798143967711194,12,4.5133209228515625,1.3586908954589363,Normal Volume
2020-12-07,213.9199981689453,216.26333618164065,201.01666259765625,201.63999938964844,168929100,2020,12.279998779296875,7.131413268972531,3.918058495138669,12,15.246673583984403,7.252200375052635,High Volume
2020-12-08,216.6266632080078,217.0933380126953,206.1666717529297,208.5033264160156,192795000,2020,8.123336791992216,1.265269756091203,3.907098548130971,12,10.926666259765625,4.119843910566933,High Volume
2020-12-09,201.4933319091797,218.10667419433597,196.0,217.89666748046875,213873600,2020,-16.403335571289062,-6.985904262531573,4.205600459101578,12,22.106674194335966,0.09637903887907782,High Volume
2020-12-10,209.02333068847656,209.25,188.77999877929688,191.4566650390625,201249600,2020,17.566665649414062,3.7370957678594108,4.088510717423982,12,20.470001220703125,9.293661809740165,High Volume
2020-12-11,203.3300018310547,208.0,198.93333435058597,205.0033264160156,139425000,2020,-1.673324584960909,-2.723776737586814,4.161805037017118,12,9.066665649414034,1.4617682729221766,High Volume
2020-12-14,213.27667236328125,214.25,203.3999938964844,206.3333282470703,156121800,2020,6.9433441162109375,4.891885330572698,3.9931498453537837,12,10.850006103515597,3.836836162236478,High Volume
2020-12-15,211.0833282470703,215.63333129882807,207.93333435058597,214.4266662597656,135214500,2020,-3.343338012695284,-1.0284031966116491,4.014827409846499,12,7.699996948242102,0.562740194636364,High Volume
2020-12-16,207.58999633789065,210.8333282470703,201.6666717529297,209.41000366210935,126287400,2020,-1.8200073242186932,-1.6549539644792555,3.9758725312029775,12,9.166656494140625,0.6796831861277992,High Volume
2020-12-17,218.63333129882807,219.60667419433597,206.5,209.39666748046875,168810300,2020,9.236663818359318,5.319781856425476,4.019918650812182,12,13.106674194335966,4.875916525662732,High Volume
2020-12-18,231.6666717529297,231.6666717529297,209.51333618164065,222.96665954589844,666378600,2020,8.70001220703125,5.96127789695875,4.075116044738224,12,22.153335571289034,3.9019341388304394,High Volume
2020-12-21,216.6199951171875,222.8333282470703,215.35667419433597,222.0800018310547,174135900,2020,-5.4600067138671875,-6.494968189377415,4.2939920578841235,12,7.476654052734347,0.33921398136006464,High Volume
2020-12-22,213.44667053222656,216.6266632080078,204.7433319091797,216.0,155148000,2020,-2.5533294677734375,-1.464926902636221,4.279554540571951,12,11.883331298828125,0.29012185555917247,High Volume
2020-12-23,215.32666015625,217.1666717529297,207.52333068847656,210.73333740234372,99519000,2020,4.593322753906278,0.8807772074100217,4.21183506197549,12,9.643341064453125,3.05283180624767,High Volume
2020-12-24,220.58999633789065,222.02999877929688,213.6666717529297,214.3300018310547,68596800,2020,6.259994506835966,2.444349518922251,4.214600707446647,12,8.363327026367188,3.5925894100032245,Normal Volume
2020-12-28,221.22999572753903,227.13333129882807,220.26666259765625,224.836669921875,96835800,2020,-3.606674194335966,0.2901307404113096,4.186630117373893,12,6.866668701171818,1.021479893716225,High Volume
2020-12-29,221.9966735839844,223.3000030517578,218.3333282470703,220.3333282470703,68732400,2020,1.663345336914091,0.3465523985226593,4.168504556873304,12,4.9666748046875,1.3464485052215185,Normal Volume
2020-12-30,231.5933380126953,232.1999969482422,222.7866668701172,224.0,128538000,2020,7.5933380126953125,4.322886588244468,4.179904512995897,12,9.413330078125,3.6607129233224054,High Volume
2020-12-31,235.22332763671875,239.5733337402344,230.3733367919922,233.3300018310547,148949700,2020,1.8933258056640625,1.5673981191222541,4.0046976377261405,12,9.199996948242216,2.6757518793919495,High Volume
2021-01-04,243.2566680908203,248.163330078125,239.06333923339844,239.82000732421875,145914600,2021,3.4366607666015625,3.415197180829077,3.684289280530502,1,9.099990844726562,3.4789936198386906,High Volume
2021-01-05,245.0366668701172,246.94667053222656,239.73333740234372,241.22000122070312,96735600,2021,3.8166656494140625,0.7317368906131216,3.679590592458561,1,7.213333129882841,2.3740441433311528,High Volume
2021-01-06,251.9933319091797,258.0,249.6999969482422,252.8300018310547,134100000,2021,-0.836669921875,2.8390302267496503,3.634997427595951,1,8.300003051757812,2.0448515332448536,High Volume
2021-01-07,272.0133361816406,272.3299865722656,258.3999938964844,259.2099914550781,154496700,2021,12.8033447265625,7.9446563608581044,3.708045999371089,1,13.92999267578125,5.061531402990395,High Volume
2021-01-08,293.3399963378906,294.8299865722656,279.4633178710937,285.3333435058594,225166500,2021,8.00665283203125,7.840299470467449,3.7802652069698928,1,15.366668701171932,3.3282626382609344,High Volume
2021-01-11,270.39666748046875,284.8099975585937,267.8733215332031,283.1333312988281,177904800,2021,-12.736663818359375,-7.8214117215008265,4.136814794186045,1,16.936676025390568,0.5921825777537862,High Volume
2021-01-12,283.14666748046875,289.3333435058594,275.7799987792969,277.0,138812100,2021,6.14666748046875,4.7152947996006445,4.183124769823245,1,13.5533447265625,4.452470579732626,High Volume
2021-01-13,284.8033447265625,286.8233337402344,277.3333435058594,284.2533264160156,99937500,2021,0.550018310546875,0.5850950889994211,4.101819946576118,1,9.489990234375,0.904125681349968,High Volume
2021-01-14,281.6666564941406,287.6666564941406,279.5833435058594,281.1300048828125,93798900,2021,0.536651611328125,-1.1013523157297866,4.1165115434243,1,8.08331298828125,2.3251348122918762,Normal Volume
2021-01-15,275.3866577148437,286.6333312988281,273.0333251953125,284.0,116332800,2021,-8.613342285156307,-2.229585445953408,4.1006715060734305,1,13.600006103515625,0.9272293305732834,High Volume
2021-01-19,281.51666259765625,283.3333435058594,277.6666564941406,279.26666259765625,76101000,2021,2.25,2.2259629183488006,4.065810563332804,1,5.66668701171875,1.456199916730503,Normal Volume
2021-01-20,283.4833374023437,286.5,279.09332275390625,286.2466735839844,76997700,2021,-2.763336181640682,0.6985997867906768,4.066747849239702,1,7.40667724609375,0.08849933969321722,Normal Volume
2021-01-21,281.663330078125,285.239990234375,280.47332763671875,285.0,61563300,2021,-3.336669921875,-0.6420156263489907,3.9245760863262573,1,4.76666259765625,0.08420709978070176,Normal Volume
2021-01-22,282.2133178710937,282.6666564941406,276.2066650390625,278.10333251953125,60199500,2021,4.109985351562443,0.19526425140827808,3.926904753201875,1,6.459991455078125,1.6408735318872498,Normal Volume
2021-01-25,293.6000061035156,300.1333312988281,279.6066589355469,285.0,123520200,2021,8.600006103515625,4.034780611460387,3.664653264112571,1,20.52667236328125,5.30994080660636,High Volume
2021-01-26,294.36334228515625,298.6333312988281,290.5333251953125,297.1266784667969,69394800,2021,-2.763336181640625,0.25999188207492807,3.640725679946951,1,8.100006103515625,0.5070742350723025,Normal Volume
2021-01-27,288.0533447265625,297.1666564941406,286.2200012207031,290.1166687011719,82002000,2021,-2.063323974609375,-2.143608477064074,3.6205856579714264,1,10.9466552734375,2.430052649001851,Normal Volume
2021-01-28,278.4766540527344,282.6666564941406,267.0,273.3333435058594,79134000,2021,5.143310546875,-3.3246240146660666,3.6447964057951476,1,15.666656494140625,3.414626575949075,Normal Volume
2021-01-29,264.510009765625,280.8033447265625,260.0333251953125,276.6666564941406,104972400,2021,-12.156646728515625,-5.015373491403896,3.789504987568502,1,20.77001953125,1.4951885727181886,High Volume
2021-02-01,279.9366760253906,280.6666564941406,265.1866760253906,271.42999267578125,76174200,2021,8.506683349609375,5.832167286763457,3.8663666347342005,2,15.47998046875,3.4029635882547518,Normal Volume
2021-02-02,290.92999267578125,293.5,280.7333374023437,281.5599975585937,73038600,2021,9.369995117187557,3.9270726531715816,3.8217301867138382,2,12.766662597656307,4.240660088413855,Normal Volume
2021-02-03,284.89666748046875,292.6933288574219,284.35333251953125,292.3399963378906,55030500,2021,-7.443328857421875,-2.0738065332563282,3.7448104398089144,2,8.339996337890625,0.12086355748696918,Normal Volume
2021-02-04,283.3299865722656,285.5,277.8066711425781,285.0,47438100,2021,-1.670013427734375,-0.5499119810906672,3.4967642834936505,2,7.693328857421875,0.17543859649122806,Normal Volume
2021-02-05,284.07666015625,288.25665283203125,279.6566772460937,281.6666564941406,55699800,2021,2.410003662109375,0.26353496607176563,3.469605234786868,2,8.599975585937557,2.339643754754377,Normal Volume
2021-02-08,287.8066711425781,292.5899963378906,284.9166564941406,289.8900146484375,60485100,2021,-2.083343505859375,1.31302972383458,3.469924822946912,2,7.67333984375,0.931381404332782,Normal Volume
2021-02-09,283.1533203125,286.6000061035156,280.5833435058594,285.0400085449219,45473100,2021,-1.886688232421875,-1.6168321643152184,3.4919818925520993,2,6.01666259765625,0.5472907352751137,Normal Volume
2021-02-10,268.2733459472656,281.6066589355469,266.67333984375,281.2133178710937,108648300,2021,-12.939971923828068,-5.255094430399831,3.667422588268792,2,14.933319091796875,0.1398728436586658,High Volume
2021-02-11,270.5533447265625,276.6266784667969,267.24334716796875,270.8133239746094,64868400,2021,-0.259979248046875,0.8498789811735685,3.666856201524174,2,9.383331298828125,2.1466279453563897,Normal Volume
2021-02-12,272.0400085449219,272.4433288574219,261.77667236328125,267.086669921875,71304900,2021,4.953338623046875,0.5494900903412869,3.6033998371647584,2,10.666656494140625,2.005588274814966,Normal Volume
2021-02-16,265.4066772460937,273.6666564941406,264.14666748046875,272.6666564941406,59406900,2021,-7.259979248046932,-2.4383660823671938,3.6403634183481177,2,9.519989013671875,0.36674817994164577,Normal Volume
2021-02-17,266.04998779296875,266.61334228515625,254.0033264160156,259.6966552734375,77989500,2021,6.35333251953125,0.24238672272685058,3.597594816740052,2,12.610015869140653,2.663371618874372,Normal Volume
2021-02-18,262.4599914550781,264.89666748046875,258.75665283203125,260.29998779296875,53871300,2021,2.160003662109375,-1.3493691045324274,3.610245899194773,2,6.1400146484375,1.7659162132408546,Normal Volume
2021-02-19,260.4333190917969,265.5966796875,259.1233215332031,265.0,56874900,2021,-4.566680908203125,-0.7721833533733569,3.5824844806728207,2,6.473358154296875,0.22516214622641512,Normal Volume
2021-02-22,238.1666717529297,256.1666564941406,236.73333740234372,254.2133331298828,111809100,2021,-16.046661376953125,-8.549845855559933,3.6139647020605605,2,19.433319091796903,0.7683795889886781,High Volume
2021-02-23,232.94667053222656,237.8699951171875,206.3333282470703,220.7100067138672,199820700,2021,12.236663818359375,-2.1917429429917368,3.2755569669536277,2,31.536666870117188,7.7749027598766105,High Volume
2021-02-24,247.33999633789065,248.3333282470703,231.38999938964844,237.2833404541016,110301000,2021,10.056655883789062,6.178807266392283,3.224774523478168,2,16.943328857421875,4.656874676419246,High Volume
2021-02-25,227.4066619873047,245.73666381835935,223.52667236328125,242.0500030517578,117071700,2021,-14.643341064453125,-8.059082496045278,3.38640419193954,2,22.209991455078097,1.5230988308697568,High Volume
2021-02-26,225.1666717529297,235.5666656494141,219.836669921875,233.3333282470703,123267600,2021,-8.166656494140625,-0.9850152211020369,3.378431205182912,2,15.729995727539091,0.9571446218685735,High Volume
2021-03-01,239.47666931152344,239.6666717529297,228.3500061035156,230.0366668701172,81408600,2021,9.44000244140625,6.3552911481925545,3.6156942875797164,3,11.316665649414091,4.186291261231746,Normal Volume
2021-03-02,228.81333923339844,240.3699951171875,228.3333282470703,239.4266662597656,71196600,2021,-10.613327026367159,-4.452763648659907,3.675174869782588,3,12.036666870117188,0.3939949013024473,Normal Volume
2021-03-03,217.73333740234372,233.5666656494141,217.23666381835935,229.3300018310547,90624000,2021,-11.596664428710966,-4.8423758283395735,3.717417809453351,3,16.330001831054744,1.8474093160652023,Normal Volume
2021-03-04,207.14666748046875,222.8166656494141,200.0,218.6000061035156,197758500,2021,-11.453338623046847,-4.862218183112743,3.7789991369784484,3,22.81666564941409,1.92893843923396,High Volume
2021-03-05,199.3166656494141,209.27999877929688,179.8300018310547,208.6866607666016,268189500,2021,-9.3699951171875,-3.7799313531282963,3.812861217148659,3,29.449996948242188,0.284320047345471,High Volume
2021-03-08,187.6666717529297,206.7100067138672,186.26333618164065,200.18333435058597,155361000,2021,-12.516662597656278,-5.84496728285433,3.9018919874176325,3,20.446670532226534,3.260347513170552,High Volume
2021-03-09,224.52667236328125,226.02999877929688,198.40333557128903,202.72666931152344,202569900,2021,21.800003051757812,19.64120760817838,5.390752255571597,3,27.62666320800784,11.494950095571282,High Volume
2021-03-10,222.6866607666016,239.2833404541016,218.35333251953125,233.43333435058597,181817100,2021,-10.746673583984375,-0.8195069108326458,5.387335117660473,3,20.93000793457034,2.5060714313962076,High Volume
2021-03-11,233.1999969482422,234.1666717529297,225.72666931152344,233.13333129882807,108761700,2021,0.06666564941411934,4.721134236531421,5.473072909132585,3,8.44000244140625,0.44324011858136814,High Volume
2021-03-12,231.2433319091797,231.6266632080078,222.04666137695312,223.3333282470703,100751400,2021,7.910003662109375,-0.8390501992574073,5.448594047320162,3,9.580001831054688,3.713433649169777,High Volume
2021-03-15,235.97999572753903,237.72666931152344,228.01333618164065,231.3633270263672,88006800,2021,4.616668701171847,2.0483461206222575,5.398272038741937,3,9.713333129882784,2.750367729813574,Normal Volume
2021-03-16,225.6266632080078,235.97332763671875,223.6666717529297,234.4499969482422,96587100,2021,-8.823333740234375,-4.387377195940423,5.323462357507934,3,12.306655883789062,0.6497465166582438,High Volume
2021-03-17,233.9366607666016,234.57666015625,217.0033264160156,218.9566650390625,121117500,2021,14.979995727539091,3.6830742610117317,5.316511334951236,3,17.573333740234403,7.133829479180663,High Volume
2021-03-18,217.72000122070312,229.7433319091797,217.3333282470703,228.0966644287109,99674400,2021,-10.376663208007784,-6.93207276395118,5.435791397333247,3,12.410003662109375,0.7219165105254866,High Volume
2021-03-19,218.2899932861328,219.07666015625,208.2066650390625,215.5333404541016,128682000,2021,2.7566528320312216,0.26180050626212203,5.438872160414463,3,10.8699951171875,1.64397753715647,High Volume
2021-03-22,223.3333282470703,233.2066650390625,222.9166717529297,228.19667053222656,118536600,2021,-4.86334228515625,2.3103830299388672,5.464530222802557,3,10.289993286132812,2.195472219270794,High Volume
2021-03-23,220.72000122070312,225.93333435058597,219.1699981689453,225.2566680908203,91475700,2021,-4.5366668701171875,-1.170146456365928,5.45239488236365,3,6.763336181640653,0.3003978818921494,Normal Volume
2021-03-24,210.08999633789065,222.67333984375,210.0366668701172,222.6366729736328,101385600,2021,-12.546676635742159,-4.816058727810213,5.501132492655545,3,12.636672973632812,0.016469375699631486,High Volume
2021-03-25,213.4633331298828,215.1666717529297,203.1666717529297,204.3333282470703,117674700,2021,9.1300048828125,1.6056627401557888,5.4541037398229975,3,12.0,5.301799563877412,High Volume
2021-03-26,206.23666381835935,214.60667419433597,199.9633331298828,213.9566650390625,101558400,2021,-7.720001220703153,-3.385438241576766,5.469497734304116,3,14.643341064453153,0.303804116200256,High Volume
2021-03-29,203.76333618164065,205.4933319091797,198.67333984375,205.2133331298828,85911000,2021,-1.449996948242159,-1.1992667021112458,5.46434743169391,3,6.8199920654296875,0.13644278128831877,Normal Volume
2021-03-30,211.8733367919922,212.55332946777344,197.0033264160156,200.5833282470703,118297200,2021,11.290008544921875,3.98010788512122,5.524162183295572,3,15.550003051757841,5.967595275894,High Volume
2021-03-31,222.6433258056641,224.0,213.70333862304688,215.5399932861328,100011900,2021,7.103332519531278,5.083220558444035,5.619702915391521,3,10.296661376953125,3.9250287544717475,High Volume
2021-04-01,220.5833282470703,230.80667114257807,219.80667114257807,229.4566650390625,105895200,2021,-8.873336791992188,-0.9252455923120073,5.617884216631648,4,11.0,0.5883490476451161,High Volume
2021-04-05,230.3500061035156,236.05332946777344,228.23333740234372,235.90333557128903,125528400,2021,-5.5533294677734375,4.427659122771899,5.686803357836272,4,7.819992065429716,0.06358277898918299,High Volume
2021-04-06,230.5399932861328,232.18333435058597,227.1233367919922,230.1000061035156,84815400,2021,0.4399871826172159,0.08247761127986308,5.466930903341396,4,5.059997558593778,0.9054012133025054,Normal Volume
2021-04-07,223.6566619873047,230.4600067138672,222.6133270263672,229.0,78928200,2021,-5.3433380126953125,-2.985742820893089,5.479962016331418,4,7.8466796875,0.637557516972571,Normal Volume
2021-04-08,227.93333435058597,229.8500061035156,223.88333129882807,225.7933349609375,71772900,2021,2.139999389648466,1.912159613436426,5.368387163489612,4,5.966674804687528,1.7966301544197067,Normal Volume
2021-04-09,225.67333984375,226.9900054931641,223.1433258056641,225.92333984375,64311300,2021,-0.25,-0.9915155733034919,5.159870556398563,4,3.8466796875,0.472136101631555,Normal Volume
2021-04-12,233.9933319091797,234.93333435058597,227.3633270263672,228.5666656494141,87407100,2021,5.426666259765597,3.686741230129442,5.1964731776627735,4,7.570007324218778,2.7854755999010634,Normal Volume
2021-04-13,254.10667419433597,254.3333282470703,236.8866729736328,237.5666656494141,133958400,2021,16.540008544921875,8.595690364784803,5.302229620659231,4,17.4466552734375,7.057666340445004,High Volume
2021-04-14,244.07666015625,260.2633361816406,242.6766662597656,256.8999938964844,147052200,2021,-12.823333740234375,-3.947166704647509,5.287296109530075,4,17.58666992187503,1.3092029447503528,High Volume
2021-04-15,246.2833404541016,247.89666748046875,240.4366607666016,247.6999969482422,83546700,2021,-1.4166564941405966,0.9040931223980753,5.196242701772042,4,7.460006713867159,0.07939868173177955,Normal Volume
2021-04-16,246.5933380126953,249.80332946777344,241.5333404541016,242.88333129882807,83938500,2021,3.7100067138672443,0.12587029151958085,5.096423985179099,4,8.269989013671847,2.8491037783204014,Normal Volume
2021-04-19,238.2100067138672,241.8000030517578,230.6000061035156,239.86666870117188,119058600,2021,-1.6566619873046875,-3.3996584686308617,5.085354259120458,4,11.199996948242216,0.806003752440696,High Volume
2021-04-20,239.663330078125,245.75,236.89666748046875,239.13999938964844,106827000,2021,0.5233306884765625,0.6101017267521991,4.93252073177548,4,8.85333251953125,2.7640715176139983,High Volume
2021-04-21,248.0399932861328,248.27999877929688,232.6666717529297,234.92333984375,93646500,2021,13.116653442382812,3.4951793439894185,3.4905003029832766,4,15.613327026367188,5.685539352722692,Normal Volume
2021-04-22,239.89666748046875,251.2566680908203,239.3466644287109,247.1666717529297,106770900,2021,-7.2700042724609375,-3.283069676699324,3.548463634825099,4,11.910003662109403,1.6547523615882271,High Volume
2021-04-23,243.13333129882807,245.7866668701172,238.48666381835935,239.93333435058597,85110000,2021,3.1999969482421022,1.3491908213451254,3.4560926944441124,4,7.300003051757841,2.4395661967413185,Normal Volume
2021-04-26,246.0666656494141,249.76666259765625,244.20333862304688,247.0,93115500,2021,-0.9333343505859091,1.2064715006025795,3.455132394278534,4,5.563323974609375,1.120106314840587,Normal Volume
2021-04-27,234.913330078125,241.3333282470703,234.4499969482422,239.32000732421875,88311000,2021,-4.40667724609375,-4.532647907368292,3.5457197196927774,4,6.883331298828125,0.841267282816023,Normal Volume
2021-04-28,231.46665954589844,236.1666717529297,231.1999969482422,232.1366729736328,66813000,2021,-0.670013427734375,-1.4672094304228334,3.458849056222529,4,4.9666748046875,1.736045721545523,Normal Volume
2021-04-29,225.6666717529297,234.0833282470703,222.8333282470703,233.1699981689453,86536200,2021,-7.503326416015625,-2.505755171974844,3.424809661612622,4,11.25,0.3917013703723748,Normal Volume
2021-04-30,236.47999572753903,238.4900054931641,222.04666137695312,222.52999877929688,122276100,2021,13.949996948242159,4.791723957558203,3.279844433348412,4,16.443344116210966,7.172069744042105,High Volume
2021-05-03,228.3000030517578,235.3333282470703,226.8333282470703,234.6000061035156,81129300,2021,-6.300003051757784,-3.4590632711300584,3.351967615148254,5,8.5,0.31258402577838923,Normal Volume
2021-05-04,224.5333404541016,227.8166656494141,219.23333740234372,226.31333923339844,89217900,2021,-1.7799987792968466,-1.6498740899281938,3.3440968103955453,5,8.58332824707037,0.6642677011916045,Normal Volume
2021-05-05,223.64666748046875,228.43333435058597,222.44667053222656,227.0200042724609,65705700,2021,-3.373336791992159,-0.39489590803736263,3.337161000145356,5,5.986663818359403,0.6225575066190339,Normal Volume
2021-05-06,221.17999267578125,227.0066680908203,216.6666717529297,226.9199981689453,83353800,2021,-5.7400054931640625,-1.1029338520784915,3.21528598569726,5,10.339996337890625,0.038194043087587615,Normal Volume
2021-05-07,224.1233367919922,230.0,220.0733337402344,221.93333435058597,70407600,2021,2.1900024414062216,1.3307460953421169,3.211592815051976,5,9.926666259765597,3.6347246676658314,Normal Volume
2021-05-10,209.67999267578125,221.68333435058597,209.20333862304688,221.63333129882807,94177200,2021,-11.953338623046818,-6.444373139784076,3.3741804672213664,5,12.479995727539091,0.022561160573126376,Normal Volume
2021-05-11,205.73333740234372,209.0333404541016,198.5333404541016,199.7466735839844,139511700,2021,5.986663818359318,-1.8822278764288547,3.385601600131873,5,10.5,4.649222289157454,High Volume
2021-05-12,196.6300048828125,206.80332946777344,195.58999633789065,200.8300018310547,101470800,2021,-4.1999969482421875,-4.42482129268541,3.400061657637767,5,11.213333129882784,2.9743203616279033,High Volume
2021-05-13,190.56333923339844,202.15333557128903,186.5500030517578,200.51333618164065,132554700,2021,-9.949996948242216,-3.0853203980896415,3.288183384778066,5,15.603332519531222,0.8179004054686622,High Volume
2021-05-14,196.5800018310547,197.6233367919922,190.15333557128903,194.47000122070312,100112700,2021,2.1100006103515625,3.157303299711356,3.352352145901412,5,7.470001220703153,1.6215023147505183,High Volume
2021-05-17,192.27667236328125,196.57666015625,187.0666656494141,191.8500061035156,97171200,2021,0.4266662597656534,-2.189098294684022,3.244516145815221,5,9.509994506835909,2.463723691613575,High Volume
2021-05-18,192.6233367919922,198.75,187.7933349609375,189.3333282470703,110491800,2021,3.290008544921875,0.18029458511532592,3.2452226607550285,5,10.9566650390625,4.973594369313263,High Volume
2021-05-19,187.82000732421875,188.73666381835935,182.32666015625,184.18333435058597,118735200,2021,3.636672973632784,-2.493638386588848,3.233692035766899,5,6.410003662109347,2.472172351438861,High Volume
2021-05-20,195.5933380126953,196.2833404541016,190.35667419433597,191.6666717529297,92463300,2021,3.926666259765625,4.138712802336375,3.316181794416881,5,5.926666259765625,2.408696649735264,Normal Volume
2021-05-21,193.6266632080078,198.8933258056641,193.3333282470703,198.70333862304688,78091800,2021,-5.0766754150390625,-1.0054917128925145,3.3162605953166953,5,5.559997558593778,0.09561348286031264,Normal Volume
2021-05-24,202.14666748046875,204.82666015625,191.21665954589844,193.86666870117188,103674300,2021,8.279998779296875,4.40022264046771,3.3493915564335546,5,13.610000610351562,5.653365546798543,High Volume
2021-05-25,201.56333923339844,204.663330078125,198.57000732421875,202.4366607666016,84017700,2021,-0.8733215332031534,-0.2885668382965889,2.8840336278531167,5,6.09332275390625,1.099933827742119,Normal Volume
2021-05-26,206.3766632080078,208.72332763671875,200.5,202.5200042724609,85917900,2021,3.8566589355469034,2.3879957500782645,2.87216951813377,5,8.22332763671875,3.063066972837005,Normal Volume
2021-05-27,210.2833404541016,210.3766632080078,205.40333557128903,206.7466735839844,79111800,2021,3.5366668701171875,1.8929840154243704,2.8946363134669766,5,4.973327636718778,1.7557668818061243,Normal Volume
2021-05-28,208.4066619873047,211.8633270263672,207.4600067138672,209.5,68211000,2021,-1.0933380126953125,-0.8924522802159496,2.8931995438363494,5,4.4033203125,1.1280797261895883,Normal Volume
2021-06-01,207.96665954589844,211.26666259765625,206.8500061035156,209.26666259765625,54254700,2021,-1.3000030517578125,-0.2111268599623961,2.841825037093225,6,4.416656494140653,0.9557184002333297,Normal Volume
2021-06-02,201.7066650390625,207.7866668701172,199.7133331298828,206.7100067138672,69908400,2021,-5.0033416748046875,-3.0100952337768105,2.8735947300342373,6,8.073333740234375,0.5208553632047132,Normal Volume
2021-06-03,190.94667053222656,201.51666259765625,190.4066619873047,200.6000061035156,90335700,2021,-9.653335571289034,-5.334476431283097,2.898852083539375,6,11.110000610351562,0.45695736104196893,Normal Volume
2021-06-04,199.68333435058597,200.20333862304688,192.3999938964844,193.23666381835935,72110700,2021,6.446670532226619,4.575447057551552,3.0217521336167215,6,7.803344726562472,3.605255165881014,Normal Volume
2021-06-07,201.7100067138672,203.3333282470703,194.2933349609375,197.27667236328125,67631100,2021,4.4333343505859375,1.0149431698305733,3.0150580338668074,6,9.039993286132812,3.070132829813677,Normal Volume
2021-06-08,201.19667053222656,207.69667053222656,198.5,207.6699981689453,78160200,2021,-6.47332763671875,-0.2544921741878703,2.9970100699509876,6,9.196670532226562,0.012843628601350155,Normal Volume
2021-06-09,199.5933380126953,203.92999267578125,199.2100067138672,200.72332763671875,49753800,2021,-1.1299896240234375,-0.7968981371759054,2.905266876153023,6,4.7199859619140625,1.597554742050768,Normal Volume
2021-06-10,203.3733367919922,205.52999877929688,200.1666717529297,201.2933349609375,71758800,2021,2.0800018310546875,1.8938501740255687,2.9314006760157576,6,5.3633270263671875,2.1047213605862964,Normal Volume
2021-06-11,203.29666137695312,204.1866607666016,200.5066680908203,203.41000366210935,48615900,2021,-0.11334228515622158,-0.03770180312155924,2.9044465563255764,6,3.6799926757812784,0.3818185391621021,Normal Volume
2021-06-14,205.89666748046875,208.4966735839844,203.05999755859372,204.07666015625,61272000,2021,1.82000732421875,1.2789221849023313,2.7589929863314526,6,5.436676025390682,2.165859351260574,Normal Volume
2021-06-15,199.7866668701172,205.5966644287109,199.41000366210935,205.56333923339844,53292300,2021,-5.77667236328125,-2.967508257962048,2.7417496490179016,6,6.1866607666015625,0.01621164330018684,Normal Volume
2021-06-16,201.6233367919922,202.8333282470703,197.8333282470703,199.17999267578125,66432300,2021,2.4433441162109375,0.9193155632698069,2.7417190580416655,6,5.0,1.834188023711721,Normal Volume
2021-06-17,205.5333404541016,207.1566619873047,200.44667053222656,200.6300048828125,68104200,2021,4.903335571289091,1.9392614586788648,2.772511518596661,6,6.709991455078125,3.253081266834635,Normal Volume
2021-06-18,207.7700042724609,209.4499969482422,203.93333435058597,204.4566650390625,73682700,2021,3.313339233398409,1.0882243306208572,2.7779520906399164,6,5.516662597656222,2.442244623439244,Normal Volume
2021-06-21,206.94332885742188,210.4633331298828,202.9600067138672,208.16000366210935,74438100,2021,-1.2166748046874716,-0.39788005873790944,2.7636263646086903,6,7.503326416015625,1.1065187486796404,Normal Volume
2021-06-22,207.90333557128903,209.52333068847656,205.1666717529297,206.0833282470703,57476700,2021,1.8200073242187216,0.4638983624973836,2.503376438211061,6,4.356658935546875,1.6692288845811345,Normal Volume
2021-06-23,218.85667419433597,219.0666656494141,210.01333618164065,210.6666717529297,93297600,2021,8.190002441406278,5.2684766182075515,2.6536972048557805,6,9.053329467773438,3.9873387786445567,Normal Volume
2021-06-24,226.60667419433597,232.5399932861328,222.5366668701172,224.9966735839844,137947200,2021,1.6100006103515625,3.5411302984154513,2.5679549501078145,6,10.003326416015625,3.352636099898925,High Volume
2021-06-25,223.9566650390625,231.2700042724609,222.8999938964844,229.8600006103516,97490100,2021,-5.903335571289091,-1.1694312026312326,2.4984477947654207,6,8.370010375976506,0.6134184540003954,High Volume
2021-06-28,229.5733337402344,231.5666656494141,223.44000244140625,223.8800048828125,64884600,2021,5.693328857421903,2.5079265670402195,2.4779859998630647,6,8.126663208007841,3.433384223224887,Normal Volume
2021-06-29,226.9199981689453,229.1699981689453,225.29666137695312,228.21665954589844,52143900,2021,-1.296661376953125,-1.1557681931349095,2.445596755053768,6,3.8733367919921875,0.4177340186048695,Normal Volume
2021-06-30,226.5666656494141,230.9366607666016,226.04666137695312,226.58999633789065,56774700,2021,-0.0233306884765625,-0.15570796861551495,2.4482703525852627,6,4.889999389648466,1.9182949375351939,Normal Volume
2021-07-01,225.97332763671875,229.3300018310547,224.26666259765625,227.97332763671875,55903500,2021,-2.0,-0.26188230779432553,2.3850176373875303,7,5.0633392333984375,0.5951021588358055,Normal Volume
2021-07-02,226.3000030517578,233.3333282470703,224.4199981689453,226.32666015625,81163500,2021,-0.0266571044921875,0.14456370513082906,2.2930134601303624,7,8.913330078125,3.0958209191895874,Normal Volume
2021-07-06,219.8600006103516,228.0,217.13333129882807,227.23666381835935,69853500,2021,-7.376663208007756,-2.8457809785947363,2.358700721324213,7,10.866668701171932,0.33592122363265414,Normal Volume
2021-07-07,214.88333129882807,221.8999938964844,212.77333068847656,221.42333984375,56376000,2021,-6.540008544921932,-2.2635628571399224,2.2866643295633122,7,9.126663208007841,0.21526820662661847,Normal Volume
2021-07-08,217.60333251953125,218.1433258056641,206.82000732421875,209.4566650390625,68319900,2021,8.14666748046875,1.2658037290573354,2.292133143120064,7,11.323318481445341,4.1472353075905115,Normal Volume
2021-07-09,218.98333740234372,219.6366729736328,214.89666748046875,217.72666931152344,54421500,2021,1.256668090820284,0.6341837079579582,2.258660716433891,7,4.7400054931640625,0.8772483720754213,Normal Volume
2021-07-12,228.5666656494141,229.0800018310547,220.72000122070312,220.73333740234372,77781000,2021,7.833328247070369,4.3762819403298625,2.3649951911787146,7,8.360000610351562,3.7813338605473112,Normal Volume
2021-07-13,222.8466644287109,231.0933380126953,222.1000061035156,228.77333068847656,62898300,2021,-5.926666259765653,-2.5025526817094024,2.41093566441802,7,8.993331909179716,1.014107421191473,Normal Volume
2021-07-14,217.7933349609375,226.20333862304688,217.6133270263672,223.5833282470703,64923600,2021,-5.7899932861328125,-2.267626253562338,2.453407462293136,7,8.590011596679688,1.1718272540792152,Normal Volume
2021-07-15,216.86666870117188,222.04666137695312,212.6266632080078,219.4633331298828,60628800,2021,-2.5966644287109375,-0.4254796226577984,2.3817452588141195,7,9.419998168945312,1.1771115521796285,Normal Volume
2021-07-16,214.7400054931641,218.8999938964844,214.0666656494141,218.22666931152344,49113000,2021,-3.4866638183593466,-0.9806316575730611,2.1498819451003772,7,4.8333282470703125,0.30854367483370243,Normal Volume
2021-07-19,215.4066619873047,215.73333740234372,207.0966644287109,209.9633331298828,63891300,2021,5.443328857421875,0.3104482057777691,2.001096002613612,7,8.636672973632812,2.7481009119299884,Normal Volume
2021-07-20,220.1666717529297,220.79666137695312,213.5,217.3300018310547,46461300,2021,2.836669921875,2.209778342837665,2.028097964108046,7,7.296661376953125,1.5951131996001666,Normal Volume
2021-07-21,218.42999267578125,221.6199951171875,216.76333618164065,219.8699951171875,41859900,2021,-1.44000244140625,-0.7888019850240235,2.0355763796001547,7,4.856658935546847,0.7959248823684539,Normal Volume
2021-07-22,216.4199981689453,220.72332763671875,214.86666870117188,218.81333923339844,45317100,2021,-2.393341064453125,-0.9202007847976312,2.0379783983462603,7,5.856658935546875,0.8728848113245112,Normal Volume
2021-07-23,214.4600067138672,216.26666259765625,212.43333435058597,215.45333862304688,43814700,2021,-0.9933319091796875,-0.9056424875986235,2.026068033080239,7,3.833328247070284,0.37749425458305447,Normal Volume
2021-07-26,219.2066650390625,222.73333740234372,215.70333862304688,216.9900054931641,76009800,2021,2.216659545898409,2.2133069927244398,2.058508820111218,7,7.029998779296847,2.646818638548108,Normal Volume
2021-07-27,214.9266662597656,222.1666717529297,209.0800018310547,221.13333129882807,98439900,2021,-6.206665039062472,-1.9524948196872671,2.088319078583416,7,13.086669921875,0.46729294404976734,High Volume
2021-07-28,215.66000366210935,218.3233337402344,213.13333129882807,215.6666717529297,48019800,2021,-0.006668090820340922,0.34120354402995545,2.002851374254115,7,5.190002441406335,1.2318370593432348,Normal Volume
2021-07-29,225.7833404541016,227.89666748046875,216.26666259765625,216.5966644287109,91183800,2021,9.186676025390682,4.694118807423009,2.157380555403884,7,11.6300048828125,5.217071593213313,Normal Volume
2021-07-30,229.0666656494141,232.50999450683597,223.0,223.9199981689453,88969200,2021,5.146667480468778,1.4541928508582602,2.1472416595732766,7,9.509994506835966,3.8361898928784335,Normal Volume
2021-08-02,236.55667114257807,242.31333923339844,232.8000030517578,233.3333282470703,100847400,2021,3.2233428955077557,3.2697928666004294,2.2079946361654437,8,9.513336181640625,3.8485762208900716,High Volume
2021-08-03,236.5800018310547,240.88333129882807,233.6699981689453,239.6666717529297,64860900,2021,-3.086669921875,0.009862621233192037,2.203803654158405,8,7.213333129882756,0.507646531326068,Normal Volume
2021-08-04,236.97332763671875,241.63333129882807,236.30999755859372,237.0,51007800,2021,-0.02667236328125,0.1662548831768751,2.204503410163826,8,5.323333740234347,1.9549921092101554,Normal Volume
2021-08-05,238.2100067138672,240.3166656494141,237.1366729736328,238.6666717529297,38758800,2021,-0.4566650390625,0.5218642492307302,2.0092056591995795,8,3.1799926757812784,0.6913382100507501,Normal Volume
2021-08-06,233.0333404541016,238.77667236328125,232.5433349609375,237.3000030517578,46869000,2021,-4.266662597656222,-2.1731523084098203,1.9618627270575402,8,6.23333740234375,0.622279516448788,Normal Volume
2021-08-09,237.9199981689453,239.6766662597656,235.0433349609375,236.72332763671875,44145900,2021,1.1966705322265625,2.096977928274679,1.9788769724567141,8,4.633331298828097,1.24759087012291,Normal Volume
2021-08-10,236.663330078125,238.8633270263672,233.9600067138672,237.9966735839844,40296900,2021,-1.3333435058594034,-0.5281893495678203,1.9350138336777176,8,4.9033203125,0.3641451913305666,Normal Volume
2021-08-11,235.94000244140625,238.3933258056641,234.73666381835935,237.57000732421875,29401800,2021,-1.6300048828125,-0.3056357047287239,1.9218762002883085,8,3.6566619873047443,0.3465582590658147,Normal Volume
2021-08-12,240.75,240.93333435058597,233.13333129882807,235.44667053222656,52377300,2021,5.3033294677734375,2.0386528392057013,1.9514603892623537,8,7.800003051757898,2.330321259568808,Normal Volume
2021-08-13,239.05667114257807,243.3000030517578,238.1133270263672,241.23666381835935,50194500,2021,-2.1799926757812784,-0.7033557040174165,1.9568832138537333,8,5.186676025390625,0.8553174300868587,Normal Volume
2021-08-16,228.72332763671875,236.5,225.46665954589844,235.02333068847656,68032200,2021,-6.3000030517578125,-4.322549735370618,2.124507476494953,8,11.033340454101562,0.6283075417226397,Normal Volume
2021-08-17,221.90333557128903,224.8600006103516,216.27999877929688,224.22000122070312,71163900,2021,-2.316665649414091,-2.981764971635037,2.1310498572664636,8,8.580001831054716,0.28543367503530825,Normal Volume
2021-08-18,229.663330078125,231.92333984375,223.11666870117188,223.25,61048200,2021,6.413330078125,3.497015710402862,2.1742370403641917,8,8.806671142578125,3.885034644456887,Normal Volume
2021-08-19,224.4900054931641,228.8500061035156,222.52999877929688,226.07000732421875,42940500,2021,-1.580001831054659,-2.2525688289902868,2.2118264949206443,8,6.320007324218722,1.2297070328793795,Normal Volume
2021-08-20,226.7533264160156,230.7100067138672,224.5666656494141,227.61666870117188,44525700,2021,-0.8633422851562784,1.0082056516856452,2.2158318319999104,8,6.143341064453097,1.3590120751465802,Normal Volume
2021-08-23,235.43333435058597,237.3766632080078,226.9166717529297,228.47999572753903,60794700,2021,6.953338623046932,3.827951753459824,2.1816807303584955,8,10.459991455078125,3.89384963534313,Normal Volume
2021-08-24,236.163330078125,238.4066619873047,234.2133331298828,236.8933258056641,39249300,2021,-0.7299957275390909,0.31006472789956163,2.124712211025063,8,4.193328857421875,0.6388260101857259,Normal Volume
2021-08-25,237.0666656494141,238.9900054931641,234.6666717529297,235.6766662597656,37936800,2021,1.3899993896484943,0.38250458739308435,2.072364355150869,8,4.323333740234403,1.4058834444588133,Normal Volume
2021-08-26,233.72000122070312,238.46665954589844,232.5399932861328,236.10333251953125,39642900,2021,-2.383331298828125,-1.411697599720818,2.0920592036711123,8,5.926666259765625,1.0009714819131936,Normal Volume
2021-08-27,237.30667114257807,238.3333282470703,234.0333404541016,235.0,41501400,2021,2.306671142578068,1.534601190801821,2.090575062888828,8,4.299987792968722,1.4184375519448138,Normal Volume
2021-08-30,243.6366729736328,243.6666717529297,237.57666015625,238.2400054931641,55812600,2021,5.396667480468722,2.6674352644943333,2.132719371461168,8,6.0900115966796875,2.2778148651114374,Normal Volume
2021-08-31,245.2400054931641,246.79666137695312,242.14666748046875,244.3333282470703,62566200,2021,0.9066772460937784,0.6580834075438302,2.1068077501634046,8,4.649993896484375,1.0081854766010003,Normal Volume
2021-09-01,244.69667053222656,247.3300018310547,243.7566680908203,244.69332885742188,39612900,2021,0.0033416748046875,-0.22155233598405433,2.0984709414441904,9,3.573333740234375,1.0775418299896322,Normal Volume
2021-09-02,244.1300048828125,246.9900054931641,243.51333618164065,244.8333282470703,38331900,2021,-0.7033233642578125,-0.2315788147756681,2.0872632930660138,9,3.4766693115234375,0.8808756804210071,Normal Volume
2021-09-03,244.52333068847656,244.6666717529297,241.3999938964844,244.0833282470703,45738300,2021,0.44000244140625,0.16111325842673718,2.072878128406962,9,3.266677856445284,0.23899358880787336,Normal Volume
2021-09-07,250.97332763671875,253.3999938964844,246.4199981689453,246.6666717529297,60119400,2021,4.3066558837890625,2.637783858939624,2.0866689030411254,9,6.979995727539091,2.729725137046101,Normal Volume
2021-09-08,251.2899932861328,254.8166656494141,246.92333984375,253.8600006103516,56379000,2021,-2.5700073242187784,0.12617502122473923,2.037275264589663,9,7.893325805664091,0.3768474894675826,Normal Volume
2021-09-09,251.6199951171875,254.0333404541016,250.5433349609375,251.1366729736328,42233100,2021,0.4833221435546875,0.1313231087076927,2.038350058042472,9,3.490005493164091,1.153422734390092,Normal Volume
2021-09-10,245.42333984375,254.20333862304688,244.83999633789065,253.1999969482422,45552600,2021,-7.7766571044921875,-2.4627038366134335,1.951812345544774,9,9.363342285156222,0.396264489296098,Normal Volume
2021-09-13,247.6666717529297,248.25999450683597,236.2833404541016,246.73666381835935,68857500,2021,0.9300079345703409,0.914066245943812,1.9432406831766447,9,11.976654052734375,0.6173912968192083,Normal Volume
2021-09-14,248.163330078125,251.4900054931641,245.46665954589844,247.52333068847656,55574700,2021,0.6399993896484375,0.20053498586631857,1.8593252611090085,9,6.023345947265653,1.6025458261467216,Normal Volume
2021-09-15,251.94332885742188,252.2866668701172,246.1199951171875,248.3333282470703,46073100,2021,3.6100006103515625,1.5231899000174076,1.875109344321926,9,6.1666717529296875,1.5919484714164676,Normal Volume
2021-09-16,252.3300018310547,252.97000122070312,249.20333862304688,250.94332885742188,41770200,2021,1.3866729736328125,0.15347617076681974,1.8751250631666727,9,3.76666259765625,0.8076215345149667,Normal Volume
2021-09-17,253.163330078125,253.67999267578125,250.0,252.38333129882807,84612600,2021,0.7799987792969318,0.33025333532406,1.8744106493978288,9,3.67999267578125,0.5137666462678959,Normal Volume
2021-09-20,243.38999938964844,247.3333282470703,239.5399932861328,244.85333251953125,74273100,2021,-1.4633331298828125,-3.860484330594227,1.97150247962341,9,7.7933349609375,1.0128494891288606,Normal Volume
2021-09-21,246.4600067138672,248.2466735839844,243.47999572753903,244.92999267578125,48992100,2021,1.5300140380859375,1.2613531089680885,1.949024463911633,9,4.766677856445369,1.3541342454509073,Normal Volume
2021-09-22,250.64666748046875,251.22332763671875,246.3733367919922,247.8433380126953,45378900,2021,2.8033294677734375,1.69871810945057,1.9651934901173949,9,4.8499908447265625,1.3637605316025496,Normal Volume
2021-09-23,251.2133331298828,252.73333740234372,249.30667114257807,251.6666717529297,35842500,2021,-0.453338623046875,0.22608146164888598,1.9627762468790286,9,3.4266662597656534,0.4238406468303512,Normal Volume
2021-09-24,258.1300048828125,258.26666259765625,248.1866607666016,248.6300048828125,64119000,2021,9.5,2.7533059916662994,1.989662022954369,9,10.080001831054659,3.8759029584485685,Normal Volume
2021-09-27,263.78668212890625,266.3333435058594,256.4366760253906,257.7066650390625,84212100,2021,6.08001708984375,2.191406322043732,2.011811102366256,9,9.89666748046875,3.3474797656045356,Normal Volume
2021-09-28,259.1866760253906,265.2133178710937,255.3933258056641,262.3999938964844,76144200,2021,-3.21331787109375,-1.7438356123178789,1.8542824714898323,9,9.819992065429602,1.0721509298964245,Normal Volume
2021-09-29,260.4366760253906,264.5,256.8933410644531,259.9333190917969,62828700,2021,0.50335693359375,0.4822778775393388,1.7384642651072484,9,7.606658935546875,1.7568663086975689,Normal Volume
2021-09-30,258.49334716796875,263.0433349609375,258.3333435058594,260.3333435058594,53868000,2021,-1.839996337890625,-0.7461809477373404,1.6613080278044265,9,4.709991455078125,1.0409697884194118,Normal Volume
2021-10-01,258.4066772460937,260.260009765625,254.52999877929688,259.4666748046875,51094200,2021,-1.0599975585938068,-0.033528879108346565,1.5864642273447356,10,5.730010986328125,0.3057560133819419,Normal Volume
2021-10-04,260.510009765625,268.989990234375,258.7066650390625,265.5,91449900,2021,-4.989990234375,0.8139621398127517,1.584639091101743,10,10.2833251953125,1.3144972634180792,Normal Volume
2021-10-05,260.1966552734375,265.7699890136719,258.0666809082031,261.6000061035156,55297800,2021,-1.403350830078125,-0.1202850103416031,1.4553131366796017,10,7.70330810546875,1.5940301272417325,Normal Volume
2021-10-06,260.9166564941406,262.2200012207031,257.739990234375,258.7333374023437,43898400,2021,2.183319091796932,0.27671424905384434,1.4553528447312627,10,4.480010986328125,1.347589705047359,Normal Volume
2021-10-07,264.53668212890625,268.3333435058594,261.1266784667969,261.82000732421875,57587400,2021,2.7166748046875,1.3874260399496352,1.4678031881384974,10,7.2066650390625,2.4877152239840044,Normal Volume
2021-10-08,261.8299865722656,265.4599914550781,260.3033447265625,265.4033203125,50215800,2021,-3.573333740234375,-1.0231834522373306,1.4531215912403368,10,5.156646728515625,0.021352838582199114,Normal Volume
2021-10-11,263.9800109863281,267.0799865722656,261.8333435058594,262.54998779296875,42600900,2021,1.430023193359375,0.8211528565575943,1.439509662580994,10,5.24664306640625,1.7253852561093859,Normal Volume
2021-10-12,268.5733337402344,270.7733459472656,265.5233459472656,266.9766540527344,66060000,2021,1.5966796875,1.7400267303360861,1.397728031877224,10,5.25,1.4221063291104514,Normal Volume
2021-10-13,270.3599853515625,271.8033447265625,268.59332275390625,270.1566772460937,42360300,2021,0.20330810546880684,0.6652379022320076,1.3977856959321922,10,3.21002197265625,0.6095231468104002,Normal Volume
2021-10-14,272.7733459472656,273.4166564941406,271.1166687011719,271.8299865722656,36741600,2021,0.943359375,0.8926471099504285,1.3972881661451901,10,2.29998779296875,0.5836993710232871,Normal Volume
2021-10-15,281.010009765625,281.07000732421875,274.1166687011719,274.5799865722656,56773800,2021,6.430023193359375,3.0195999501915205,1.472878424981395,10,6.953338623046875,2.3636175501979064,Normal Volume
2021-10-18,290.03668212890625,291.7533264160156,283.8233337402344,283.92999267578125,72621600,2021,6.106689453125,3.212224493643445,1.5532082770862146,10,7.92999267578125,2.75537419154158,Normal Volume
2021-10-19,288.0899963378906,292.6499938964844,287.5033264160156,292.510009765625,52143300,2021,-4.420013427734375,-0.6711860640270406,1.5193283620623346,10,5.14666748046875,0.04785618480938069,Normal Volume
2021-10-20,288.6000061035156,289.8299865722656,285.7933349609375,288.45001220703125,42096300,2021,0.149993896484375,0.1770314041126264,1.5189575329730751,10,4.036651611328125,0.47841022944520323,Normal Volume
2021-10-21,298.0,300.0,285.1666564941406,285.3333435058594,94444500,2021,12.666656494140625,3.257101073349511,1.5997222085903098,10,14.833343505859375,5.140183167495615,Normal Volume
2021-10-22,303.2266540527344,303.3333435058594,296.9866638183594,298.5,68642400,2021,4.726654052734375,1.7539107559511269,1.5058444803239033,10,6.3466796875,1.6192105547267588,Normal Volume
2021-10-25,341.6199951171875,348.3399963378906,314.7333374023437,316.84332275390625,188556300,2021,24.77667236328125,12.661598362581984,2.650700738756655,10,33.60665893554693,9.940772401395371,High Volume
2021-10-26,339.4766540527344,364.9800109863281,333.8133239746094,341.5633239746094,187245000,2021,-2.086669921875,-0.6274050392506725,2.6647691760995036,10,31.16668701171875,6.8557381217719575,High Volume
2021-10-27,345.9533386230469,356.9599914550781,343.59332275390625,346.5533447265625,115579500,2021,-0.600006103515625,1.9078438805710585,2.6678866908576224,10,13.366668701171875,3.0028989438052247,High Volume
2021-10-28,359.0133361816406,360.3333435058594,351.3999938964844,356.10333251953125,81639600,2021,2.910003662109375,3.775074872979922,2.705475575353049,10,8.933349609375,1.1878605449714854,Normal Volume
2021-10-29,371.3333435058594,371.7366638183594,357.7366638183594,360.6199951171875,89755200,2021,10.713348388671875,3.431629436179362,2.729610490116929,10,14.0,3.082654553738594,Normal Volume
2021-11-01,402.86334228515625,403.25,372.88665771484375,381.6666564941406,168146100,2021,21.196685791015625,8.49102277797451,2.8502240097408156,11,30.36334228515625,5.655024650074646,High Volume
2021-11-02,390.6666564941406,402.86334228515625,382.0,386.4533386230469,128213400,2021,4.21331787109375,-3.027499529203259,2.979236398260088,11,20.86334228515625,4.24630919752927,High Volume
2021-11-03,404.6199951171875,405.1300048828125,384.2066650390625,392.4433288574219,103885500,2021,12.176666259765625,3.5716738019734517,3.0011781960713226,11,20.92333984375,3.232740906139803,High Volume
2021-11-04,409.9700012207031,414.4966735839844,405.6666564941406,411.4700012207031,76192200,2021,-1.5,1.3222297879683653,2.989889436394833,11,8.83001708984375,0.7355754621970149,Normal Volume
2021-11-05,407.36334228515625,413.2900085449219,402.6666564941406,409.3333435058594,64886400,2021,-1.970001220703125,-0.6358169933862068,3.012157980447399,11,10.62335205078125,0.9666119562052884,Normal Volume
2021-11-08,387.6466674804688,399.0,377.6666564941406,383.2633361816406,100337100,2021,4.383331298828182,-4.8400709533863,3.2282811730944676,11,21.333343505859375,4.105966402928057,High Volume
2021-11-09,341.1666564941406,391.5,337.17333984375,391.2000122070313,177317400,2021,-50.03335571289068,-11.990303254359858,4.012538855904027,11,54.32666015625,0.07668399376478886,High Volume
2021-11-10,355.9833374023437,359.3666687011719,329.10333251953125,336.8033447265625,128408100,2021,19.179992675781193,4.342945192962477,4.057084779426443,11,30.263336181640625,6.6992576908426065,High Volume
2021-11-11,354.5033264160156,368.3233337402344,351.5599975585937,367.5899963378906,67189800,2021,-13.086669921875,-0.41575288246014086,4.05227014950481,11,16.763336181640682,0.19949873762877446,Normal Volume
2021-11-12,344.47332763671875,351.5,339.7333374023437,349.1666564941406,76719300,2021,-4.693328857421875,-2.829310201599211,4.111848689778108,11,11.766662597656307,0.6682606894047831,Normal Volume
2021-11-15,337.7966613769531,343.99334716796875,326.20001220703125,339.2099914550781,104326800,2021,-1.413330078125,-1.938224449936754,4.147719207819212,11,17.7933349609375,1.4101458781835703,High Volume
2021-11-16,351.57666015625,352.3999938964844,334.0599975585937,334.4366760253906,79627200,2021,17.139984130859375,4.079376842602822,4.180985676001395,11,18.339996337890682,5.3712164839630105,Normal Volume
2021-11-17,363.0033264160156,373.21331787109375,351.8333435058594,354.5033264160156,94336200,2021,8.5,3.2501208284666294,4.196185424656724,11,21.379974365234375,5.277804201228181,Normal Volume
2021-11-18,365.4599914550781,370.6666564941406,358.3399963378906,368.8500061035156,62696700,2021,-3.3900146484375,0.6767610267700563,4.1970502350303756,11,12.32666015625,0.49251738120214844,Normal Volume
2021-11-19,379.0199890136719,379.5733337402344,364.23333740234375,366.2900085449219,64926900,2021,12.72998046875,3.7103918009204317,4.200796188392045,11,15.339996337890625,3.626450322267917,Normal Volume
2021-11-22,385.6233215332031,400.6499938964844,377.4766540527344,387.4433288574219,99217500,2021,-1.82000732421875,1.7422122080461122,4.200344016880333,11,23.17333984375,3.40867013454825,High Volume
2021-11-23,369.6766662597656,393.5,354.2333374023437,389.1700134277344,108515100,2021,-19.49334716796875,-4.135293272729212,4.317206204064173,11,39.26666259765631,1.112620814262625,High Volume
2021-11-24,372.0,377.5899963378906,354.0,360.1300048828125,67680600,2021,11.8699951171875,0.6284772484400847,4.317356980682749,11,23.589996337890625,4.84824680486139,Normal Volume
2021-11-26,360.6400146484375,369.5933227539063,360.3333435058594,366.489990234375,35042700,2021,-5.8499755859375,-3.0537595031082,4.385363126430546,11,9.259979248046932,0.8467714268394306,Normal Volume
2021-11-29,378.9966735839844,380.8900146484375,366.7300109863281,366.9966735839844,58393500,2021,12.0,5.090022790022752,4.433806808791885,11,14.160003662109375,3.78568582891358,Normal Volume
2021-11-30,381.586669921875,389.3333435058594,372.6666564941406,381.4566650390625,81276000,2021,0.1300048828125,0.6833823403773698,4.416214493475673,11,16.66668701171875,2.0648947019945965,Normal Volume
2021-12-01,365.0,390.9466552734375,363.586669921875,386.8999938964844,68450400,2021,-21.899993896484375,-4.346763456194869,4.514441848250872,12,27.3599853515625,1.0459192144716898,Normal Volume
2021-12-02,361.5333251953125,371.0,352.2166748046875,366.3533325195313,73114800,2021,-4.820007324218807,-0.949773919092467,4.525256474793841,12,18.7833251953125,1.2683568205895783,Normal Volume
2021-12-03,338.3233337402344,363.5266723632813,333.4033203125,361.5966796875,92322000,2021,-23.273345947265625,-6.419876077133225,4.689869095110127,12,30.123352050781307,0.5337418135169963,Normal Volume
2021-12-06,336.336669921875,340.5466613769531,316.8333435058594,333.836669921875,81663000,2021,2.5,-0.5872086315763081,4.688283900206126,12,23.71331787109375,2.0099623737105956,Normal Volume
2021-12-07,350.5833435058594,352.5566711425781,342.2699890136719,348.0666809082031,56084700,2021,2.51666259765625,4.235837141187604,4.153524398427895,12,10.28668212890625,1.28997990346544,Normal Volume
2021-12-08,356.32000732421875,357.4599914550781,344.3333435058594,350.9033203125,41906400,2021,5.41668701171875,1.6363195584229162,4.1590710014355885,12,13.12664794921875,1.8685121408195924,Normal Volume
2021-12-09,334.6000061035156,354.163330078125,334.1199951171875,353.5466613769531,59438400,2021,-18.9466552734375,-6.095644581905246,4.303052279611947,12,20.0433349609375,0.17442356795851055,Normal Volume
2021-12-10,339.010009765625,340.32666015625,327.510009765625,336.25,59664300,2021,2.760009765625,1.3179927022311633,4.251402426699578,12,12.816650390625,1.2123896375464684,Normal Volume
2021-12-13,322.1366577148437,335.0,317.1400146484375,333.6966552734375,78595500,2021,-11.559997558593807,-4.977243020772959,4.287454028342601,12,17.8599853515625,0.39057770162380384,Normal Volume
2021-12-14,319.5033264160156,322.1366577148437,310.0,315.0,70806300,2021,4.503326416015625,-0.8174578197676308,3.946426086373277,12,12.136657714843693,2.2656056237599023,Normal Volume
2021-12-15,325.3299865722656,326.25,309.4166564941406,317.7366638183594,75169200,2021,7.59332275390625,1.8236618133556703,3.9468345575627843,12,16.833343505859375,2.6793685309503488,Normal Volume
2021-12-16,308.97332763671875,331.6600036621094,307.2833251953125,331.5,82771500,2021,-22.52667236328125,-5.027713279025869,3.9508890730052544,12,24.376678466796875,0.04826656473887632,Normal Volume
2021-12-17,310.8566589355469,320.2200012207031,303.0133361816406,304.92333984375,100437300,2021,5.933319091796875,0.6095449446181567,3.9397072677369063,12,17.2066650390625,5.016559698182337,High Volume
2021-12-20,299.9800109863281,307.2300109863281,297.7966613769531,303.5666809082031,56480100,2021,-3.586669921875,-3.498927121736173,3.9691314645041595,12,9.433349609375,1.2067628987361663,Normal Volume
2021-12-21,312.84332275390625,313.1666564941406,295.3733215332031,305.6233215332031,71517900,2021,7.220001220703125,4.288056302579579,4.0092462451850475,12,17.7933349609375,2.468180413423714,Normal Volume
2021-12-22,336.2900085449219,338.5533447265625,319.01666259765625,321.8866577148437,93634200,2021,14.403350830078182,7.494705523716627,3.6697033814898026,12,19.53668212890625,5.1778123175529895,Normal Volume
2021-12-23,355.6666564941406,357.6600036621094,332.5199890136719,335.6000061035156,92713200,2021,20.066650390625,5.761886305530961,3.73592586097998,12,25.1400146484375,6.573300702440797,Normal Volume
2021-12-27,364.6466674804688,372.3333435058594,356.9066772460937,357.8900146484375,71145900,2021,6.756652832031307,2.524839149906688,3.761379753796453,12,15.426666259765682,4.035689252635295,Normal Volume
2021-12-28,362.8233337402344,373.0,359.47332763671875,369.8299865722656,60324000,2021,-7.00665283203125,-0.500027534279357,3.721319278945417,12,13.52667236328125,0.8571542446071898,Normal Volume
2021-12-29,362.0633239746094,368.0,354.7133178710937,366.21331787109375,56154000,2021,-4.149993896484375,-0.20947102761840197,3.6997455028630943,12,13.286682128906307,0.4878801621122796,Normal Volume
2021-12-30,356.7799987792969,365.1833190917969,351.04998779296875,353.77667236328125,47040900,2021,3.003326416015625,-1.4592268383646134,3.6422796362190497,12,14.133331298828125,3.2242506698696425,Normal Volume
2021-12-31,352.260009765625,360.6666564941406,351.5299987792969,357.8133239746094,40733700,2021,-5.553314208984375,-1.2668840823859995,3.601264259160858,12,9.13665771484375,0.7974360730439776,Normal Volume
2022-01-03,399.9266662597656,400.3566589355469,378.6799926757813,382.5833435058594,103931400,2022,17.34332275390625,13.53166841897706,4.371556276145287,1,21.676666259765568,4.645606174806012,High Volume
2022-01-04,383.1966552734375,402.6666564941406,374.3500061035156,396.51666259765625,100248300,2022,-13.32000732421875,-4.1832696836128,4.402331555820432,1,28.316650390625,1.5510051598322736,High Volume
2022-01-05,362.7066650390625,390.11334228515625,360.336669921875,382.2166748046875,80119800,2022,-19.510009765625,-5.347121367683638,4.501843249910616,1,29.77667236328125,2.0660185703577536,Normal Volume
2022-01-06,354.8999938964844,362.6666564941406,340.1666564941406,359.0,90336600,2022,-4.100006103515625,-2.152337383085412,4.454991642803541,1,22.5,1.0213527838831826,Normal Volume
2022-01-07,342.32000732421875,360.30999755859375,336.6666564941406,360.1233215332031,84164700,2022,-17.803314208984375,-3.5446567451716815,4.498269294545137,1,23.643341064453125,0.051836694329004625,Normal Volume
2022-01-10,352.7066650390625,353.0333251953125,326.6666564941406,333.3333435058594,91815000,2022,19.373321533203125,3.034195341380186,4.501538052368699,1,26.366668701171875,5.909994326477224,Normal Volume
2022-01-11,354.79998779296875,358.6166687011719,346.2733459472656,351.22332763671875,66063300,2022,3.57666015625,0.5935024657598653,4.400689050405592,1,12.34332275390625,2.1050256297612124,Normal Volume
2022-01-12,368.739990234375,371.61334228515625,357.5299987792969,359.6166687011719,83739000,2022,9.123321533203125,3.9289748931841784,4.460814706971281,1,14.083343505859375,3.335961491249219,Normal Volume
2022-01-13,343.85333251953125,371.8666687011719,342.17999267578125,369.6900024414063,97209900,2022,-25.836669921875057,-6.749107331435766,4.561587778083868,1,29.686676025390625,0.5887814778303498,High Volume
2022-01-14,349.8699951171875,350.6666564941406,337.7933349609375,339.9599914550781,72924300,2022,9.910003662109375,1.7497758575059086,4.5708668976947715,1,12.873321533203125,3.1493897247250833,Normal Volume
2022-01-18,343.5033264160156,356.92999267578125,338.6866760253906,342.2033386230469,66743400,2022,1.29998779296875,-1.819724123253097,4.423201798174853,1,18.243316650390625,4.303480530608288,Normal Volume
2022-01-19,331.8833312988281,351.5566711425781,331.6666564941406,347.2366638183594,75442500,2022,-15.35333251953125,-3.38278969185718,4.468337305953456,1,19.8900146484375,1.2441103645894258,Normal Volume
2022-01-20,332.0899963378906,347.2200012207031,331.3333435058594,336.57666015625,70488600,2022,-4.486663818359375,0.06227038828787723,4.397935360865389,1,15.88665771484375,3.162233845778889,Normal Volume
2022-01-21,314.6333312988281,334.8500061035156,313.5,332.11334228515625,103416000,2022,-17.480010986328125,-5.256606712507206,4.4838983109908455,1,21.350006103515625,0.824015018345648,High Volume
2022-01-24,310.0,311.1700134277344,283.8233337402344,301.586669921875,151565700,2022,8.413330078125,-1.4726129872195681,4.356140655335513,1,27.3466796875,3.1776416074165037,High Volume
2022-01-25,306.1333312988281,317.086669921875,301.07000732421875,304.7333374023437,86595900,2022,1.3999938964844318,-1.2473124842489969,4.351205392641871,1,16.01666259765625,4.053817224211682,Normal Volume
2022-01-26,312.4700012207031,329.2300109863281,302.0,317.4766540527344,104867400,2022,-5.00665283203125,2.069905258271132,4.276805150071088,1,27.230010986328125,3.7021169221600343,High Volume
2022-01-27,276.3666687011719,311.7966613769531,276.3333435058594,311.1199951171875,147109500,2022,-34.753326416015625,-11.554175561970448,4.767338935088024,1,35.46331787109375,0.2174936585193599,High Volume
2022-01-28,282.1166687011719,285.8333435058594,264.0033264160156,277.1866760253906,134789100,2022,4.92999267578125,2.0805692766870276,4.7716502166760435,1,21.83001708984375,3.119438352684999,High Volume
2022-01-31,312.239990234375,312.663330078125,287.3500061035156,290.9033203125,104436000,2022,21.336669921875,10.677611383930952,5.09312886857921,1,25.313323974609375,7.480151736408345,High Volume
2022-02-01,310.4166564941406,314.5666809082031,301.6666564941406,311.7366638183594,73138200,2022,-1.32000732421875,-0.5839526637397507,5.094147617416193,2,12.9000244140625,0.9078229859714947,Normal Volume
2022-02-02,301.8866577148437,310.5,296.4700012207031,309.3933410644531,66792900,2022,-7.506683349609432,-2.7479191598914543,5.077573745290443,2,14.029998779296875,0.357686733573343,Normal Volume
2022-02-03,297.0466613769531,312.3333435058594,293.50665283203125,294.0,78855600,2022,3.046661376953125,-1.6032495024878912,5.025431741980733,2,18.826690673828125,6.235831124441964,Normal Volume
2022-02-04,307.7733459472656,312.1666564941406,293.72332763671875,299.0733337402344,73625400,2022,8.70001220703125,3.611110968421327,4.871996357520744,2,18.443328857421875,4.377963956251177,Normal Volume
2022-02-07,302.4466552734375,315.92333984375,300.9033203125,307.92999267578125,60994500,2022,-5.48333740234375,-1.730718642133755,4.747247757886486,2,15.02001953125,2.595832610688536,Normal Volume
2022-02-08,307.3333435058594,308.7633361816406,298.26666259765625,301.84332275390625,50729100,2022,5.490020751953125,1.61571905234128,4.73059734583186,2,10.496673583984375,2.292584564932146,Normal Volume
2022-02-09,310.6666564941406,315.42333984375,306.6666564941406,311.6666564941406,52259400,2022,-1.0,1.0845920427172029,4.7389957800059275,2,8.756683349609375,1.205352985740392,Normal Volume
2022-02-10,301.51666259765625,314.60333251953125,298.8999938964844,302.7900085449219,66126900,2022,-1.273345947265625,-2.945277101746824,4.76129337942756,2,15.703338623046875,3.901490683718103,Normal Volume
2022-02-11,286.6666564941406,305.32000732421875,283.5666809082031,303.2099914550781,79645800,2022,-16.5433349609375,-4.9251029696264155,4.826960587032034,2,21.753326416015625,0.6958925921322197,Normal Volume
2022-02-14,291.9200134277344,299.6266784667969,284.3833312988281,287.19000244140625,67756500,2022,4.730010986328125,1.8325664372135009,4.845677249296834,2,15.24334716796875,4.33046969590385,Normal Volume
2022-02-15,307.4766540527344,307.6666564941406,297.7933349609375,300.0,57286200,2022,7.476654052734375,5.329076428276847,4.216472155040548,2,9.873321533203125,2.5555521647135415,Normal Volume
2022-02-16,307.7966613769531,308.8099975585937,300.4033203125,304.6833190917969,51294300,2022,3.11334228515625,0.10407532409399955,4.169749196775991,2,8.406677246093693,1.3544156204867608,Normal Volume
2022-02-17,292.1166687011719,306.1666564941406,291.3666687011719,304.4200134277344,55178400,2022,-12.3033447265625,-5.094269900666093,4.160157224009948,2,14.79998779296875,0.5737609189156947,Normal Volume
2022-02-18,285.6600036621094,295.6233215332031,279.2033386230469,295.3333435058594,68501700,2022,-9.67333984375,-2.210303529672075,4.160899881169794,2,16.41998291015625,0.09818668759221792,Normal Volume
2022-02-22,273.84332275390625,285.57666015625,267.0333251953125,278.0433349609375,83288100,2022,-4.20001220703125,-4.136624223452856,4.176541243098301,2,18.5433349609375,2.7094068614774964,Normal Volume
2022-02-23,254.67999267578125,278.4333190917969,253.5200042724609,276.8099975585937,95256900,2022,-22.130004882812443,-6.997917599526948,4.271417138191727,2,24.913314819335966,0.5864389102707772,Normal Volume
2022-02-24,266.92333984375,267.49334716796875,233.3333282470703,233.4633331298828,135322200,2022,33.46000671386719,4.807345500262783,4.392862595105516,2,34.16001892089844,14.57617073390878,High Volume
2022-02-25,269.9566650390625,273.1666564941406,260.79998779296875,269.74334716796875,76067700,2022,0.21331787109375,1.1364031324829549,4.317033230317443,2,12.366668701171875,1.2690987051629437,Normal Volume
2022-02-28,290.1433410644531,292.28668212890625,271.57000732421875,271.6700134277344,99006900,2022,18.47332763671875,7.477746853358713,4.4370078379108335,2,20.7166748046875,7.5888643141161465,High Volume
2022-03-01,288.1233215332031,296.6266784667969,284.59332275390625,289.8933410644531,74766900,2022,-1.77001953125,-0.6962143345558558,4.417259969810543,3,12.033355712890625,2.3226947461503435,Normal Volume
2022-03-02,293.2966613769531,295.49334716796875,281.42333984375,290.7099914550781,74643300,2022,2.586669921875,1.7955297114516489,4.430734461681155,3,14.07000732421875,1.6454046484431792,Normal Volume
2022-03-03,279.7633361816406,295.4800109863281,277.5333251953125,292.92333984375,61623600,2022,-13.160003662109375,-4.614210448825773,4.464607518948674,3,17.946685791015625,0.8728123692505672,Normal Volume
2022-03-04,279.42999267578125,285.2166748046875,275.0533447265625,283.0333251953125,66999600,2022,-3.60333251953125,-0.11915196265851469,4.463983020108684,3,10.163330078125,0.771410789831317,Normal Volume
2022-03-07,268.1933288574219,288.7133178710937,268.19000244140625,285.4333190917969,72494100,2022,-17.239990234375,-4.021280504200253,4.423892346808511,3,20.523315429687443,1.1491296074800408,Normal Volume
2022-03-08,274.79998779296875,283.3299865722656,260.72332763671875,265.1766662597656,80399100,2022,9.623321533203125,2.463394210323222,4.450373416628326,3,22.606658935546875,6.845745731910329,Normal Volume
2022-03-09,286.3233337402344,286.85333251953125,277.336669921875,279.82666015625,59184000,2022,6.496673583984375,4.193357517885765,4.520934314055925,3,9.51666259765625,2.5110803807463116,Normal Volume
2022-03-10,279.4333190917969,284.8166809082031,270.1199951171875,283.8166809082031,58648500,2022,-4.38336181640625,-2.4063755330148706,4.519918525812643,3,14.696685791015625,0.3523401079880281,Normal Volume
2022-03-11,265.1166687011719,281.26666259765625,264.5899963378906,280.0666809082031,67037100,2022,-14.95001220703125,-5.12345859010529,4.099362861666374,3,16.676666259765625,0.42846285233281306,Normal Volume
2022-03-14,255.4566650390625,266.8999938964844,252.01333618164065,260.2033386230469,71152200,2022,-4.746673583984375,-3.6436802368687404,4.129487093117619,3,14.886657714843722,2.573623885410193,Normal Volume
2022-03-15,267.2966613769531,268.5233459472656,252.19000244140625,258.42333984375,66841200,2022,8.873321533203125,4.634835554625338,3.703542634322671,3,16.333343505859375,3.908318075922389,Normal Volume
2022-03-16,280.07666015625,280.6666564941406,267.4200134277344,269.6666564941406,84028800,2022,10.410003662109375,4.781204042527865,3.824438926196265,3,13.24664306640625,4.079110166235554,Normal Volume
2022-03-17,290.5333251953125,291.6666564941406,275.239990234375,276.9966735839844,66582900,2022,13.536651611328125,3.7335010469022656,3.862607609050507,3,16.426666259765625,5.296086310476348,Normal Volume
2022-03-18,301.7966613769531,302.6166687011719,289.1300048828125,291.4966735839844,100414200,2022,10.29998779296875,3.876779427650434,3.9161008329063365,3,13.486663818359375,3.814793143422843,High Volume
2022-03-21,307.0533447265625,314.2833251953125,302.36334228515625,304.99334716796875,81981600,2022,2.05999755859375,1.7417963888751054,3.873392511795936,3,11.91998291015625,3.0459608754113208,Normal Volume
2022-03-22,331.32666015625,332.6199951171875,307.25,310.0,105868500,2022,21.32666015625,7.9052437781791385,4.111573049070927,3,25.3699951171875,7.296772618447581,High Volume
2022-03-23,333.03668212890625,346.8999938964844,325.4666748046875,326.64666748046875,120676200,2022,6.3900146484375,0.5161136057840299,4.1051285000053594,3,21.433319091796875,6.200377481955066,High Volume
2022-03-24,337.97332763671875,341.4966735839844,329.6000061035156,336.57666015625,68920800,2022,1.39666748046875,1.4823128420135223,4.1082259474611496,3,11.89666748046875,1.4617809284370291,Normal Volume
2022-03-25,336.8800048828125,340.6000061035156,332.44000244140625,336.0,62031600,2022,0.8800048828125,-0.3234937980317265,4.063070623078486,3,8.160003662109375,1.3690494355701264,Normal Volume
2022-03-28,363.9466552734375,365.9599914550781,351.20001220703125,355.0333251953125,102506100,2022,8.913330078125,8.034507836118209,4.159671240143065,3,14.759979248046875,3.0776452474579954,High Volume
2022-03-29,366.5233459472656,371.5899963378906,357.7033386230469,369.3299865722656,73614900,2022,-2.806640625,0.7079858095940583,4.155874691104112,3,13.88665771484375,0.6119215465280914,Normal Volume
2022-03-30,364.663330078125,371.3166809082031,361.3333435058594,363.7233276367188,59865000,2022,0.9400024414061932,-0.507475414515135,4.074513464831785,3,9.98333740234375,2.0876728805990803,Normal Volume
2022-03-31,359.20001220703125,367.71331787109375,358.8800048828125,364.8566589355469,48992700,2022,-5.656646728515625,-1.4981813142339484,4.0923771276174765,3,8.83331298828125,0.7829537615898394,Normal Volume
2022-04-01,361.5299987792969,364.9166564941406,355.5466613769531,360.3833312988281,54263100,2022,1.14666748046875,0.6486599368272561,3.9487985477883147,4,9.3699951171875,1.2579175565568788,Normal Volume
2022-04-04,381.8166809082031,383.3033447265625,357.510009765625,363.1266784667969,82035900,2022,18.69000244140625,5.611341298759176,4.001868856503637,4,25.7933349609375,5.556371221458055,Normal Volume
2022-04-05,363.7533264160156,384.2900085449219,362.4333190917969,378.76666259765625,80075100,2022,-15.013336181640625,-4.730897154420111,4.029794296601339,4,21.856689453125,1.4582450074632842,Normal Volume
2022-04-06,348.586669921875,359.6666564941406,342.5666809082031,357.8233337402344,89348400,2022,-9.236663818359375,-4.169489429436835,3.865252127173365,4,17.0999755859375,0.5151488402498731,Normal Volume
2022-04-07,352.4200134277344,358.86334228515625,340.5133361816406,350.7966613769531,79447200,2022,1.62335205078125,1.0996816105212748,3.8021499734040654,4,18.350006103515625,2.299531836061281,Normal Volume
2022-04-08,341.8299865722656,349.4800109863281,340.8133239746094,347.7366638183594,55013700,2022,-5.90667724609375,-3.004944796541842,3.8715564988799525,4,8.66668701171875,0.5013412013636243,Normal Volume
2022-04-11,325.3099975585937,336.1566772460937,324.8800048828125,326.79998779296875,59357100,2022,-1.4899902343750568,-4.832808607380468,3.7978143628966268,4,11.276672363281193,2.8631241746105895,Normal Volume
2022-04-12,328.9833374023437,340.39666748046875,325.5333251953125,332.5466613769531,65976000,2022,-3.563323974609432,1.1291813566499442,3.7934181960803257,4,14.86334228515625,2.3605728203710252,Normal Volume
2022-04-13,340.7900085449219,342.0799865722656,324.3666687011719,327.02667236328125,55121100,2022,13.763336181640625,3.5888356035912894,3.8283106021026008,4,17.71331787109375,4.603084543594117,Normal Volume
2022-04-14,328.3333435058594,337.57000732421875,327.39666748046875,333.0966796875,58422300,2022,-4.763336181640625,-3.655231880843268,3.787299033805772,4,10.17333984375,1.3429517342879174,Normal Volume
2022-04-18,334.7633361816406,338.3066711425781,324.4700012207031,329.6766662597656,51715200,2022,5.086669921875,1.9583733431163042,3.7926151691688186,4,13.836669921875,2.617717832663525,Normal Volume
2022-04-19,342.7166748046875,344.9800109863281,331.77667236328125,335.0199890136719,49847700,2022,7.696685791015625,2.3758093445249484,3.6982440078895986,4,13.203338623046875,2.9729634945005596,Normal Volume
2022-04-20,325.7333374023437,344.6666564941406,325.0833435058594,343.3333435058594,70711200,2022,-17.600006103515682,-4.955503671370098,3.8346738371514664,4,19.58331298828125,0.38834357731365976,Normal Volume
2022-04-21,336.260009765625,364.0733337402344,332.1400146484375,358.24334716796875,105416400,2022,-21.98333740234375,3.2316840662455215,3.8078619952906556,4,31.933319091796875,1.6273816718031422,High Volume
2022-04-22,335.01666259765625,344.95001220703125,331.3333435058594,338.3033447265625,69696600,2022,-3.28668212890625,-0.3697576672395231,3.7702576551236895,4,13.616668701171875,1.9647064044965308,Normal Volume
2022-04-25,332.67333984375,336.2066650390625,325.1000061035156,326.3233337402344,68341200,2022,6.350006103515625,-0.6994645387893739,3.619140532428715,4,11.106658935546875,3.028692795439393,Normal Volume
2022-04-26,292.1400146484375,333.3333435058594,291.6666564941406,331.8099975585937,136133700,2022,-39.66998291015619,-12.184121881948872,4.261441832765586,4,41.66668701171875,0.45910188314825473,High Volume
2022-04-27,293.836669921875,306.0,292.4533386230469,299.52667236328125,76956300,2022,-5.69000244140625,0.5807678470473254,4.190724454174838,4,13.546661376953125,2.1611857086528734,Normal Volume
2022-04-28,292.5033264160156,300.0,273.8999938964844,299.99334716796875,124948500,2022,-7.490020751953125,-0.4537702888526063,4.110326436417917,4,26.100006103515625,0.002217659856145085,High Volume
2022-04-29,290.2533264160156,311.4666748046875,290.0,300.75,88133100,2022,-10.496673583984375,-0.7692220213591394,4.05980314602562,4,21.4666748046875,3.5633166432876147,Normal Volume
2022-05-02,300.9800109863281,302.1199951171875,282.6766662597656,286.92333984375,75781500,2022,14.056671142578125,3.6956284714332988,4.054088608176497,5,19.443328857421875,5.296416555625329,Normal Volume
2022-05-03,303.0833435058594,308.02667236328125,296.1966552734375,301.0599975585937,63709500,2022,2.023345947265682,0.6988279761963367,4.043732421507069,5,11.83001708984375,2.3140486485029186,Normal Volume
2022-05-04,317.5400085449219,318.5,295.09332275390625,301.3133239746094,81643800,2022,16.2266845703125,4.769864576468552,3.8701535610258704,5,23.40667724609375,5.703921684803719,Normal Volume
2022-05-05,291.09332275390625,315.20001220703125,285.8999938964844,313.00665283203125,92519100,2022,-21.913330078125,-8.328615317548016,4.150872260141132,5,29.300018310546875,0.7007388996862703,Normal Volume
2022-05-06,288.54998779296875,296.0,281.03668212890625,295.6666564941406,72903000,2022,-7.116668701171875,-0.8737180698190294,4.137033405593456,5,14.96331787109375,0.11274301600727879,Normal Volume
2022-05-09,262.3699951171875,281.8766784667969,260.3833312988281,278.8166809082031,90810300,2022,-16.446685791015625,-9.07294880724968,4.42673648450846,5,21.49334716796875,1.0974944356364444,Normal Volume
2022-05-10,266.67999267578125,275.1199951171875,258.0833435058594,273.10333251953125,84401700,2022,-6.42333984375,1.6427173986372612,4.1343943345519785,5,17.036651611328125,0.7384247489957034,Normal Volume
2022-05-11,244.6666717529297,269.92333984375,242.3999938964844,265.0,97224600,2022,-20.333328247070312,-8.254582843646041,4.329980874490548,5,27.523345947265597,1.8578640919811322,High Volume
2022-05-12,242.6666717529297,253.22000122070312,226.6666717529297,233.6666717529297,140313000,2022,9.0,-0.8174386751047313,4.328531593491549,5,26.553329467773438,8.368043812618852,High Volume
2022-05-13,256.5299987792969,262.45001220703125,250.52333068847656,257.82666015625,92150700,2022,-1.296661376953125,5.712909369145702,4.510919895513109,5,11.926681518554688,1.7932016991491,Normal Volume
2022-05-16,241.4566650390625,256.586669921875,239.69667053222656,255.72000122070312,86098500,2022,-14.263336181640625,-5.875856161837268,4.584660329554409,5,16.889999389648438,0.3389131460326731,Normal Volume
2022-05-17,253.8699951171875,254.82666015625,242.9499969482422,249.1199951171875,80236200,2022,4.75,5.141017778952928,4.561197245760232,5,11.876663208007812,2.2907294279522006,Normal Volume
2022-05-18,236.60333251953125,253.5,233.60333251953125,248.17333984375,87811800,2022,-11.57000732421875,-6.801379812405905,4.630855971096177,5,19.89666748046875,2.1463466460997247,Normal Volume
2022-05-19,236.47332763671875,244.6666717529297,231.3699951171875,235.6666717529297,90296700,2022,0.8066558837890625,-0.054946344765349764,4.6042979958599535,5,13.296676635742188,3.818953241481468,Normal Volume
2022-05-20,221.3000030517578,240.52667236328125,211.0,237.9966735839844,144973200,2022,-16.69667053222659,-6.416505716141863,4.679886156898715,5,29.52667236328125,1.063039554796155,High Volume
2022-05-23,224.96665954589844,226.65333557128903,212.6866607666016,218.33999633789065,88903500,2022,6.626663208007784,1.656871415985961,4.703121169668292,5,13.966674804687443,3.8075200938142024,Normal Volume
2022-05-24,209.3866729736328,217.97332763671875,206.85667419433597,217.8433380126953,89092500,2022,-8.4566650390625,-6.925464690507588,4.772721362731773,5,11.116653442382784,0.05967114955604567,Normal Volume
2022-05-25,219.6000061035156,223.10667419433597,207.6699981689453,207.9499969482422,92139300,2022,11.650009155273409,4.877737911795799,4.88740014016731,5,15.436676025390653,7.288616238771192,Normal Volume
2022-05-26,235.91000366210935,239.55667114257807,217.8866729736328,220.47332763671875,106003200,2022,15.436676025390597,7.427138936829314,5.064633929047429,5,21.669998168945256,8.655624564846946,High Volume
2022-05-27,253.2100067138672,253.26666259765625,240.1766662597656,241.0833282470703,89295000,2022,12.126678466796875,7.3333062537426,5.266158815876706,5,13.089996337890653,5.053578129674752,Normal Volume
2022-05-31,252.7533264160156,259.6000061035156,244.7433319091797,257.9466552734375,101914500,2022,-5.193328857421903,-0.1803563389055407,5.243005232258556,5,14.856674194335938,0.6409661828433026,High Volume
2022-06-01,246.7899932861328,257.32666015625,243.63999938964844,251.72000122070312,77247900,2022,-4.9300079345703125,-2.359349020027346,5.215419276119318,6,13.686660766601562,2.2273394678045735,Normal Volume
2022-06-02,258.3333435058594,264.2099914550781,242.0666656494141,244.1566619873047,93473100,2022,14.176681518554688,4.677398003874078,5.256942130322761,6,22.143325805664034,8.213304238577829,Normal Volume
2022-06-03,234.51666259765625,247.79666137695312,233.4166717529297,243.22666931152344,112393800,2022,-8.710006713867188,-9.219359988526964,5.42995714434521,6,14.379989624023438,1.8789025390864789,High Volume
2022-06-06,238.27999877929688,244.86666870117188,234.3500061035156,244.35333251953125,84204600,2022,-6.073333740234375,1.60472016783606,5.4503904143048585,6,10.516662597656278,0.21007946826327564,Normal Volume
2022-06-07,238.8866729736328,239.9966735839844,230.0933380126953,234.0,72808500,2022,4.8866729736328125,0.25460558898939833,5.454879059376755,6,9.903335571289091,2.562681018796754,Normal Volume
2022-06-08,241.86666870117188,249.9633331298828,239.1766662597656,240.086669921875,76210500,2022,1.779998779296875,1.2474516432601446,5.036206274235488,6,10.786666870117216,4.113790745326141,Normal Volume
2022-06-09,239.7066650390625,255.54666137695312,239.32666015625,249.33999633789065,96491400,2022,-9.633331298828153,-0.8930555308462429,5.032459304116164,6,16.220001220703125,2.489237639456596,Normal Volume
2022-06-10,232.22999572753903,239.5,227.913330078125,235.1566619873047,97536600,2022,-2.9266662597656534,-3.1190911234383334,5.054147859464274,6,11.586669921875,1.84699764658583,High Volume
2022-06-13,215.73666381835935,226.63333129882807,214.68333435058597,223.1666717529297,102767400,2022,-7.430007934570341,-7.102153990705961,5.190125291651455,6,11.949996948242102,1.5533948320636148,High Volume
2022-06-14,220.88999938964844,226.3300018310547,211.73666381835935,218.2866668701172,97988700,2022,2.60333251953125,2.3887157055640706,5.156012437544192,6,14.593338012695341,3.6847577895004315,High Volume
2022-06-15,233.0,235.663330078125,218.1499938964844,220.9166717529297,119131800,2022,12.083328247070312,5.482367080362738,5.279501430169108,6,17.513336181640597,6.675212969751682,High Volume
2022-06-16,213.1000061035156,225.1666717529297,208.69332885742188,222.73666381835935,107390700,2022,-9.63665771484375,-8.540769912654255,5.3595445692622485,6,16.473342895507812,1.0909779705383396,High Volume
2022-06-17,216.75999450683597,220.97000122070312,213.19667053222656,213.43333435058597,92641800,2022,3.32666015625,1.7174980283869656,5.20920226066418,6,7.7733306884765625,3.5311573485224277,Normal Volume
2022-06-21,237.0366668701172,243.57666015625,224.3333282470703,224.60333251953125,122793000,2022,12.433334350585938,9.354434802147837,5.5319549251281455,6,19.243331909179688,8.447482690431073,High Volume
2022-06-22,236.086669921875,246.8333282470703,233.82666015625,234.5033264160156,101107500,2022,1.5833435058594034,-0.40078058841535036,5.290025960134211,6,13.006668090820312,5.2579219320671555,High Volume
2022-06-23,235.07000732421875,239.3166656494141,228.6366729736328,237.9066619873047,104202600,2022,-2.8366546630859375,-0.43063108899484837,5.278453383485511,6,10.679992675781278,0.5926709451224383,High Volume
2022-06-24,245.7066650390625,246.0666656494141,236.086669921875,237.47000122070312,95770800,2022,8.236663818359375,4.524889345059324,5.126495196871108,6,9.979995727539091,3.62010543837968,Normal Volume
2022-06-27,244.9199981689453,252.07000732421875,242.5666656494141,249.36666870117188,89178300,2022,-4.4466705322265625,-0.32016505127857586,5.1240889461341474,6,9.503341674804659,1.0840817809081038,Normal Volume
2022-06-28,232.663330078125,249.97000122070312,232.3433380126953,244.48333740234372,90391200,2022,-11.820007324218722,-5.00435578248114,5.097029977137699,6,17.626663208007812,2.2441872221868673,Normal Volume
2022-06-29,228.4900054931641,231.17333984375,222.27333068847656,230.5,82897200,2022,-2.009994506835909,-1.79371823809088,4.993681871563774,6,8.900009155273438,0.2921214072668113,Normal Volume
2022-06-30,224.47332763671875,229.4566650390625,218.8633270263672,224.50999450683597,94600500,2022,-0.03666687011721592,-1.7579227799377484,4.903836431634287,6,10.593338012695312,2.2033186286839963,Normal Volume
2022-07-01,227.26333618164065,230.22999572753903,222.1199951171875,227.0,74460300,2022,0.2633361816406534,1.242913166698001,4.7532731174222596,7,8.110000610351534,1.4229056068453894,Normal Volume
2022-07-05,233.0666656494141,233.14666748046875,216.1666717529297,223.0,84581100,2022,10.066665649414091,2.5535704813974602,4.7764946972470055,7,16.979995727539062,4.550075103349215,Normal Volume
2022-07-06,231.73333740234372,234.56333923339844,227.1866607666016,230.77999877929688,71853600,2022,0.9533386230468466,-0.5720802000385605,4.619735855679609,7,7.376678466796847,1.639371034800856,Normal Volume
2022-07-07,244.5433349609375,245.3633270263672,232.2100067138672,233.9199981689453,81930600,2022,10.623336791992188,5.52790448805931,4.713284280404626,7,13.1533203125,4.89198398896921,Normal Volume
2022-07-08,250.76333618164065,254.97999572753903,241.16000366210935,242.3333282470703,101854200,2022,8.430007934570341,2.543516968760051,4.51982352361319,7,13.819992065429688,5.218707460483869,High Volume
2022-07-11,234.3433380126953,253.06333923339844,233.6266632080078,252.10333251953125,99241200,2022,-17.759994506835938,-6.548005948146862,4.635741517433521,7,19.436676025390625,0.38079889871856915,High Volume
2022-07-12,233.07000732421875,239.77333068847656,228.3699951171875,236.8466644287109,87930900,2022,-3.776657104492159,-0.5433611636988744,4.438661463503783,7,11.403335571289062,1.2356797453005965,Normal Volume
2022-07-13,237.0399932861328,242.05999755859372,225.0333404541016,225.5,97954500,2022,11.539993286132812,1.7033448479672808,4.234681556330088,7,17.02665710449213,7.343679626870831,High Volume
2022-07-14,238.31333923339844,238.65333557128903,229.3333282470703,234.89666748046875,78557400,2022,3.4166717529296875,0.5371861218914864,4.23642540227518,7,9.320007324218722,1.5992853926429775,Normal Volume
2022-07-15,240.0666656494141,243.6233367919922,236.88999938964844,240.0,69683100,2022,0.06666564941409092,0.7357231540860099,4.21735564335402,7,6.73333740234375,1.5097236633300781,Normal Volume
2022-07-18,240.54666137695312,250.51666259765625,239.60333251953125,244.9366607666016,82537500,2022,-4.389999389648466,0.1999426810217919,4.124132938038132,7,10.913330078125,2.278140729766788,Normal Volume
2022-07-19,245.52999877929688,247.13999938964844,236.97666931152344,245.0,80890200,2022,0.529998779296875,2.0716718219316865,3.768169793383781,7,10.163330078125,0.8734691386320153,Normal Volume
2022-07-20,247.5,250.663330078125,243.48333740234372,246.7833404541016,88864200,2022,0.7166595458984091,0.8023464466653252,3.76085859809805,7,7.179992675781278,1.5722251011287511,Normal Volume
2022-07-21,271.7066650390625,273.26666259765625,254.86666870117188,255.10667419433597,142032300,2022,16.599990844726534,9.78047072285353,4.148215273731964,7,18.399993896484375,7.118586160347302,High Volume
2022-07-22,272.24334716796875,280.78668212890625,270.7133178710937,276.2200012207031,103472700,2022,-3.976654052734375,0.19752262198982073,4.146233107313211,7,10.073364257812557,1.653276695395527,High Volume
2022-07-25,268.4333190917969,274.14666748046875,267.3999938964844,272.2166748046875,64073400,2022,-3.783355712890625,-1.3994935471540293,4.153032916970858,7,6.746673583984375,0.7089913493234751,Normal Volume
2022-07-26,258.8599853515625,267.3099975585937,256.2633361816406,266.5133361816406,66820800,2022,-7.653350830078125,-3.5663731211253102,4.167107850836507,7,11.046661376953068,0.2989198921025506,Normal Volume
2022-07-27,274.82000732421875,275.9266662597656,261.7900085449219,263.8099975585937,88110000,2022,11.010009765625057,6.1655036992220635,4.040508369860674,7,14.13665771484375,4.592952811987632,Normal Volume
2022-07-28,280.8999938964844,283.29998779296875,272.79998779296875,280.0666809082031,84723000,2022,0.83331298828125,2.212352234272652,4.038377929019863,7,10.5,1.1544775245240255,Normal Volume
2022-07-29,297.1499938964844,298.32000732421875,279.1000061035156,280.70001220703125,95313000,2022,16.449981689453125,5.784976985791013,4.050622913063666,7,19.220001220703125,6.277162219783522,Normal Volume
2022-08-01,297.27667236328125,311.8766784667969,295.0,301.27667236328125,117042900,2022,-4.0,0.04263115241422977,3.6440642488370916,8,16.876678466796875,3.5183627130394197,High Volume
2022-08-02,300.586669921875,307.8333435058594,292.6666564941406,294.0033264160156,95577600,2022,6.583343505859375,1.1134400598203698,3.6426531470690593,8,15.16668701171875,4.7040342224816305,Normal Volume
2022-08-03,307.39666748046875,309.54998779296875,301.1499938964844,305.0,80091000,2022,2.39666748046875,2.265568716125621,3.307134830733336,8,8.399993896484375,1.4917992763831969,Normal Volume
2022-08-04,308.6333312988281,313.6066589355469,305.0,311.0,72256200,2022,-2.366668701171875,0.40230228534861023,3.2992970109503617,8,8.606658935546875,0.838153998568127,Normal Volume
2022-08-05,288.1700134277344,304.6066589355469,285.5433349609375,302.6700134277344,113172900,2022,-14.5,-6.63030068235908,3.571618840086384,8,19.063323974609375,0.6398537753641375,High Volume
2022-08-08,290.42333984375,305.20001220703125,289.086669921875,295.0,98994000,2022,-4.57666015625,0.7819434052879659,3.4995798924709365,8,16.11334228515625,3.4576312566207625,High Volume
2022-08-09,283.3333435058594,292.39666748046875,279.35333251953125,290.2933349609375,86244600,2022,-6.959991455078125,-2.4412625864385085,3.5403688736831755,8,13.0433349609375,0.7245541892356153,Normal Volume
2022-08-10,294.3566589355469,297.510009765625,283.3699951171875,297.0666809082031,94918800,2022,-2.71002197265625,3.890581776676605,3.4301804998341274,8,14.1400146484375,0.14923546998489154,Normal Volume
2022-08-11,286.6300048828125,298.2366638183594,285.8333435058594,296.5133361816406,70155000,2022,-9.883331298828125,-2.6249292544206493,3.455480125493241,8,12.4033203125,0.5811973447504768,Normal Volume
2022-08-12,300.0299987792969,300.1600036621094,285.0333251953125,289.4166564941406,79657200,2022,10.61334228515625,4.675014362841368,3.489694191297401,8,15.126678466796875,3.7120694082050023,Normal Volume
2022-08-15,309.32000732421875,313.1333312988281,301.2300109863281,301.78668212890625,89359200,2022,7.5333251953125,3.096359891583922,3.5099387567242495,8,11.9033203125,3.759824353373959,Normal Volume
2022-08-16,306.5633239746094,314.6666564941406,302.8833312988281,311.6666564941406,88136400,2022,-5.10333251953125,-0.8912075793144236,3.5168136184472045,8,11.7833251953125,0.9625668763371228,Normal Volume
2022-08-17,303.9966735839844,309.6566772460937,300.0333251953125,303.39666748046875,68766000,2022,0.600006103515625,-0.8372333511224461,3.521171780812349,8,9.623352050781193,2.0633086769247173,Normal Volume
2022-08-18,302.8699951171875,306.5,301.85333251953125,306.0,47500500,2022,-3.1300048828125,-0.37062197211366055,3.4210479159684164,8,4.64666748046875,0.16339869281045752,Normal Volume
2022-08-19,296.6666564941406,300.3599853515625,292.5,299.0,61395300,2022,-2.333343505859375,-2.0481852686155544,3.441695140506493,8,7.8599853515625,0.4548445991847826,Normal Volume
2022-08-22,289.913330078125,292.3999938964844,286.2966613769531,291.913330078125,55843200,2022,-2.0,-2.2764022407583906,3.2159371511018606,8,6.10333251953125,0.16671517475037156,Normal Volume
2022-08-23,296.4533386230469,298.82666015625,287.92333984375,291.4533386230469,63984900,2022,5.0,2.25584954757323,3.2173957297150095,8,10.9033203125,2.529846310231999,Normal Volume
2022-08-24,297.0966796875,303.64666748046875,296.5,297.5633239746094,57259800,2022,-0.466644287109375,0.2170125887066332,3.2153136509716758,8,7.14666748046875,2.0443861913501333,Normal Volume
2022-08-25,296.07000732421875,302.9599914550781,291.6000061035156,302.3599853515625,53230000,2022,-6.28997802734375,-0.3455684406709514,3.22187926963225,8,11.3599853515625,0.198440975189882,Normal Volume
2022-08-26,288.0899963378906,302.0,287.4700012207031,297.42999267578125,57163900,2022,-9.339996337890625,-2.6953121859416895,3.2836376108235728,8,14.529998779296875,1.536498482585906,Normal Volume
2022-08-29,284.82000732421875,287.739990234375,280.70001220703125,282.8299865722656,41864700,2022,1.990020751953125,-1.135058160727187,3.2991102341551715,8,7.03997802734375,1.7360265513624469,Normal Volume
2022-08-30,277.70001220703125,288.4800109863281,272.6499938964844,287.8699951171875,50541800,2022,-10.16998291015625,-2.49982267189629,3.33495912354234,8,15.83001708984375,0.21190672160615306,Normal Volume
2022-08-31,275.6099853515625,281.25,271.8099975585937,280.6199951171875,52107300,2022,-5.010009765625,-0.7526203685978228,3.3415974188695197,8,9.440002441406307,0.22450463038081397,Normal Volume
2022-09-01,277.1600036621094,277.5799865722656,266.1499938964844,272.5799865722656,54287000,2022,4.58001708984375,0.5623955563764049,2.836025982031114,9,11.42999267578125,1.8343239585839566,Normal Volume
2022-09-02,270.2099914550781,282.3500061035156,269.0799865722656,281.07000732421875,50890100,2022,-10.860015869140625,-2.507581222110289,2.87570794582675,9,13.27001953125,0.4554021225823558,Normal Volume
2022-09-06,274.4200134277344,275.989990234375,265.739990234375,272.67999267578125,55860000,2022,1.740020751953125,1.5580556255471167,2.8762465918074027,9,10.25,1.2138762092932005,Normal Volume
2022-09-07,283.70001220703125,283.8399963378906,272.2699890136719,273.1000061035156,50028900,2022,10.600006103515625,3.381677109982606,2.8493374412023296,9,11.57000732421875,3.9326217482046197,Normal Volume
2022-09-08,289.260009765625,289.5,279.760009765625,281.29998779296875,53713100,2022,7.96002197265625,1.959815762903916,2.6495454460668637,9,9.739990234375,2.9150417927022088,Normal Volume
2022-09-09,299.67999267578125,299.8500061035156,291.25,291.6700134277344,54338100,2022,8.009979248046875,3.602289482946186,2.6975782516771645,9,8.600006103515625,2.8045367364471856,Normal Volume
2022-09-12,304.4200134277344,305.489990234375,300.3999938964844,300.7200012207031,48674600,2022,3.70001220703125,1.581694096302666,2.5023362696690645,9,5.089996337890625,1.586189476692342,Normal Volume
2022-09-13,292.1300048828125,297.3999938964844,290.3999938964844,292.8999938964844,68229600,2022,-0.769989013671875,-4.037188096320543,2.6145285039893547,9,7.0,1.5363605646200091,Normal Volume
2022-09-14,302.6099853515625,306.0,291.6400146484375,292.239990234375,72628700,2022,10.3699951171875,3.587437200418364,2.6896130850370525,9,14.3599853515625,4.7084622999711785,Normal Volume
2022-09-15,303.75,309.1199951171875,300.7200012207031,301.8299865722656,64795500,2022,1.920013427734375,0.3767273730617582,2.658064600014274,9,8.399993896484375,2.415269810568164,Normal Volume
2022-09-16,303.3500061035156,303.7099914550781,295.6000061035156,299.6099853515625,87087800,2022,3.740020751953125,-0.13168523341049454,2.6570275137574773,9,8.1099853515625,1.3684477500656982,Normal Volume
2022-09-19,309.07000732421875,309.8399963378906,297.79998779296875,300.0899963378906,60231200,2022,8.980010986328125,1.8856110452001085,2.365759260950841,9,12.040008544921875,3.2490253320613354,Normal Volume
2022-09-20,308.7300109863281,313.3299865722656,305.5799865722656,306.9100036621094,61642800,2022,1.82000732421875,-0.11000625419275156,2.3645857531672547,9,7.75,2.091812855088389,Normal Volume
2022-09-21,300.79998779296875,313.79998779296875,300.6300048828125,308.2900085449219,62555700,2022,-7.490020751953125,-2.5685948599634356,2.3696564278410692,9,13.16998291015625,1.7872714312257703,Normal Volume
2022-09-22,288.5899963378906,301.2900085449219,285.82000732421875,299.8599853515625,70545400,2022,-11.269989013671875,-4.059172855911775,2.3902071025486156,9,15.470001220703125,0.47689697299317346,Normal Volume
2022-09-23,275.3299865722656,284.5,272.82000732421875,283.0899963378906,63748400,2022,-7.760009765625,-4.594757245188685,2.48873756433368,9,11.67999267578125,0.4980761172593406,Normal Volume
2022-09-26,276.010009765625,284.0899963378906,270.3099975585937,271.8299865722656,58076900,2022,4.180023193359375,0.24698479153155706,2.3211986903232895,9,13.779998779296932,4.510175613890815,Normal Volume
2022-09-27,282.94000244140625,288.6700134277344,277.510009765625,283.8399963378906,61925200,2022,-0.899993896484375,2.510775852537339,2.2943810585438515,9,11.160003662109375,1.7016689515786105,Normal Volume
2022-09-28,287.8099975585937,289.0,277.57000732421875,283.0799865722656,54664800,2022,4.730010986328068,1.7212112374233701,2.319474695852629,9,11.42999267578125,2.091286459144682,Normal Volume
2022-09-29,268.2099914550781,283.6499938964844,265.7799987792969,282.760009765625,77620600,2022,-14.550018310546875,-6.810050474193585,2.61498795097721,9,17.8699951171875,0.31474893907277335,Normal Volume
2022-09-30,265.25,275.57000732421875,262.4700012207031,266.1499938964844,67726600,2022,-0.899993896484375,-1.1036096899372572,2.618288891522137,9,13.100006103515625,3.53936263150852,Normal Volume
2022-10-03,242.3999938964844,255.16000366210935,241.00999450683597,254.5,98363500,2022,-12.100006103515597,-8.614516909902203,3.0059273177917647,10,14.15000915527338,0.2593334625184073,High Volume
2022-10-04,249.44000244140625,257.5,242.00999450683597,250.5200042724609,109578500,2022,-1.080001831054659,2.9042940273044104,3.0562645868604434,10,15.490005493164034,2.786202941281997,High Volume
2022-10-05,240.80999755859372,246.6699981689453,233.2700042724609,245.00999450683597,86982700,2022,-4.199996948242244,-3.4597517632881436,3.0596740949963643,10,13.399993896484403,0.6775248762609278,Normal Volume
2022-10-06,238.1300048828125,244.5800018310547,235.3500061035156,239.44000244140625,69298400,2022,-1.30999755859375,-1.112907563204113,3.056396971526749,10,9.229995727539091,2.1466752995486855,Normal Volume
2022-10-07,223.07000732421875,234.57000732421875,222.0200042724609,233.94000244140625,83916800,2022,-10.8699951171875,-6.324275500689214,3.223600945183669,10,12.550003051757841,0.2693019048635319,Normal Volume
2022-10-10,222.9600067138672,226.9900054931641,218.3600006103516,223.92999267578125,67925000,2022,-0.9699859619140625,-0.04931214719139376,3.2086078637709345,10,8.6300048828125,1.3665042278696913,Normal Volume
2022-10-11,216.5,225.75,215.0,220.9499969482422,77013200,2022,-4.4499969482421875,-2.897383620084637,3.2310132003786824,10,10.75,2.1724386141911642,Normal Volume
2022-10-12,217.2400054931641,219.3000030517578,211.50999450683597,215.3300018310547,66860700,2022,1.9100036621094034,0.3418039229395431,3.222878515970276,10,7.790008544921847,1.8436823419608475,Normal Volume
2022-10-13,221.72000122070312,222.9900054931641,206.22000122070312,208.3000030517578,91483000,2022,13.419998168945312,2.062233296932958,3.2639272023940644,10,16.770004272460966,7.052329441280011,Normal Volume
2022-10-14,204.9900054931641,226.25999450683597,204.16000366210935,224.00999450683597,94124500,2022,-19.019989013671875,-7.545550981161043,3.486465002066421,10,22.09999084472662,1.0044194701907991,Normal Volume
2022-10-17,219.3500061035156,221.8600006103516,209.4499969482422,210.0399932861328,79428800,2022,9.310012817382784,7.005219876844371,3.7607964404174488,10,12.410003662109403,5.62750319084073,Normal Volume
2022-10-18,220.19000244140625,229.82000732421875,217.25,229.5,75891900,2022,-9.30999755859375,0.3829479437052141,3.743374720956423,10,12.57000732421875,0.13943674257897604,Normal Volume
2022-10-19,222.0399932861328,222.92999267578125,217.77999877929688,219.8000030517578,66571500,2022,2.239990234375,0.8401793106927569,3.676867686548653,10,5.149993896484375,1.4240170976186917,Normal Volume
2022-10-20,207.27999877929688,215.5500030517578,202.0,208.27999877929688,117798100,2022,-1.0,-6.64744863679374,3.7923722499892456,10,13.550003051757812,3.4904956381167307,High Volume
2022-10-21,214.44000244140625,214.66000366210935,203.8000030517578,206.4199981689453,75713800,2022,8.020004272460938,3.454266549727758,3.7862236159942806,10,10.860000610351534,3.9918639503232467,Normal Volume
2022-10-24,211.25,213.5,198.58999633789065,205.82000732421875,100446800,2022,5.42999267578125,-1.4875967194030837,3.754305257132157,10,14.910003662109347,3.7314121088739984,High Volume
2022-10-25,222.4199981689453,224.3500061035156,210.0,210.1000061035156,96507900,2022,12.319992065429716,5.287573097725584,3.889828752301925,10,14.350006103515597,6.782484334140891,Normal Volume
2022-10-26,224.63999938964844,230.6000061035156,218.1999969482422,219.3999938964844,85012500,2022,5.240005493164034,0.9981122376490958,3.816458934771844,10,12.400009155273409,5.104837064086472,Normal Volume
2022-10-27,225.08999633789065,233.80999755859372,222.8500061035156,229.7700042724609,61638800,2022,-4.680007934570256,0.20031915485436702,3.814532884148343,10,10.959991455078125,1.7582770644605963,Normal Volume
2022-10-28,228.5200042724609,228.8600006103516,216.3500061035156,225.3999938964844,69152400,2022,3.1200103759765057,1.523838460338034,3.83826922009454,10,12.509994506835994,1.5350518223421983,Normal Volume
2022-10-31,227.5399932861328,229.8500061035156,221.94000244140625,226.19000244140625,61554300,2022,1.3499908447265625,-0.42885129004270883,3.804136046141355,10,7.910003662109347,1.618110271278439,Normal Volume
2022-11-01,227.82000732421875,237.3999938964844,227.27999877929688,234.0500030517578,62688800,2022,-6.2299957275390625,0.12306146011606955,3.806136436031138,11,10.119995117187528,1.4313141640873102,Normal Volume
2022-11-02,214.97999572753903,227.8699951171875,214.82000732421875,226.0399932861328,63070300,2022,-11.059997558593778,-5.636033352596037,3.891726789528357,11,13.04998779296875,0.8095920568968425,Normal Volume
2022-11-03,215.30999755859372,221.1999969482422,210.13999938964844,211.3600006103516,56538800,2022,3.9499969482421307,0.15350350619269815,3.8548187509364973,11,11.05999755859375,4.6555622206071625,Normal Volume
2022-11-04,207.47000122070312,223.8000030517578,203.0800018310547,222.6000061035156,98622200,2022,-15.130004882812472,-3.64125977743186,3.82712350180226,11,20.720001220703125,0.5390821722099063,High Volume
2022-11-07,197.0800018310547,208.8999938964844,196.66000366210935,208.6499938964844,93916500,2022,-11.569992065429716,-5.007952633400592,3.894063238214566,11,12.239990234375057,0.11981788033218453,Normal Volume
2022-11-08,191.3000030517578,195.1999969482422,186.75,194.0200042724609,128803400,2022,-2.7200012207030966,-2.932818513088775,3.8493814008609473,11,8.449996948242188,0.6081809348505235,High Volume
2022-11-09,177.58999633789062,195.88999938964844,177.1199951171875,190.77999877929688,127062700,2022,-13.19000244140625,-7.166757185130745,3.955505439556195,11,18.770004272460938,2.6784781649270517,High Volume
2022-11-10,190.72000122070312,191.0,180.02999877929688,189.8999938964844,132703000,2022,0.8200073242187216,7.393437216942544,4.1458915743908,11,10.970001220703125,0.5792554707059213,High Volume
2022-11-11,195.97000122070312,196.5200042724609,182.58999633789065,186.0,114403600,2022,9.970001220703125,2.7527264924482875,4.203433451918567,11,13.930007934570256,5.655916275516618,High Volume
2022-11-14,190.9499969482422,195.72999572753903,186.33999633789065,192.7700042724609,92226600,2022,-1.8200073242187216,-2.561618738169713,3.9594326879295028,11,9.38999938964838,1.535504170500757,Normal Volume
2022-11-15,194.4199981689453,200.82000732421875,192.05999755859372,195.8800048828125,91293800,2022,-1.4600067138671875,1.8172303095892017,3.9300247237611226,11,8.760009765625028,2.5219533991545813,Normal Volume
2022-11-16,186.9199981689453,192.57000732421875,185.66000366210935,191.50999450683597,66567600,2022,-4.589996337890653,-3.857627852399581,3.9401355750213094,11,6.910003662109403,0.5535026096744767,Normal Volume
2022-11-17,183.1699981689453,186.16000366210935,180.8999938964844,183.9600067138672,64336000,2022,-0.790008544921875,-2.0062058831236462,3.9462233516863945,11,5.260009765624943,1.195910452245227,Normal Volume
2022-11-18,180.19000244140625,185.19000244140625,176.5500030517578,185.0500030517578,76048900,2022,-4.8600006103515625,-1.6269016527425406,3.8101166304198455,11,8.639999389648438,0.07565489723838599,Normal Volume
2022-11-21,167.8699951171875,176.77000427246094,167.5399932861328,175.85000610351562,92882700,2022,-7.980010986328125,-6.837231343190053,3.972027603792995,11,9.230010986328125,0.5231720995242659,Normal Volume
2022-11-22,169.91000366210938,170.9199981689453,166.19000244140625,168.6300048828125,78452300,2022,1.279998779296875,1.215231193339683,3.970428003941403,11,4.7299957275390625,1.3579987071246409,Normal Volume
2022-11-23,183.1999969482422,183.6199951171875,172.5,173.57000732421875,109536700,2022,9.629989624023438,7.821783885404354,4.263922728186191,11,11.1199951171875,5.790163835273656,High Volume
2022-11-25,182.8600006103516,185.1999969482422,180.6300048828125,185.05999755859372,50672700,2022,-2.1999969482421307,-0.18558752377416665,4.237405450819661,11,4.5699920654296875,0.07565081135599783,Normal Volume
2022-11-28,182.9199981689453,188.5,179.0,179.9600067138672,92905200,2022,2.959991455078125,0.03281065207998424,4.0268522021161575,11,9.5,4.745495091979648,Normal Volume
2022-11-29,180.8300018310547,186.3800048828125,178.75,184.9900054931641,83357100,2022,-4.160003662109403,-1.1425739989130657,3.7845861154121674,11,7.6300048828125,0.751391614883634,Normal Volume
2022-11-30,194.6999969482422,194.75999450683597,180.6300048828125,182.42999267578125,109186400,2022,12.270004272460938,7.670184691003823,4.071032290252519,11,14.129989624023466,6.75875805847774,High Volume
2022-12-01,194.6999969482422,198.9199981689453,191.8000030517578,197.0800018310547,80046200,2022,-2.3800048828125,0.0,4.0655951776429715,12,7.1199951171875,0.9336291459282346,Normal Volume
2022-12-02,194.8600006103516,196.25,191.1100006103516,191.77999877929688,73645900,2022,3.080001831054716,0.08217959148295595,3.888364408368126,12,5.139999389648409,2.3307963547581756,Normal Volume
2022-12-05,182.4499969482422,191.2700042724609,180.5500030517578,189.44000244140625,93122700,2022,-6.9900054931640625,-6.368676805520934,3.9881678132492406,12,10.720001220703097,0.9660060216799662,Normal Volume
2022-12-06,179.82000732421875,183.6499938964844,175.3300018310547,181.22000122070312,92150800,2022,-1.399993896484375,-1.441485156488942,3.987767192123753,12,8.319992065429716,1.3409075485116313,Normal Volume
2022-12-07,174.0399932861328,179.3800048828125,172.22000122070312,175.02999877929688,84213300,2022,-0.9900054931640625,-3.2143331123685615,3.8655235861370314,12,7.160003662109375,2.4852917407608177,Normal Volume
2022-12-08,173.44000244140625,175.1999969482422,169.05999755859375,172.1999969482422,97624500,2022,1.2400054931640625,-0.3447430865732959,3.852426865505695,12,6.1399993896484375,1.7421603096205072,High Volume
2022-12-09,179.0500030517578,182.5,173.36000061035156,173.83999633789062,104872300,2022,5.2100067138671875,3.23454827685834,3.918508849947494,12,9.139999389648438,4.98159448029269,High Volume
2022-12-12,167.82000732421875,177.3699951171875,167.52000427246094,176.10000610351562,109794500,2022,-8.279998779296875,-6.27198857086465,4.023982521936972,12,9.849990844726562,0.7211748833928752,High Volume
2022-12-13,160.9499969482422,175.0500030517578,156.91000366210938,174.8699951171875,175862700,2022,-13.919998168945312,-4.093677795344208,4.063183518047242,12,18.139999389648438,0.10293814810807414,High Volume
2022-12-14,156.8000030517578,161.6199951171875,155.30999755859375,159.25,140682300,2022,-2.4499969482421875,-2.5784367661833008,4.065810904830848,12,6.30999755859375,1.4882229935243327,High Volume
2022-12-15,157.6699981689453,160.92999267578125,153.27999877929688,153.44000244140625,122334500,2022,4.2299957275390625,0.5548438139381551,3.9870400199418214,12,7.649993896484375,4.881380419187091,High Volume
2022-12-16,150.22999572753906,160.99000549316406,150.0399932861328,159.63999938964844,139032200,2022,-9.410003662109375,-4.718717909436521,4.039356772988394,12,10.95001220703125,0.8456565451497764,High Volume
2022-12-19,149.8699951171875,155.25,145.82000732421875,154.0,139390600,2022,-4.1300048828125,-0.239632976495896,4.013633168403035,12,9.42999267578125,0.8116883116883116,High Volume
2022-12-20,137.8000030517578,148.47000122070312,137.66000366210938,146.0500030517578,159563300,2022,-8.25,-8.053641461716088,4.154535477811703,12,10.80999755859375,1.6569655038539803,High Volume
2022-12-21,137.57000732421875,141.25999450683594,135.88999938964844,139.33999633789062,145417400,2022,-1.769989013671875,-0.1669054589590102,4.143185924094331,12,5.3699951171875,1.3779232233431664,High Volume
2022-12-22,125.3499984741211,136.6300048828125,122.26000213623048,136.0,210090300,2022,-10.650001525878906,-8.882756559936855,4.2417871069962185,12,14.370002746582017,0.46323888442095584,High Volume
2022-12-23,123.1500015258789,128.6199951171875,121.0199966430664,126.37000274658205,166989700,2022,-3.220001220703139,-1.7550833466474902,3.929946276406978,12,7.599998474121094,1.7804797987679957,High Volume
2022-12-27,109.0999984741211,119.66999816894533,108.76000213623048,117.5,208643400,2022,-8.400001525878906,-11.40885333144338,4.254506589863964,12,10.909996032714844,1.846806952293895,High Volume
2022-12-28,112.70999908447266,116.2699966430664,108.23999786376952,110.3499984741211,221070500,2022,2.3600006103515625,3.308891531476843,4.354211570744095,12,8.02999877929689,5.3647469422789795,High Volume
2022-12-29,121.81999969482422,123.56999969482422,117.5,120.38999938964844,221923300,2022,1.4300003051757812,8.08269069678893,4.665326357790463,12,6.069999694824219,2.6414156668308855,High Volume
2022-12-30,123.18000030517578,124.4800033569336,119.75,119.9499969482422,157777300,2022,3.2300033569335795,1.1164017515666869,4.664819580965771,12,4.730003356933594,3.7765790112075335,High Volume
2023-01-03,108.0999984741211,118.8000030517578,104.63999938964844,118.47000122070312,231402800,2023,-10.370002746582031,-12.242248574195735,5.0764193352906535,1,14.16000366210936,0.27855307474834745,High Volume
2023-01-04,113.63999938964844,114.58999633789062,107.5199966430664,109.11000061035156,180389000,2023,4.529998779296875,5.124885285593783,5.223419022389683,1,7.069999694824219,5.022450459980257,High Volume
2023-01-05,110.33999633789062,111.75,107.16000366210938,110.51000213623048,157986300,2023,-0.17000579833985796,-2.9039097760312105,5.130515641379655,1,4.589996337890625,1.1220684461130657,High Volume
2023-01-06,113.05999755859376,114.38999938964844,101.80999755859376,103.0,220911100,2023,10.059997558593764,2.4651090365942707,5.1563102508611,1,12.580001831054673,11.058251834610132,High Volume
2023-01-09,119.7699966430664,123.5199966430664,117.11000061035156,118.95999908447266,190284000,2023,0.80999755859375,5.934901140427806,5.052717952415324,1,6.409996032714844,3.8332192280496975,High Volume
2023-01-10,118.8499984741211,122.76000213623048,114.91999816894533,121.06999969482422,167642500,2023,-2.220001220703125,-0.7681374256751861,5.049484540091518,1,7.840003967285156,1.3958886971720315,High Volume
2023-01-11,123.22000122070312,125.9499969482422,120.51000213623048,122.08999633789062,183810800,2023,1.1300048828125,3.6769060182475055,5.125895253013004,1,5.439994812011719,3.1616026915659963,High Volume
2023-01-12,123.55999755859376,124.12999725341795,117.0,122.55999755859376,169400900,2023,1.0,0.27592625752508315,5.132772458494128,1,7.1299972534179545,1.2810049984486995,High Volume
2023-01-13,122.4000015258789,122.62999725341795,115.5999984741211,116.5500030517578,180714100,2023,5.849998474121108,-0.9388119582672938,4.8570008620374,1,7.029998779296861,5.216640105071587,High Volume
2023-01-17,131.49000549316406,131.6999969482422,125.0199966430664,125.6999969482422,186477000,2023,5.790008544921861,7.426473736900463,5.114200117755303,1,6.680000305175781,4.773269805623404,High Volume
2023-01-18,128.77999877929688,136.67999267578125,127.01000213623048,136.55999755859375,195680300,2023,-7.779998779296875,-2.0609982513142944,5.111069380471628,1,9.669990539550767,0.08786988820500947,High Volume
2023-01-19,127.16999816894533,129.99000549316406,124.30999755859376,127.26000213623048,170291900,2023,-0.09000396728515625,-1.2501946153228083,5.018616786502064,1,5.680007934570298,2.145217123296242,High Volume
2023-01-20,133.4199981689453,133.50999450683594,127.3499984741211,128.67999267578125,138858100,2023,4.7400054931640625,4.9146812062518475,5.135255446175679,1,6.159996032714844,3.753498683532128,High Volume
2023-01-23,143.75,145.3800048828125,134.27000427246094,135.8699951171875,203119200,2023,7.8800048828125,7.742468874848996,5.347237566489367,1,11.110000610351562,6.999345041134831,High Volume
2023-01-24,143.88999938964844,146.5,141.10000610351562,143.0,158699100,2023,0.8899993896484375,0.09739087975544347,5.348272321582993,1,5.399993896484375,2.4475524475524475,High Volume
2023-01-25,144.42999267578125,146.41000366210938,138.07000732421875,141.91000366210938,192734300,2023,2.519989013671875,0.3752820129427681,5.30511084122319,1,8.339996337890625,3.171023806548968,High Volume
2023-01-26,160.27000427246094,161.4199981689453,154.75999450683594,159.97000122070312,234815100,2023,0.3000030517578125,10.967259156647335,5.592571218377886,1,6.660003662109375,0.906418039118281,High Volume
2023-01-27,177.89999389648438,180.67999267578125,161.1699981689453,162.42999267578125,306590600,2023,15.470001220703125,11.000180416824756,5.8829919470834735,1,19.509994506835938,11.235609692126229,High Volume
2023-01-30,166.66000366210938,179.77000427246094,166.5,178.0500030517578,230878800,2023,-11.389999389648438,-6.318150994943417,5.989204040904609,1,13.270004272460938,0.9660214497177702,High Volume
2023-01-31,173.22000122070312,174.3000030517578,162.77999877929688,164.57000732421875,196813500,2023,8.649993896484375,3.9361558949042363,6.024349482562106,1,11.520004272460938,5.912374852344774,High Volume
2023-02-01,181.41000366210935,183.80999755859372,169.92999267578125,173.88999938964844,213806300,2023,7.520004272460909,4.728092820511631,5.989424892499711,2,13.880004882812472,5.70475484718175,High Volume
2023-02-02,188.2700042724609,196.75,182.6100006103516,187.3300018310547,217448300,2023,0.9400024414062216,3.7814897039133877,6.010172822865024,2,14.139999389648409,5.028558200432212,High Volume
2023-02-03,189.97999572753903,199.0,183.69000244140625,183.9499969482422,232662000,2023,6.029998779296847,0.9082654784473565,5.765468215034121,2,15.30999755859375,8.181572873845937,High Volume
2023-02-06,194.75999450683597,198.1699981689453,189.9199981689453,193.00999450683597,186188100,2023,1.75,2.5160537355481294,5.763717989842363,2,8.25,2.6734385829572114,High Volume
2023-02-07,196.80999755859372,197.5,189.5500030517578,196.42999267578125,186010300,2023,0.3800048828124716,1.052579127940878,5.432697902028062,2,7.9499969482421875,0.5447270600803092,High Volume
2023-02-08,201.2899932861328,203.0,194.30999755859372,196.1000061035156,180673600,2023,5.189987182617216,2.276304955598274,5.395052438760123,2,8.690002441406278,3.518609730609643,High Volume
2023-02-09,207.32000732421875,214.0,204.7700042724609,207.77999877929688,215431400,2023,-0.459991455078125,2.995684951667865,4.7861376205660635,2,9.229995727539091,2.993551476198624,High Volume
2023-02-10,196.88999938964844,206.1999969482422,192.88999938964844,202.22999572753903,204754100,2023,-5.339996337890597,-5.030873801899527,4.962893274693369,2,13.30999755859375,1.9631119540010609,High Volume
2023-02-13,194.63999938964844,196.3000030517578,187.6100006103516,194.4199981689453,172475500,2023,0.220001220703125,-1.1427700782035255,4.857440881759715,2,8.690002441406222,0.9669812264779627,High Volume
2023-02-14,209.25,209.82000732421875,189.44000244140625,191.94000244140625,216455700,2023,17.30999755859375,7.50616556523096,4.970268838301014,2,20.3800048828125,9.315413491395965,High Volume
2023-02-15,214.2400054931641,214.66000366210935,206.1100006103516,211.75999450683597,181006400,2023,2.480010986328125,2.384709913101113,4.191365247288542,2,8.550003051757756,1.369479236164111,High Volume
2023-02-16,202.0399932861328,217.6499938964844,201.83999633789065,210.77999877929688,229586500,2023,-8.740005493164062,-5.694553722096762,4.407742991776331,2,15.80999755859375,3.2593202186991896,High Volume
2023-02-17,208.30999755859372,208.44000244140625,197.5,199.9900054931641,213738500,2023,8.31999206542963,3.1033480898909005,4.311340322895762,2,10.94000244140625,4.2252096185531585,High Volume
2023-02-21,197.3699951171875,209.7100067138672,197.22000122070312,204.9900054931641,180018600,2023,-7.620010375976591,-5.2517894338359845,4.521819856865456,2,12.490005493164062,2.302551877759961,High Volume
2023-02-22,200.8600006103516,201.9900054931641,191.77999877929688,197.92999267578125,191828500,2023,2.930007934570341,1.7682553475729224,4.459444007569167,2,10.210006713867216,2.051236784529839,High Volume
2023-02-23,202.07000732421875,205.13999938964844,196.3300018310547,203.91000366210935,146360000,2023,-1.8399963378905966,0.6024129792842281,4.438854898780304,2,8.80999755859375,0.6032051912358674,High Volume
2023-02-24,196.8800048828125,197.6699981689453,192.8000030517578,196.3300018310547,142228100,2023,0.5500030517578125,-2.5684180003413215,4.497651853372082,2,4.8699951171875,0.6825224496476675,High Volume
2023-02-27,207.6300048828125,209.4199981689453,201.25999450683597,202.02999877929688,161028300,2023,5.600006103515625,5.46017865369246,4.541617964107196,2,8.160003662109347,3.65787231317141,High Volume
2023-02-28,205.7100067138672,211.22999572753903,203.75,210.58999633789065,153144900,2023,-4.879989624023466,-0.9247209573726933,4.5413210749628465,2,7.479995727539034,0.30390778326502493,High Volume
2023-03-01,202.7700042724609,207.1999969482422,198.5200042724609,206.2100067138672,156852800,2023,-3.4400024414062784,-1.4291975817664948,4.452851816381531,3,8.679992675781278,0.48008835756874313,High Volume
2023-03-02,190.8999938964844,193.75,186.00999450683597,186.7400054931641,181500700,2023,4.1599884033203125,-5.853928157947285,4.60993775130984,3,7.740005493164034,3.7538793513061783,High Volume
2023-03-03,197.7899932861328,200.47999572753903,192.8800048828125,194.8000030517578,154193300,2023,2.989990234375,3.6092192823141245,4.598173941705846,3,7.599990844726534,2.9158072827504338,High Volume
2023-03-06,193.80999755859372,198.6000061035156,192.3000030517578,198.5399932861328,128100100,2023,-4.729995727539091,-2.0122331071529165,4.599059713610428,3,6.300003051757784,0.030227067297365386,High Volume
2023-03-07,187.7100067138672,194.1999969482422,186.1000061035156,191.3800048828125,148125800,2023,-3.6699981689453125,-3.14740773002814,4.506167436117384,3,8.099990844726591,1.4735040200027427,High Volume
2023-03-08,182.0,186.5,180.0,185.0399932861328,151897800,2023,-3.0399932861328125,-3.041929843714275,4.5636908478253035,3,6.5,0.7890222475362588,High Volume
2023-03-09,172.9199981689453,185.17999267578125,172.50999450683594,180.25,170023800,2023,-7.3300018310546875,-4.989011995084991,4.687760999382287,3,12.669998168945312,2.7350860891990294,High Volume
2023-03-10,173.44000244140625,178.2899932861328,168.44000244140625,175.1300048828125,191488900,2023,-1.69000244140625,0.30071956856769777,4.268426135963735,3,9.849990844726562,1.8043672216161961,High Volume
2023-03-13,174.47999572753906,177.35000610351562,163.91000366210938,167.4600067138672,167790300,2023,7.019989013671875,0.5996271168666301,3.766512425174033,3,13.44000244140625,5.905887371990328,High Volume
2023-03-14,183.25999450683597,183.8000030517578,177.13999938964844,177.30999755859375,143717900,2023,5.949996948242216,5.0320947926932424,3.6785796426083985,3,6.660003662109375,3.6602591971833847,High Volume
2023-03-15,180.4499969482422,182.33999633789065,176.02999877929688,180.8000030517578,145995600,2023,-0.350006103515625,-1.5333393227232484,3.6316193525242566,3,6.309997558593778,0.8517661837051991,High Volume
2023-03-16,184.1300048828125,185.80999755859372,178.83999633789062,180.3699951171875,121136800,2023,3.760009765625,2.0393505108375454,3.5482420306146993,3,6.970001220703097,3.0160240553711932,High Volume
2023-03-17,180.1300048828125,186.22000122070312,177.3300018310547,184.5200042724609,133197100,2023,-4.389999389648409,-2.172378153438792,3.502043164049598,3,8.889999389648438,0.9213076679382756,High Volume
2023-03-20,183.25,186.44000244140625,176.35000610351562,178.0800018310547,129684400,2023,5.1699981689453125,1.7320796272765726,3.513335546345465,3,10.089996337890625,4.694519611630919,High Volume
2023-03-21,197.5800018310547,198.0,188.0399932861328,188.27999877929688,153391400,2023,9.300003051757812,7.8199191438224736,3.7714284980202697,3,9.960006713867188,5.162524582389114,High Volume
2023-03-22,191.1499938964844,200.66000366210935,190.9499969482422,199.3000030517578,150376400,2023,-8.150009155273409,-3.2543819591966616,3.816269064261085,3,9.710006713867159,0.6823886550560386,High Volume
2023-03-23,192.22000122070312,199.30999755859372,188.6499938964844,195.25999450683597,144193900,2023,-3.039993286132841,0.5597736638161654,3.793340197518597,3,10.660003662109318,2.0741591548165115,High Volume
2023-03-24,190.41000366210935,192.3600006103516,187.1499938964844,191.6499938964844,116312400,2023,-1.2399902343750568,-0.9416281069083876,3.750973522405406,3,5.2100067138671875,0.3704705121204868,High Volume
2023-03-27,191.80999755859372,197.38999938964844,189.94000244140625,194.4199981689453,120851600,2023,-2.610000610351591,0.7352522816861606,3.641874726000058,3,7.4499969482421875,1.5276212574193526,High Volume
2023-03-28,189.19000244140625,192.3500061035156,185.42999267578125,192.0,98654600,2023,-2.80999755859375,-1.365932511618495,3.6444667543922575,3,6.920013427734347,0.18229484558103987,High Volume
2023-03-29,193.8800048828125,195.2899932861328,189.44000244140625,193.1300048828125,123660000,2023,0.75,2.4789906342217005,3.3928501284539787,3,5.8499908447265625,1.1184116132710455,High Volume
2023-03-30,195.27999877929688,197.3300018310547,194.4199981689453,195.5800018310547,110252200,2023,-0.3000030517578125,0.7220929756684091,3.3626442366876073,3,2.910003662109375,0.8947745084447231,High Volume
2023-03-31,207.4600067138672,207.7899932861328,197.1999969482422,197.52999877929688,170222100,2023,9.930007934570312,6.237201971890638,3.4023443742808155,3,10.589996337890625,5.194144975568788,High Volume
2023-04-03,194.7700042724609,202.69000244140625,192.1999969482422,199.91000366210935,169545900,2023,-5.1399993896484375,-6.11684277968263,3.5394603015008643,4,10.490005493164062,1.3906251455008205,High Volume
2023-04-04,192.5800018310547,198.7400054931641,190.32000732421875,197.32000732421875,126463800,2023,-4.7400054931640625,-1.1244043709844886,3.4128088796485336,4,8.419998168945341,0.7196422644623796,High Volume
2023-04-05,185.5200042724609,190.67999267578125,183.75999450683597,190.5200042724609,133882500,2023,-5.0,-3.6660076287606036,3.4582091775895583,4,6.919998168945284,0.08397459570258196,High Volume
2023-04-06,185.05999755859372,186.38999938964844,179.74000549316406,183.0800018310547,123857900,2023,1.979995727539034,-0.2479553165553039,3.4548285700692047,4,6.649993896484375,1.8079514559149936,High Volume
2023-04-10,184.50999450683597,185.1000061035156,176.11000061035156,179.94000244140625,142154600,2023,4.569992065429716,-0.29720256079848184,3.426712793840471,4,8.990005493164034,2.86762453712292,High Volume
2023-04-11,186.7899932861328,189.19000244140625,185.6499938964844,186.69000244140625,115770900,2023,0.0999908447265625,1.235704757019196,3.271071848555669,4,3.5400085449218466,1.3391183069830639,High Volume
2023-04-12,180.5399932861328,191.5800018310547,180.30999755859372,190.7400054931641,150256300,2023,-10.200012207031278,-3.3460036536464677,3.316558261053455,4,11.270004272460966,0.44038812713607745,High Volume
2023-04-13,185.8999938964844,186.5,180.94000244140625,182.9600067138672,112933000,2023,2.939987182617216,2.9688716127604264,3.3654821432923105,4,5.55999755859375,1.9348454067718963,High Volume
2023-04-14,185.0,186.27999877929688,182.00999450683597,183.9499969482422,96438700,2023,1.0500030517578125,-0.484127986031857,3.194782887157437,4,4.270004272460909,1.2666495622233023,Normal Volume
2023-04-17,187.0399932861328,189.69000244140625,182.69000244140625,186.32000732421875,116662200,2023,0.7199859619140625,1.1026990735853115,3.127704415641836,4,7.0,1.8087134954451305,High Volume
2023-04-18,184.30999755859372,187.69000244140625,183.5800018310547,187.1499938964844,92067000,2023,-2.839996337890682,-1.4595786064656058,3.1179043208268533,4,4.1100006103515625,0.28854318062149326,Normal Volume
2023-04-19,180.58999633789065,183.5,177.64999389648438,179.10000610351562,125732700,2023,1.4899902343750284,-2.0183393575926023,3.0867697817861655,4,5.850006103515625,2.4567245932651067,High Volume
2023-04-20,162.99000549316406,169.6999969482422,160.55999755859375,166.1699981689453,210970800,2023,-3.17999267578125,-9.745828230593878,3.520536287882229,4,9.139999389648438,2.124329793701941,High Volume
2023-04-21,165.0800018310547,166.0,161.32000732421875,164.8000030517578,123539000,2023,0.279998779296875,1.2822849668400638,3.417601208225327,4,4.67999267578125,0.728153474527128,High Volume
2023-04-24,162.5500030517578,165.64999389648438,158.61000061035156,164.64999389648438,140006600,2023,-2.0999908447265625,-1.5325895028073244,3.426612542106403,4,7.0399932861328125,0.607348944469868,High Volume
2023-04-25,160.6699981689453,163.47000122070312,158.75,159.82000732421875,121999300,2023,0.8499908447265625,-1.1565701922588656,3.428211840927798,4,4.720001220703125,2.2838153730526476,High Volume
2023-04-26,153.75,160.6699981689453,153.13999938964844,160.2899932861328,153364100,2023,-6.5399932861328125,-4.306963495243776,3.3584159058786023,4,7.529998779296875,0.23707336622951583,High Volume
2023-04-27,160.19000244140625,160.47999572753906,152.3699951171875,152.63999938964844,127015200,2023,7.5500030517578125,4.1886194740853755,3.4603181205435654,4,8.110000610351562,5.1362659651728935,High Volume
2023-04-28,164.30999755859375,165.0,157.32000732421875,160.89999389648438,122515800,2023,3.410003662109375,2.5719427270091355,3.4742726484096065,4,7.67999267578125,2.5481704531035465,High Volume
2023-05-01,161.8300018310547,163.27999877929688,158.8300018310547,163.1699981689453,109015000,2023,-1.339996337890625,-1.509339519437758,3.4641771169001925,5,4.4499969482421875,0.06741472794383957,High Volume
2023-05-02,160.30999755859375,165.49000549316406,158.92999267578125,161.8800048828125,128259700,2023,-1.57000732421875,-0.939259874721976,3.4444738431467146,5,6.5600128173828125,2.2300472581310453,High Volume
2023-05-03,160.61000061035156,165.0,159.91000366210938,160.00999450683594,119728000,2023,0.600006103515625,0.18713932775662467,3.079979514629844,5,5.089996337890625,3.118558630380354,High Volume
2023-05-04,161.1999969482422,162.9499969482422,159.64999389648438,162.7100067138672,95108500,2023,-1.510009765625,0.3673471985857102,3.0448073278000036,5,3.3000030517578125,0.14749568217831466,Normal Volume
2023-05-05,170.05999755859375,170.7899932861328,163.50999450683594,163.97000122070312,107607300,2023,6.089996337890625,5.496278398315546,3.2328000414158917,5,7.279998779296875,4.159292562454762,High Volume
2023-05-08,171.7899932861328,173.8000030517578,169.19000244140625,173.72000122070312,112249400,2023,-1.9300079345703125,1.0172855182730478,3.2403409265308727,5,4.6100006103515625,0.04605217044239421,High Volume
2023-05-09,169.14999389648438,169.82000732421875,166.55999755859375,168.9499969482422,88965000,2023,0.1999969482421875,-1.5367597024416146,3.2420823854054808,5,3.260009765625,0.5149514008236946,Normal Volume
2023-05-10,168.5399932861328,174.42999267578125,166.67999267578125,172.5500030517578,119840700,2023,-4.010009765625,-0.36062703657255835,3.236587599388598,5,7.75,1.08953323139584,High Volume
2023-05-11,172.0800018310547,173.57000732421875,166.7899932861328,168.6999969482422,103889900,2023,3.3800048828125,2.1003967520705658,3.2259656721609247,5,6.7800140380859375,2.8867874712947983,High Volume
2023-05-12,167.97999572753906,177.3800048828125,167.22999572753906,176.07000732421875,157849600,2023,-8.090011596679688,-2.3826162598143963,3.240298070316039,5,10.150009155273438,0.7440208463111465,High Volume
2023-05-15,166.35000610351562,169.75999450683594,164.5500030517578,167.66000366210938,105592500,2023,-1.30999755859375,-0.9703474612936969,2.9845508920361654,5,5.209991455078125,1.2525294040663044,High Volume
2023-05-16,166.52000427246094,169.52000427246094,164.35000610351562,165.64999389648438,98288800,2023,0.8700103759765625,0.1021930644472091,2.805163814513993,5,5.1699981689453125,2.3362574817811064,High Volume
2023-05-17,173.86000061035156,174.5,167.19000244140625,168.41000366210938,125473600,2023,5.4499969482421875,4.407876621166107,2.9400842604733843,5,7.30999755859375,3.6161725583174578,High Volume
2023-05-18,176.88999938964844,177.05999755859375,172.4499969482422,174.22000122070312,109520300,2023,2.6699981689453125,1.742780840135616,2.891854431975592,5,4.6100006103515625,1.6301207197748195,High Volume
2023-05-19,180.13999938964844,181.9499969482422,176.30999755859375,177.1699981689453,136196700,2023,2.970001220703125,1.8373000232992265,2.9135876676480166,5,5.6399993896484375,2.6979730364611596,High Volume
2023-05-22,188.8699951171875,189.32000732421875,180.11000061035156,180.6999969482422,132001400,2023,8.169998168945312,4.846228354123516,3.0467023411506533,5,9.210006713867188,4.770343398758102,High Volume
2023-05-23,185.7700042724609,192.9600067138672,185.25999450683597,186.1999969482422,156952100,2023,-0.4299926757812784,-1.6413357996875821,3.0557542372614757,5,7.700012207031222,3.630510137711803,High Volume
2023-05-24,182.8999938964844,184.22000122070312,178.22000122070312,182.22999572753903,137605100,2023,0.6699981689453693,-1.5449266889003166,3.0044494541692934,5,6.0,1.0920295998576686,High Volume
2023-05-25,184.47000122070312,186.77999877929688,180.5800018310547,186.5399932861328,96870700,2023,-2.0699920654296875,0.8583965973816721,2.9590247490511508,5,6.1999969482421875,0.12866168210691378,High Volume
2023-05-26,193.1699981689453,198.6000061035156,184.52999877929688,184.6199951171875,162061500,2023,8.550003051757812,4.7162123329924865,3.0785447659131298,5,14.070007324218722,7.572316843283572,High Volume
2023-05-30,201.16000366210935,204.47999572753903,197.52999877929688,200.1000061035156,128818700,2023,1.05999755859375,4.136255924264187,3.1583214730424385,5,6.949996948242159,2.188900295064251,High Volume
2023-05-31,203.92999267578125,203.9499969482422,195.1199951171875,199.77999877929688,150711700,2023,4.149993896484375,1.3770078361723836,3.1465201670478886,5,8.830001831054688,2.087295121846526,High Volume
2023-06-01,207.5200042724609,209.8000030517578,199.3699951171875,202.58999633789065,148029900,2023,4.930007934570256,1.7604137329555236,3.1224810827953586,6,10.430007934570312,3.558915466804154,High Volume
2023-06-02,213.97000122070312,217.25,209.75,210.1499938964844,164398400,2023,3.8200073242187216,3.1081326211683136,2.482689068767044,6,7.5,3.3785421411969754,High Volume
2023-06-05,217.6100006103516,221.2899932861328,214.5200042724609,217.8000030517578,151143100,2023,-0.19000244140622158,1.7011727666879528,2.485852007782131,6,6.769989013671903,1.6023830052682055,High Volume
2023-06-06,221.30999755859372,221.91000366210935,212.52999877929688,216.13999938964844,146911600,2023,5.169998168945284,1.7002881015874216,2.4440294336471133,6,9.380004882812472,2.6695680062712404,High Volume
2023-06-07,224.57000732421875,230.8300018310547,223.1999969482422,228.0,185710800,2023,-3.42999267578125,1.473051286244731,2.408597982076366,6,7.6300048828125,1.2412288732695997,High Volume
2023-06-08,234.8600006103516,235.22999572753903,223.00999450683597,224.22000122070312,164489700,2023,10.639999389648466,4.582087077762287,2.25605283811497,6,12.220001220703068,4.910353423822617,High Volume
2023-06-09,244.3999938964844,252.4199981689453,242.0200042724609,249.07000732421875,200242400,2023,-4.670013427734347,4.06199151040636,2.250857957048187,6,10.399993896484403,1.344999697360518,High Volume
2023-06-12,249.8300018310547,250.97000122070312,244.58999633789065,247.94000244140625,150337900,2023,1.8899993896484375,2.221770896144193,2.2456995129391553,6,6.380004882812472,1.2220693512386858,High Volume
2023-06-13,258.7099914550781,259.67999267578125,251.33999633789065,253.50999450683597,162384300,2023,5.199996948242159,3.5544128242966044,2.20708093786486,6,8.339996337890597,2.433828370730728,High Volume
2023-06-14,256.7900085449219,261.57000732421875,250.5,260.1700134277344,170575500,2023,-3.3800048828125,-0.7421371317580694,2.199543157977857,6,11.07000732421875,0.5381073237609075,High Volume
2023-06-15,255.8999938964844,258.95001220703125,247.2899932861328,248.3999938964844,160171200,2023,7.5,-0.3465923979989127,2.213528714036115,6,11.660018920898438,4.247189440327985,High Volume
2023-06-16,260.5400085449219,263.6000061035156,257.2099914550781,258.9200134277344,167915600,2023,1.6199951171875,1.813214052015355,2.201741273267309,6,6.3900146484375,1.8075051881176636,High Volume
2023-06-20,274.45001220703125,274.75,261.1199951171875,261.5,165611200,2023,12.95001220703125,5.338912722001776,2.1923956422422015,6,13.6300048828125,5.066921606118547,High Volume
2023-06-21,259.4599914550781,276.989990234375,257.7799987792969,275.1300048828125,211797100,2023,-15.670013427734375,-5.46184007477668,2.545616070751687,6,19.209991455078125,0.6760387157172235,High Volume
2023-06-22,264.6099853515625,265.0,248.25,250.7700042724609,166875900,2023,13.839981079101591,1.9848894111198723,2.485284125850692,6,16.75,5.674520670374212,High Volume
2023-06-23,256.6000061035156,262.45001220703125,252.8000030517578,259.2900085449219,177460800,2023,-2.69000244140625,-3.027088806722378,2.60034029686258,6,9.650009155273438,1.2187140105562169,High Volume
2023-06-26,241.0500030517578,258.3699951171875,240.6999969482422,250.07000732421875,179990600,2023,-9.020004272460938,-6.060016633625775,2.934600428931392,6,17.669998168945312,3.319065681558411,High Volume
2023-06-27,250.2100067138672,250.38999938964844,240.8500061035156,243.2400054931641,164968200,2023,6.970001220703097,3.8000429562917493,2.8931948862081835,6,9.539993286132841,2.939481061919844,High Volume
2023-06-28,256.239990234375,259.8800048828125,248.88999938964844,249.6999969482422,159770800,2023,6.5399932861328125,2.40996896954786,2.8642760281634487,6,10.990005493164062,4.076895498192747,High Volume
2023-06-29,257.5,260.739990234375,253.6100006103516,258.0299987792969,131283400,2023,-0.529998779296875,0.49173033626503937,2.8586435000202495,6,7.129989624023409,1.050262166375502,High Volume
2023-06-30,261.7699890136719,264.45001220703125,259.8900146484375,260.6000061035156,112620800,2023,1.16998291015625,1.6582481606492783,2.805899484067229,6,4.55999755859375,1.4773622461030658,High Volume
2023-07-03,279.82000732421875,284.25,275.1099853515625,276.489990234375,119685900,2023,3.33001708984375,6.895373445427366,2.9792114141941632,7,9.1400146484375,2.8066150818143525,High Volume
2023-07-05,282.4800109863281,283.8500061035156,277.6000061035156,278.82000732421875,131530900,2023,3.660003662109375,0.9506123909958086,2.9810038546715623,7,6.25,1.804030789457612,High Volume
2023-07-06,276.5400085449219,279.9700012207031,272.8800048828125,278.0899963378906,120332100,2023,-1.54998779296875,-2.1028045208104085,2.9863327745407644,7,7.089996337890625,0.6760418956344686,High Volume
2023-07-07,274.42999267578125,280.7799987792969,273.7699890136719,278.42999267578125,113879200,2023,-4.0,-0.7630056425625198,2.9604697780415554,7,7.010009765625,0.8440204594812089,High Volume
2023-07-10,269.6099853515625,277.5199890136719,265.1000061035156,276.4700012207031,119425400,2023,-6.860015869140625,-1.7563704598109409,2.967845786459857,7,12.41998291015625,0.3797836251067817,High Volume
2023-07-11,269.7900085449219,270.8999938964844,266.3699951171875,268.6499938964844,91972400,2023,1.1400146484375,0.0667717084456676,2.975825115828949,7,4.529998779296875,0.8375209570512647,Normal Volume
2023-07-12,271.989990234375,276.5199890136719,271.4599914550781,276.3299865722656,95672100,2023,-4.339996337890625,0.8154422401772665,2.906643632709801,7,5.05999755859375,0.06875925546956907,Normal Volume
2023-07-13,277.8999938964844,279.45001220703125,270.6000061035156,274.5899963378906,112681500,2023,3.30999755859375,2.172875427149612,2.859697738517514,7,8.850006103515625,1.7699173072424097,High Volume
2023-07-14,281.3800048828125,285.29998779296875,276.3099975585937,277.010009765625,120062400,2023,4.3699951171875,1.2522529912772917,2.859405749016551,7,8.989990234375057,2.9926637071193944,High Volume
2023-07-17,290.3800048828125,292.2300109863281,283.57000732421875,286.6300048828125,131569600,2023,3.75,3.1985215167468217,2.8825004037033093,7,8.660003662109375,1.9537403649716172,High Volume
2023-07-18,293.3399963378906,295.260009765625,286.010009765625,290.1499938964844,112120300,2023,3.19000244140625,1.0193509901870401,2.8591130775248077,7,9.25,1.7611635280487734,High Volume
2023-07-19,291.260009765625,299.2900085449219,289.5199890136719,296.0400085449219,142355400,2023,-4.779998779296875,-0.7090702250741598,2.8753615553540617,7,9.77001953125,1.0978245866071297,High Volume
2023-07-20,262.8999938964844,280.92999267578125,261.20001220703125,279.5599975585937,175158300,2023,-16.660003662109318,-9.737009860008495,3.476878402633693,7,19.72998046875,0.4900540596479352,High Volume
2023-07-21,260.0199890136719,268.0,255.8000030517578,268.0,161796100,2023,-7.980010986328125,-1.0954754468143868,3.4871442721928743,7,12.199996948242188,0.0,High Volume
2023-07-24,269.0599975585937,269.8500061035156,254.1199951171875,255.8500061035156,136508500,2023,13.209991455078097,3.476659075024613,3.4486929113921843,7,15.730010986328125,5.47195609381213,High Volume
2023-07-25,265.2799987792969,272.8999938964844,265.0,272.3800048828125,112757300,2023,-7.100006103515625,-1.4048906614122947,3.398755796224467,7,7.899993896484375,0.19090572154721586,High Volume
2023-07-26,264.3500061035156,268.0400085449219,261.75,263.25,95856200,2023,1.100006103515625,-0.35057022016762307,3.3818023716782593,7,6.290008544921875,1.8195663988307218,Normal Volume
2023-07-27,255.7100067138672,269.1300048828125,255.3000030517578,268.3099975585937,103697300,2023,-12.599990844726506,-3.2683938680391544,3.3809691073138604,7,13.830001831054688,0.3056193700123802,High Volume
2023-07-28,266.44000244140625,267.25,258.2300109863281,259.8599853515625,111446000,2023,6.58001708984375,4.196157931177735,3.4619639147807253,7,9.019989013671875,2.843844787584209,High Volume
2023-07-31,267.42999267578125,269.0799865722656,263.7799987792969,267.4800109863281,84582200,2023,-0.050018310546875,0.371562162326855,3.4606659882495228,7,5.29998779296875,0.5981664125246654,Normal Volume
2023-08-01,261.07000732421875,266.4700012207031,260.25,266.260009765625,83166000,2023,-5.19000244140625,-2.3781870118334214,3.478100206802484,8,6.220001220703125,0.07886706504028512,Normal Volume
2023-08-02,254.1100006103516,259.5199890136719,250.4900054931641,255.57000732421875,101752900,2023,-1.460006713867159,-2.665954157355055,3.364852645936704,8,9.029983520507784,1.5455576070169053,High Volume
2023-08-03,259.32000732421875,260.489990234375,252.0,252.0399932861328,97569100,2023,7.2800140380859375,2.050295817304759,3.236913649579559,8,8.489990234375,3.3526413161934903,High Volume
2023-08-04,253.8600006103516,264.7699890136719,253.1100006103516,260.9700012207031,99539900,2023,-7.110000610351534,-2.1055092394165698,3.2387374955019603,8,11.659988403320284,1.4561013814592003,High Volume
2023-08-07,251.4499969482422,253.6499938964844,242.75999450683597,251.4499969482422,111097900,2023,0.0,-0.949343597382446,3.195617765585063,8,10.889999389648438,0.8749242294463252,High Volume
2023-08-08,249.6999969482422,250.9199981689453,245.00999450683597,247.4499969482422,96642200,2023,2.25,-0.6959634206558429,2.989261771958028,8,5.910003662109347,1.4023040062631025,High Volume
2023-08-09,242.19000244140625,251.1000061035156,241.8999938964844,250.8699951171875,101596300,2023,-8.67999267578125,-3.007606967809695,2.9617886587595907,8,9.200012207031193,0.09168533136880433,High Volume
2023-08-10,245.33999633789065,251.8000030517578,243.0,245.3999938964844,109498600,2023,-0.05999755859375,1.3006292021680244,2.9366351864380964,8,8.800003051757812,2.6079907556856283,High Volume
2023-08-11,242.6499938964844,243.7899932861328,238.0200042724609,241.7700042724609,99038600,2023,0.8799896240234943,-1.096438608281991,2.9398676324251523,8,5.769989013671903,0.8355002597408617,High Volume
2023-08-14,239.75999450683597,240.66000366210935,233.75,235.6999969482422,98595300,2023,4.059997558593778,-1.1910156448968756,2.925243458140719,8,6.910003662109347,2.104372837542436,High Volume
2023-08-15,232.9600067138672,240.5,232.6100006103516,238.72999572753903,88197600,2023,-5.769989013671847,-2.8361644764614335,2.6302114052239025,8,7.889999389648409,0.7414251682394617,Normal Volume
2023-08-16,225.6000061035156,233.97000122070312,225.3800048828125,228.0200042724609,112484500,2023,-2.4199981689453125,-3.1593408302874493,2.6549409509443422,8,8.589996337890625,2.609418839029829,High Volume
2023-08-17,219.22000122070312,226.7400054931641,218.8300018310547,226.05999755859372,120718400,2023,-6.839996337890597,-2.828016272253575,2.671294705408886,8,7.910003662109403,0.3008086091808943,High Volume
2023-08-18,215.4900054931641,217.5800018310547,212.3600006103516,214.1199951171875,136276600,2023,1.370010375976591,-1.7014851321818014,2.677111528683258,8,5.220001220703097,1.6159194810244284,High Volume
2023-08-21,231.27999877929688,232.1300048828125,220.5800018310547,221.5500030517578,135702700,2023,9.729995727539062,7.3274828918382,3.0492278181993218,8,11.550003051757812,4.775446484007956,High Volume
2023-08-22,233.19000244140625,240.82000732421875,229.5500030517578,240.25,130442800,2023,-7.05999755859375,0.8258403978685713,3.0569271871708117,8,11.270004272460938,0.23725591018470346,High Volume
2023-08-23,236.8600006103516,238.97999572753903,229.2899932861328,229.33999633789065,101077600,2023,7.5200042724609375,1.573823118710882,3.0707639244997593,8,9.690002441406222,4.203365982201203,High Volume
2023-08-24,230.0399932861328,238.9199981689453,228.17999267578125,238.66000366210935,99777400,2023,-8.620010375976534,-2.879341090367593,3.062537730847889,8,10.740005493164062,0.10893928720627256,High Volume
2023-08-25,238.58999633789065,239.0,230.3500061035156,231.30999755859372,106612200,2023,7.279998779296932,3.7167463490241914,3.1453767103372017,8,8.649993896484403,3.324543911880983,High Volume
2023-08-28,238.82000732421875,244.3800048828125,235.3500061035156,242.5800018310547,107673700,2023,-3.7599945068359375,0.09640428763089126,3.0696722872529247,8,9.029998779296903,0.742024502502654,High Volume
2023-08-29,257.17999267578125,257.4800109863281,237.7700042724609,238.5800018310547,134047600,2023,18.599990844726562,7.687791972402569,3.413428247527005,8,19.710006713867216,7.921874847103519,High Volume
2023-08-30,256.8999938964844,260.510009765625,250.58999633789065,254.1999969482422,121988400,2023,2.6999969482421875,-0.10887269121663268,3.4131992796296506,8,9.920013427734347,2.4823024756635217,High Volume
2023-08-31,258.0799865722656,261.17999267578125,255.0500030517578,255.97999572753903,108861700,2023,2.099990844726591,0.4593198535678855,2.919317435722489,8,6.1299896240234375,2.031407545524381,High Volume
2023-09-01,245.00999450683597,259.0799865722656,242.00999450683597,257.260009765625,132541600,2023,-12.250015258789034,-5.064318329763207,3.056383437077962,9,17.06999206542966,0.7074464501104165,High Volume
2023-09-05,256.489990234375,258.0,244.8600006103516,245.0,129469600,2023,11.489990234375,4.685521401135628,3.1133337905157212,9,13.139999389648409,5.3061224489795915,High Volume
2023-09-06,251.9199981689453,255.38999938964844,245.05999755859372,255.13999938964844,116959800,2023,-3.220001220703125,-1.7817428513501543,3.1194789110170156,9,10.330001831054716,0.0979854200039412,High Volume
2023-09-07,251.4900054931641,252.80999755859372,243.2700042724609,245.07000732421875,115312900,2023,6.419998168945341,-0.17068620153484204,3.1192050179170168,9,9.539993286132812,3.1582772281616838,High Volume
2023-09-08,248.5,256.5199890136719,246.6699981689453,251.22000122070312,118367700,2023,-2.720001220703125,-1.1889162304087542,3.0695353601739717,9,9.849990844726562,2.109699771998877,High Volume
2023-09-11,273.5799865722656,274.8500061035156,260.6099853515625,264.2699890136719,174667900,2023,9.30999755859375,10.092549928477123,3.508259864420122,9,14.240020751953125,4.0034879213229155,High Volume
2023-09-12,267.4800109863281,278.3900146484375,266.6000061035156,270.760009765625,135999900,2023,-3.279998779296875,-2.229686338670178,3.5345390681420086,9,11.790008544921875,2.8179954969779977,High Volume
2023-09-13,271.29998779296875,274.9800109863281,268.1000061035156,270.07000732421875,111673700,2023,1.22998046875,1.4281354305895722,3.5122728561611773,9,6.8800048828125,1.818048479635475,High Volume
2023-09-14,276.0400085449219,276.7099914550781,270.4200134277344,271.32000732421875,107709800,2023,4.720001220703125,1.7471511114000693,3.4809774057342695,9,6.28997802734375,1.9865782048348966,High Volume
2023-09-15,274.3900146484375,278.9800109863281,271.0,277.54998779296875,133692300,2023,-3.15997314453125,-0.5977372284481253,3.469490755487668,9,7.980010986328125,0.5152308615578336,High Volume
2023-09-18,265.2799987792969,271.44000244140625,263.760009765625,271.1600036621094,101543300,2023,-5.8800048828125,-3.3200974462619715,3.5047721409151054,9,7.67999267578125,0.10325961628388956,High Volume
2023-09-19,266.5,267.8500061035156,261.20001220703125,264.3500061035156,103704000,2023,2.149993896484375,0.45989189773711914,3.4982119191544645,9,6.649993896484375,1.324002239148597,High Volume
2023-09-20,262.5899963378906,273.92999267578125,262.4599914550781,267.0400085449219,122514600,2023,-4.45001220703125,-1.4671683535119606,3.508233479917702,9,11.470001220703125,2.5801317819012617,High Volume
2023-09-21,255.6999969482422,260.8599853515625,254.2100067138672,257.8500061035156,119951500,2023,-2.1500091552734375,-2.6238620989897266,3.4967183708366885,9,6.6499786376953125,1.167337280123429,High Volume
2023-09-22,244.8800048828125,257.7900085449219,244.47999572753903,257.3999938964844,127524100,2023,-12.519989013671875,-4.231518261464751,3.583570973862249,9,13.310012817382841,0.15152084603170105,High Volume
2023-09-25,246.9900054931641,247.1000061035156,238.30999755859372,243.3800048828125,104636600,2023,3.610000610351591,0.861646752809131,3.5797219741935993,9,8.790008544921875,1.5284744621869317,High Volume
2023-09-26,244.1199951171875,249.5500030517578,241.66000366210935,242.97999572753903,101993600,2023,1.139999389648466,-1.1619945391094122,3.5793595412549797,9,7.889999389648466,2.70392931094868,High Volume
2023-09-27,240.5,245.3300018310547,234.5800018310547,244.25999450683597,136597200,2023,-3.759994506835966,-1.4828753029631048,3.5492148566345603,9,10.75,0.43806081563994137,High Volume
2023-09-28,246.3800048828125,247.5500030517578,238.6499938964844,240.0200042724609,117058900,2023,6.360000610351591,2.444908475181906,3.51550852334264,9,8.900009155273409,3.1372379990249297,High Volume
2023-09-29,250.22000122070312,254.7700042724609,246.3500061035156,250.0,128522700,2023,0.220001220703125,1.5585665483353939,3.469594528029588,9,8.419998168945312,1.9080017089843637,High Volume
2023-10-02,251.6000061035156,254.27999877929688,242.6199951171875,244.80999755859372,123810400,2023,6.790008544921875,0.5515166158101215,3.4446265162265743,10,11.660003662109375,3.8683065704604522,High Volume
2023-10-03,246.52999877929688,250.0200042724609,244.4499969482422,248.6100006103516,101985300,2023,-2.080001831054716,-2.0151062008054055,3.22851199971545,10,5.570007324218722,0.567154844393902,High Volume
2023-10-04,261.1600036621094,261.8599853515625,247.6000061035156,248.13999938964844,129721600,2023,13.020004272460938,5.934371052307452,3.3899515329024346,10,14.259979248046903,5.529131133900702,High Volume
2023-10-05,260.04998779296875,263.6000061035156,256.25,260.0,119159200,2023,0.04998779296875,-0.42503287393760303,3.3863868280243046,10,7.350006103515625,1.3846177321213942,High Volume
2023-10-06,260.5299987792969,261.6499938964844,250.6499938964844,253.97999572753903,118121800,2023,6.550003051757841,0.1845841218459432,3.33088739425472,10,10.999999999999972,3.0199221584259925,High Volume
2023-10-09,259.6700134277344,261.3599853515625,252.0500030517578,255.30999755859372,101377900,2023,4.360015869140653,-0.3300907210654902,3.2762787785898846,10,9.309982299804688,2.3696634878468887,High Volume
2023-10-10,263.6199951171875,268.94000244140625,257.6499938964844,257.75,122656000,2023,5.8699951171875,1.5211543440507347,3.2830489078461946,10,11.290008544921875,4.341417048072261,High Volume
2023-10-11,262.989990234375,268.6000061035156,260.8999938964844,266.20001220703125,103706300,2023,-3.21002197265625,-0.2389822071472425,2.9796317063416735,10,7.70001220703125,0.9015754269078815,High Volume
2023-10-12,258.8699951171875,265.4100036621094,256.6300048828125,262.9200134277344,111508100,2023,-4.050018310546875,-1.5665976919941982,2.995276259544058,10,8.779998779296875,0.947052376086765,High Volume
2023-10-13,251.1199951171875,259.6000061035156,250.22000122070312,258.8999938964844,102073800,2023,-7.779998779296875,-2.993780718577166,3.0456355961506953,10,9.3800048828125,0.27037938336573886,High Volume
2023-10-16,253.9199981689453,255.3999938964844,248.47999572753903,250.0500030517578,88917200,2023,3.8699951171875,1.115006015531006,2.900113925957249,10,6.919998168945369,2.1395683980932394,Normal Volume
2023-10-17,254.8500061035156,257.17999267578125,247.0800018310547,250.1000061035156,93562900,2023,4.75,0.36626021631880334,2.7720136202104007,10,10.099990844726562,2.8308622149074516,Normal Volume
2023-10-18,242.67999267578125,254.6300048828125,242.0800018310547,252.6999969482422,125147800,2023,-10.020004272460938,-4.775363208267336,2.890270676573236,10,12.550003051757812,0.763754633113674,High Volume
2023-10-19,220.1100006103516,230.6100006103516,216.77999877929688,225.9499969482422,170772700,2023,-5.839996337890597,-9.300310180733772,3.344528489868117,10,13.830001831054716,2.0624048351622055,High Volume
2023-10-20,211.9900054931641,218.8600006103516,210.4199981689453,217.00999450683597,138010100,2023,-5.019989013671875,-3.6890623300491754,3.3958910863672087,10,8.440002441406278,0.8524981108450047,High Volume
2023-10-23,212.0800018310547,216.97999572753903,202.50999450683597,210.0,150683400,2023,2.0800018310546875,0.04245310418349302,2.752444575444325,10,14.470001220703068,3.323807489304302,High Volume
2023-10-24,216.5200042724609,222.0500030517578,214.1100006103516,216.5,118231100,2023,0.02000427246090908,2.0935507370200668,2.788372014712304,10,7.940002441406222,2.563511802197604,High Volume
2023-10-25,212.4199981689453,220.1000061035156,212.1999969482422,215.8800048828125,107065100,2023,-3.4600067138671875,-1.8935922882932776,2.7683228874424106,10,7.900009155273409,1.954790219221028,High Volume
2023-10-26,205.75999450683597,214.8000030517578,204.8800048828125,211.32000732421875,115112600,2023,-5.560012817382784,-3.1352997455599274,2.758471074320209,10,9.919998168945312,1.6467895168108062,High Volume
2023-10-27,207.3000030517578,212.41000366210935,205.7700042724609,210.6000061035156,94881200,2023,-3.300003051757784,0.7484489628865498,2.775082219850088,10,6.6399993896484375,0.8594480086121589,Normal Volume
2023-10-30,197.3600006103516,210.8800048828125,194.6699981689453,209.27999877929688,136448200,2023,-11.919998168945284,-4.794984223383947,2.832055753334151,10,16.210006713867188,0.7645289147784085,High Volume
2023-10-31,200.83999633789065,202.8000030517578,194.07000732421875,196.1199951171875,118068300,2023,4.720001220703153,1.7632730628176496,2.864110707633235,10,8.729995727539062,3.406082042057369,High Volume
2023-11-01,205.66000366210935,205.9900054931641,197.8500061035156,204.0399932861328,121661700,2023,1.620010375976534,2.3999240251476373,2.9240065431790727,11,8.139999389648494,0.9557009758850092,High Volume
2023-11-02,218.50999450683597,219.1999969482422,211.4499969482422,212.97000122070312,125987600,2023,5.539993286132841,6.2481720392452145,3.1683928631072025,11,7.75,2.9252926195379274,High Volume
2023-11-03,219.9600067138672,226.3699951171875,218.3999938964844,221.1499938964844,119534800,2023,-1.189987182617216,0.6635907937775576,3.0933345416321667,11,7.970001220703097,2.3603894934523346,High Volume
2023-11-06,219.2700042724609,226.32000732421875,215.0,223.97999572753903,117335800,2023,-4.709991455078125,-0.31369449915678027,3.085413997962479,11,11.32000732421875,1.0447413346351824,High Volume
2023-11-07,222.17999267578125,223.1199951171875,215.72000122070312,219.97999572753903,116900100,2023,2.199996948242216,1.3271256198382986,3.096256598341639,11,7.399993896484375,1.4274022414008862,High Volume
2023-11-08,222.1100006103516,224.1499938964844,217.63999938964844,223.1499938964844,106584800,2023,-1.0399932861328125,-0.03150241594066516,3.087921287426092,11,6.509994506835966,0.4481290734266762,High Volume
2023-11-09,209.97999572753903,220.8000030517578,206.67999267578125,219.75,142110500,2023,-9.770004272460966,-5.461260118625755,3.188553504185688,11,14.120010375976562,0.47781708839945963,High Volume
2023-11-10,214.6499938964844,215.3800048828125,205.69000244140625,210.02999877929688,130994000,2023,4.619995117187528,2.2240205086035747,3.2055050303977124,11,9.69000244140625,2.5472580748512517,High Volume
2023-11-13,223.7100067138672,225.3999938964844,211.6100006103516,215.6000061035156,140447600,2023,8.110000610351591,4.220830689495392,3.313588689979623,11,13.789993286132812,4.545448754887121,High Volume
2023-11-14,237.41000366210935,238.13999938964844,230.72000122070312,235.02999877929688,149771600,2023,2.3800048828124716,6.123998273248876,3.4994460095091093,11,7.4199981689453125,1.3232355982233506,High Volume
2023-11-15,242.83999633789065,246.6999969482422,236.4499969482422,239.2899932861328,150354000,2023,3.550003051757841,2.287179390936478,3.343696603153879,11,10.25,3.0966625726169865,High Volume
2023-11-16,233.58999633789065,240.8800048828125,230.9600067138672,239.4900054931641,136816800,2023,-5.9000091552734375,-3.8090924639652135,3.4084469916118394,11,9.919998168945312,0.5803997485348443,High Volume
2023-11-17,234.3000030517578,237.38999938964844,226.5399932861328,232.0,142532800,2023,2.3000030517578125,0.30395424675639937,3.4091019754353042,11,10.850006103515625,2.3232755989863954,High Volume
2023-11-20,235.6000061035156,237.1000061035156,231.0200042724609,234.0399932861328,116320100,2023,1.560012817382784,0.5548455120893081,3.4126249367818438,11,6.0800018310546875,1.3074743228357861,High Volume
2023-11-21,241.1999969482422,243.6199951171875,233.33999633789065,235.0399932861328,122288000,2023,6.160003662109375,2.376906069461704,3.4316076816845684,11,10.279998779296847,3.650443361189843,High Volume
2023-11-22,234.2100067138672,244.00999450683597,231.3999938964844,242.0399932861328,117950600,2023,-7.829986572265625,-2.8980059381488954,3.465799661454439,11,12.610000610351562,0.8139155822791128,High Volume
2023-11-24,235.4499969482422,238.75,232.3300018310547,233.75,65125200,2023,1.6999969482421875,0.529435207219775,3.4610677442074422,11,6.4199981689453125,2.13903743315508,Normal Volume
2023-11-27,236.0800018310547,238.3300018310547,232.1000061035156,236.88999938964844,112031800,2023,-0.80999755859375,0.26757481035388775,3.423149950903724,11,6.229995727539091,0.6078781059210787,High Volume
2023-11-28,246.72000122070312,247.0,234.00999450683597,236.67999267578125,148549900,2023,10.040008544921875,4.506946504203557,3.5209315798722316,11,12.990005493164034,4.360320958077655,High Volume
2023-11-29,244.13999938964844,252.75,242.75999450683597,249.2100067138672,135401300,2023,-5.07000732421875,-1.0457205813430348,3.524816260004765,11,9.990005493164034,1.4204860121035545,High Volume
2023-11-30,240.0800018310547,245.22000122070312,236.91000366210935,245.13999938964844,132353200,2023,-5.05999755859375,-1.6629792613843564,3.4263465706529788,11,8.309997558593778,0.03263516001218761,High Volume
2023-12-01,238.8300018310547,240.19000244140625,231.8999938964844,233.13999938964844,121331700,2023,5.69000244140625,-0.5206597761023168,2.943625768916388,12,8.290008544921847,3.0239354337370035,High Volume
2023-12-04,235.5800018310547,239.3699951171875,233.2899932861328,235.75,104099800,2023,-0.1699981689453125,-1.360800559009756,2.8640567633507032,12,6.0800018310546875,1.5355228492841992,High Volume
2023-12-05,238.72000122070312,246.66000366210935,233.6999969482422,233.8699951171875,137971100,2023,4.850006103515625,1.3328802806870987,2.8683158605811707,12,12.960006713867159,5.468853983818247,High Volume
2023-12-06,239.3699951171875,246.57000732421875,239.1699981689453,242.9199981689453,126436200,2023,-3.5500030517578125,0.2722829646282676,2.8512209137333873,12,7.4000091552734375,1.5025560607550061,High Volume
2023-12-07,242.63999938964844,244.0800018310547,236.97999572753903,241.5500030517578,107142300,2023,1.089996337890625,1.366087788429815,2.823800414837972,12,7.100006103515653,1.0474016755672584,High Volume
2023-12-08,243.83999633789065,245.2700042724609,239.2700042724609,240.2700042724609,103126800,2023,3.5699920654297443,0.49455858525417895,2.739947381836276,12,6.0,2.0809921800850804,High Volume
2023-12-11,239.7400054931641,243.44000244140625,237.4499969482422,242.7400054931641,97913900,2023,-3.0,-1.681426716823431,2.7712592576616735,12,5.9900054931640625,0.2883731286155351,High Volume
2023-12-12,237.00999450683597,238.9900054931641,233.8699951171875,238.5500030517578,95328300,2023,-1.5400085449218466,-1.1387381846063915,2.604722935695887,12,5.120010375976591,0.1844487259599036,Normal Volume
2023-12-13,239.2899932861328,240.3000030517578,228.1999969482422,234.19000244140625,146286300,2023,5.0999908447265625,0.9619842336358042,2.5969535063496387,12,12.100006103515625,2.608992931660381,High Volume
2023-12-14,251.0500030517578,253.8800048828125,240.7899932861328,241.22000122070312,160829200,2023,9.830001831054688,4.914543063053567,2.6951768886949634,12,13.090011596679688,5.248322526342317,High Volume
2023-12-15,253.5,254.1300048828125,248.3000030517578,251.2100067138672,135932800,2023,2.2899932861328125,0.9758999874367902,2.4847213319331027,12,5.8300018310546875,1.162373349351184,High Volume
2023-12-18,252.0800018310547,258.739990234375,251.3600006103516,253.77999877929688,116416500,2023,-1.6999969482421875,-0.5601570686174839,2.492418244622763,12,7.379989624023409,1.9544453774671373,High Volume
2023-12-19,257.2200012207031,258.3399963378906,253.00999450683597,253.47999572753903,106737400,2023,3.740005493164091,2.03903496997484,2.503403287598232,12,5.330001831054659,1.9173113035616096,High Volume
2023-12-20,247.13999938964844,259.8399963378906,247.0,256.4100036621094,125097000,2023,-9.270004272460938,-3.918825045959673,2.628335337389153,12,12.839996337890625,1.3376984621478372,High Volume
2023-12-21,254.5,254.8000030517578,248.5500030517578,251.8999938964844,109594200,2023,2.6000061035155966,2.9780693649462897,2.668862848250638,12,6.25,1.151254158610713,High Volume
2023-12-22,252.5399932861328,258.2200012207031,251.3699951171875,256.760009765625,93370100,2023,-4.2200164794921875,-0.7701401626197146,2.435422997917083,12,6.850006103515625,0.5686210467162821,Normal Volume
2023-12-26,256.6099853515625,257.9700012207031,252.91000366210935,254.4900054931641,86892400,2023,2.119979858398409,1.6116227819877649,2.4242767455357077,12,5.059997558593778,1.3674390555319906,Normal Volume
2023-12-27,261.44000244140625,263.3399963378906,257.5199890136719,258.3500061035156,106494400,2023,3.089996337890625,1.8822405072142834,2.340830204350751,12,5.82000732421875,1.9314844654486332,High Volume
2023-12-28,253.17999267578125,265.1300048828125,252.7100067138672,263.6600036621094,113619900,2023,-10.480010986328125,-3.1594284304201747,2.186709297173557,12,12.419998168945312,0.5575366761304416,High Volume
2023-12-29,248.47999572753903,255.19000244140625,247.42999267578125,255.1000061035156,100891600,2023,-6.6200103759765625,-1.8563856087400077,2.183650036953018,12,7.760009765625,0.03527884583982892,High Volume
2024-01-02,248.4199981689453,251.25,244.41000366210935,250.0800018310547,104654200,2024,-1.660003662109375,-0.02414583049957786,2.0556212470331428,1,6.839996337890653,0.4678495522947582,High Volume
2024-01-03,238.4499969482422,245.67999267578125,236.32000732421875,244.97999572753903,121082600,2024,-6.529998779296847,-4.013364984377277,2.1962676274578747,1,9.3599853515625,0.2857363704997105,High Volume
2024-01-04,237.92999267578125,242.6999969482422,237.72999572753903,239.25,102629300,2024,-1.32000732421875,-0.21807686270334248,2.1950602899881124,1,4.970001220703153,1.4420049940406217,High Volume
2024-01-05,237.4900054931641,240.1199951171875,234.8999938964844,236.8600006103516,92488900,2024,0.6300048828125,-0.1849229589212409,2.1510485087889326,1,5.220001220703097,1.3763381315694534,Normal Volume
2024-01-08,240.4499969482422,241.25,235.3000030517578,236.13999938964844,85166600,2024,4.30999755859375,1.2463646412957274,2.0927547203753245,1,5.9499969482421875,2.1639707900226104,Normal Volume
2024-01-09,234.9600067138672,238.9600067138672,232.0399932861328,238.1100006103516,96705700,2024,-3.1499938964844034,-2.283214932024613,2.1358201405371897,1,6.920013427734375,0.3569804297747935,High Volume
2024-01-10,233.94000244140625,235.5,231.2899932861328,235.1000061035156,91628500,2024,-1.1600036621093466,-0.43411825132567694,2.136801144972617,1,4.2100067138671875,0.1701377652488381,Normal Volume
2024-01-11,227.22000122070312,230.92999267578125,225.3699951171875,230.57000732421875,105873600,2024,-3.350006103515625,-2.8725319101363445,2.020686320025251,1,5.55999755859375,0.15612843827354453,High Volume
2024-01-12,218.88999938964844,225.33999633789065,217.1499938964844,220.0800018310547,123043800,2024,-1.19000244140625,-3.6660513098772496,2.1107006984425962,1,8.19000244140625,2.3900374695897275,High Volume
2024-01-16,219.91000366210935,223.4900054931641,212.17999267578125,215.1000061035156,115355000,2024,4.80999755859375,0.46598943547220273,2.1005096271248136,1,11.310012817382841,3.900510995620733,High Volume
2024-01-17,215.5500030517578,215.6699981689453,212.00999450683597,214.8600006103516,103164400,2024,0.6900024414062216,-1.9826295019532925,2.12334329540679,1,3.6600036621093466,0.3769885303419743,High Volume
2024-01-18,211.8800048828125,217.4499969482422,208.7400054931641,216.8800048828125,108595400,2024,-5.0,-1.7026203279913998,2.130030536589368,1,8.709991455078097,0.26281448386063677,High Volume
2024-01-19,212.19000244140625,213.19000244140625,207.55999755859372,209.9900054931641,102260300,2024,2.199996948242159,0.14630807600990448,2.1089844287742414,1,5.630004882812528,1.5238805964726403,High Volume
2024-01-22,208.8000030517578,217.8000030517578,206.2700042724609,212.25999450683597,117952500,2024,-3.4599914550781534,-1.5976244642273096,2.1169525671171336,1,11.529998779296903,2.61001068891643,High Volume
2024-01-23,209.13999938964844,215.6499938964844,207.75,211.3000030517578,106605900,2024,-2.160003662109375,0.16283349277841364,2.0929591559584266,1,7.899993896484403,2.058679972503864,High Volume
2024-01-24,207.8300018310547,212.72999572753903,206.7700042724609,211.8800048828125,123369900,2024,-4.0500030517578125,-0.6263735117226887,2.085084227287153,1,5.959991455078125,0.40116614363712644,High Volume
2024-01-25,182.6300048828125,193.0,180.05999755859375,189.6999969482422,198076800,2024,-7.0699920654296875,-12.125293136804816,2.971024411476766,1,12.94000244140625,1.7395904611733792,High Volume
2024-01-26,183.25,186.77999877929688,182.1000061035156,185.5,107343200,2024,-2.25,0.3394815203478396,2.9784621516016836,1,4.679992675781278,0.6900262961169137,High Volume
2024-01-29,190.92999267578125,191.47999572753903,183.6699981689453,185.6300048828125,125013100,2024,5.29998779296875,4.190991910385411,3.100512643747694,1,7.809997558593722,3.1514252496085486,High Volume
2024-01-30,191.58999633789065,196.3600006103516,190.6100006103516,195.3300018310547,109982300,2024,-3.740005493164034,0.3456783572134414,2.9222320254312284,1,5.75,0.5273121228902524,High Volume
2024-01-31,187.2899932861328,193.97000122070312,185.8500061035156,187.0,103221400,2024,0.2899932861328125,-2.244377647032414,2.9118340707115786,1,8.119995117187528,3.7272733800551467,High Volume
2024-02-01,188.8600006103516,189.8800048828125,184.27999877929688,188.5,91843300,2024,0.3600006103515909,0.8382761388752824,2.92961242461072,2,5.600006103515625,0.7320980810676393,Normal Volume
2024-02-02,187.91000366210935,188.69000244140625,182.0,185.0399932861328,110612700,2024,2.870010375976534,-0.5030164911426827,2.8775413843315665,2,6.69000244140625,1.972551495734936,High Volume
2024-02-05,181.05999755859372,184.67999267578125,175.00999450683594,184.25999450683597,134294400,2024,-3.1999969482422443,-3.645365318513305,2.8683923342670745,2,9.669998168945312,0.22793779521669438,High Volume
2024-02-06,185.1000061035156,186.4900054931641,177.11000061035156,177.2100067138672,122676000,2024,7.889999389648409,2.23130928940527,2.8358246549681954,2,9.380004882812528,5.236723902550768,High Volume
2024-02-07,187.5800018310547,189.7899932861328,182.67999267578125,188.17999267578125,111535200,2024,-0.5999908447265625,1.3398139631352501,2.868086826876384,2,7.1100006103515625,0.8555641795169276,High Volume
2024-02-08,189.55999755859372,191.6199951171875,185.5800018310547,189.0,83034000,2024,0.5599975585937216,1.0555473441792307,2.8527525914960252,2,6.0399932861328125,1.3862408027447088,Normal Volume
2024-02-09,193.57000732421875,194.1199951171875,189.47999572753903,190.17999267578125,84476300,2024,3.3900146484375,2.115430374167171,2.8610784301049086,2,4.639999389648466,2.0717228904951974,Normal Volume
2024-02-12,188.1300048828125,194.72999572753903,187.27999877929688,192.1100006103516,95498600,2024,-3.979995727539091,-2.8103539988478476,2.852502613990631,2,7.449996948242159,1.3637994424358293,Normal Volume
2024-02-13,184.0200042724609,187.25999450683597,182.1100006103516,183.9900054931641,86759500,2024,0.029998779296818157,-2.1846598116614824,2.8567507842421644,2,5.149993896484375,1.777264479615099,Normal Volume
2024-02-14,188.7100067138672,188.88999938964844,183.3500061035156,185.3000030517578,81203000,2024,3.410003662109375,2.5486372853585237,2.923486807558935,2,5.539993286132841,1.9373968045148227,Normal Volume
2024-02-15,200.4499969482422,200.8800048828125,188.8600006103516,189.16000366210935,120831800,2024,11.289993286132841,6.221180550417671,3.133507271120941,2,12.020004272460909,6.195813593680315,High Volume
2024-02-16,199.9499969482422,203.1699981689453,197.3999938964844,202.05999755859372,111346700,2024,-2.110000610351534,-0.24943876658132247,3.13340561543955,2,5.770004272460909,0.5493420883714061,High Volume
2024-02-20,193.75999450683597,198.6000061035156,189.1300048828125,196.1300048828125,104545800,2024,-2.370010375976534,-3.095775211743823,3.167274588215128,2,9.470001220703097,1.2593693770511656,High Volume
2024-02-21,194.7700042724609,199.44000244140625,191.9499969482422,193.3600006103516,103500300,2024,1.4100036621093182,0.5212684735028228,3.1552385772625895,2,7.4900054931640625,3.1443948137478257,High Volume
2024-02-22,197.41000366210935,198.32000732421875,191.3600006103516,194.0,92739500,2024,3.4100036621093466,1.3554445406056326,3.1602250138922736,2,6.960006713867159,2.22680789908183,Normal Volume
2024-02-23,191.97000122070312,197.57000732421875,191.5,195.30999755859372,78841900,2024,-3.3399963378905966,-2.7556873210526023,3.1861464777039785,2,6.07000732421875,1.1571398258540335,Normal Volume
2024-02-26,199.3999938964844,201.77999877929688,192.0,192.2899932861328,111747100,2024,7.110000610351591,3.870392576202164,3.257782881258113,2,9.779998779296875,4.935257072396207,High Volume
2024-02-27,199.72999572753903,205.6000061035156,198.25999450683597,204.0399932861328,108645400,2024,-4.309997558593778,0.1654974128163511,3.1991475004285794,2,7.340011596679631,0.7645622763744755,High Volume
2024-02-28,202.0399932861328,205.3000030517578,198.44000244140625,200.4199981689453,99806200,2024,1.6199951171875,1.156560160219966,3.2069788976844587,2,6.8600006103515625,2.434889196385916,High Volume
2024-02-29,201.8800048828125,205.27999877929688,198.4499969482422,204.17999267578125,85907000,2024,-2.29998779296875,-0.07918650199801869,3.1899049616178203,2,6.8300018310546875,0.5387433357695981,Normal Volume
2024-03-01,202.63999938964844,204.5200042724609,198.5,200.5200042724609,82243100,2024,2.1199951171875284,0.3764585340074067,3.1779583438385073,3,6.020004272460909,1.9948134424358543,Normal Volume
2024-03-04,188.13999938964844,199.75,186.72000122070312,198.72999572753903,134334900,2024,-10.589996337890597,-7.155546804023882,3.4283660969478924,3,13.029998779296875,0.5132613568106763,High Volume
2024-03-05,180.7400054931641,184.58999633789065,177.57000732421875,183.0500030517578,119660800,2024,-2.3099975585937216,-3.933237971984116,3.483949064162887,3,7.019989013671903,0.8412965094009883,High Volume
2024-03-06,176.5399932861328,181.5800018310547,173.6999969482422,179.99000549316406,107920900,2024,-3.45001220703125,-2.323786698783814,3.499172918174087,3,7.8800048828125,0.883380348555527,High Volume
2024-03-07,178.64999389648438,180.0399932861328,173.6999969482422,174.35000610351562,102129000,2024,4.29998779296875,1.1951969472048907,3.5127184818500305,3,6.339996337890625,3.263542864024284,High Volume
2024-03-08,175.33999633789062,182.72999572753903,174.6999969482422,181.5,85544600,2024,-6.160003662109375,-1.8527834714126334,2.753025607498915,3,8.029998779296847,0.6776835964402391,Normal Volume
2024-03-11,177.77000427246094,182.8699951171875,174.8000030517578,175.4499969482422,85391500,2024,2.32000732421875,1.3858834181150304,2.765372011639634,3,8.069992065429688,4.229124136795633,Normal Volume
2024-03-12,177.5399932861328,179.42999267578125,172.41000366210938,177.77000427246094,87391700,2024,-0.230010986328125,-0.1293868373742013,2.646066826696731,3,7.019989013671875,0.9337843074898705,Normal Volume
2024-03-13,169.47999572753906,176.0500030517578,169.14999389648438,173.0500030517578,106524500,2024,-3.57000732421875,-4.539820808488959,2.758753587419627,3,6.9000091552734375,1.7336029743395758,High Volume
2024-03-14,162.5,171.1699981689453,160.50999450683594,167.77000427246094,126325700,2024,-5.2700042724609375,-4.118477639544138,2.823109364606758,3,10.660003662109375,2.026580324193552,High Volume
2024-03-15,163.57000732421875,165.17999267578125,160.75999450683594,163.16000366210938,97146800,2024,0.410003662109375,0.6584660456730784,2.8205062521786224,3,4.4199981689453125,1.2380417800523602,High Volume
2024-03-18,173.8000030517578,174.72000122070312,165.89999389648438,170.02000427246094,108214400,2024,3.779998779296875,6.254200201423088,3.073689755554376,3,8.82000732421875,2.7643787966916733,High Volume
2024-03-19,171.32000732421875,172.82000732421875,167.4199981689453,172.36000061035156,77271400,2024,-1.0399932861328125,-1.4269250195585559,3.014406162901075,3,5.4000091552734375,0.2668871618926883,Normal Volume
2024-03-20,175.66000366210938,176.25,170.82000732421875,173.0,83846700,2024,2.660003662109375,2.5332688257929448,3.023089229363202,3,5.42999267578125,1.8786127167630058,Normal Volume
2024-03-21,172.82000732421875,178.17999267578125,171.8000030517578,176.38999938964844,73178000,2024,-3.5699920654296875,-1.6167575308454918,3.021710780008763,3,6.3799896240234375,1.0147929544342746,Normal Volume
2024-03-22,170.8300018310547,171.1999969482422,166.3000030517578,166.69000244140625,75580600,2024,4.1399993896484375,-1.151490226146512,3.0162297330620107,3,4.899993896484375,2.705617877965573,Normal Volume
2024-03-25,172.6300048828125,175.24000549316406,168.72999572753906,168.75999450683594,74228600,2024,3.8700103759765625,1.0536808713131895,2.9930237963364283,3,6.510009765625,3.8397790929447084,Normal Volume
2024-03-26,177.6699981689453,184.25,177.3800048828125,178.5800018310547,113186200,2024,-0.910003662109375,2.9195349264770964,3.0125442691683157,3,6.8699951171875,3.175046539818834,High Volume
2024-03-27,179.8300018310547,181.91000366210935,176.0,181.41000366210935,81804000,2024,-1.580001831054659,1.2157391142962881,2.997147848550715,3,5.910003662109347,0.27561875856156753,Normal Volume
2024-03-28,175.7899932861328,179.57000732421875,175.3000030517578,177.4499969482422,77654800,2024,-1.660003662109375,-2.2465709302040393,2.982537316335027,3,4.2700042724609375,1.1947086009784027,Normal Volume
2024-04-01,175.22000122070312,176.75,170.2100067138672,176.1699981689453,81562100,2024,-0.9499969482421875,-0.3242460249155976,2.7254664067077496,4,6.5399932861328125,0.329228493547733,Normal Volume
2024-04-02,166.6300048828125,167.69000244140625,163.42999267578125,164.75,116650600,2024,1.8800048828125,-4.902406276707449,2.8456831827208817,4,4.260009765625,1.7845234849203337,High Volume
2024-04-03,168.3800048828125,168.82000732421875,163.27999877929688,164.02000427246094,82950100,2024,4.3600006103515625,1.050231020055925,2.8191575656219383,4,5.540008544921875,2.92647416578792,Normal Volume
2024-04-04,171.11000061035156,177.19000244140625,168.00999450683594,170.07000732421875,123162000,2024,1.0399932861328125,1.6213301154368365,2.8390167464521947,4,9.180007934570312,4.186508385111112,High Volume
2024-04-05,164.89999389648438,170.86000061035156,160.50999450683594,169.0800018310547,143157600,2024,-4.1800079345703125,-3.6292482565110196,2.8788384707339914,4,10.350006103515625,1.0527553584222549,High Volume
2024-04-08,172.97999572753906,174.5,167.7899932861328,169.33999633789062,104423300,2024,3.6399993896484375,4.899940648952894,3.013439601338567,4,6.7100067138671875,3.0471263574456566,High Volume
2024-04-09,176.8800048828125,179.22000122070312,171.9199981689453,172.91000366210938,102951700,2024,3.970001220703125,2.254601255405486,2.9500590272190808,4,7.3000030517578125,3.6492958330649152,High Volume
2024-04-10,171.75999450683594,174.92999267578125,170.00999450683594,173.0399932861328,84532400,2024,-1.279998779296875,-2.8946236061948905,2.984102774710815,4,4.9199981689453125,1.0922326993640143,Normal Volume
2024-04-11,174.60000610351562,175.8800048828125,168.50999450683594,172.5500030517578,94516000,2024,2.0500030517578125,1.653476762638495,2.994735737310975,4,7.3700103759765625,1.929876425476403,Normal Volume
2024-04-12,171.0500030517578,173.80999755859375,170.36000061035156,172.33999633789062,64722700,2024,-1.2899932861328125,-2.0332204625772565,3.007799486472065,4,3.4499969482421875,0.8529657954854737,Normal Volume
2024-04-15,161.47999572753906,170.69000244140625,161.3800048828125,170.24000549316406,100245300,2024,-8.760009765625,-5.594859487563397,3.1419163969724773,4,9.30999755859375,0.26433090561680994,High Volume
2024-04-16,157.11000061035156,158.19000244140625,153.75,156.74000549316406,97000000,2024,0.3699951171875,-2.7062145360474688,2.924458089223934,4,4.44000244140625,0.9250969104409191,High Volume
2024-04-17,155.4499969482422,158.3300018310547,153.77999877929688,157.63999938964844,82439700,2024,-2.19000244140625,-1.0565868854054306,2.8563270008219077,4,4.5500030517578125,0.43770771636501266,Normal Volume
2024-04-18,149.92999267578125,152.1999969482422,148.6999969482422,151.25,96098800,2024,-1.32000732421875,-3.550983840996058,2.892472701680111,4,3.5,0.6280971558626033,Normal Volume
2024-04-19,147.0500030517578,150.94000244140625,146.22000122070312,148.97000122070312,87074500,2024,-1.9199981689453125,-1.9208895916184798,2.8853416547443786,4,4.720001220703125,1.3224147174332868,Normal Volume
2024-04-22,142.0500030517578,144.44000244140625,138.8000030517578,140.55999755859375,107097600,2024,1.4900054931640625,-3.400203941675628,2.9219881365424016,4,5.6399993896484375,2.7603905451087414,High Volume
2024-04-23,144.67999267578125,147.25999450683594,141.11000061035156,143.3300018310547,124545100,2024,1.3499908447265625,1.8514534090260826,2.934428080647298,4,6.149993896484375,2.7419190857288855,High Volume
2024-04-24,162.1300048828125,167.97000122070312,157.50999450683594,162.83999633789062,181178000,2024,-0.709991455078125,12.061109407252758,3.7411117336520188,4,10.460006713867188,3.1503346832358154,High Volume
2024-04-25,170.17999267578125,170.8800048828125,158.36000061035156,158.9600067138672,126427500,2024,11.219985961914062,4.965143743002587,3.7664730207280237,4,12.520004272460938,7.498740353227129,High Volume
2024-04-26,168.2899932861328,172.1199951171875,166.3699951171875,168.85000610351562,109815700,2024,-0.5600128173828125,-1.1105884774887609,3.690099773685653,4,5.75,1.9366235685340558,High Volume
2024-04-29,194.0500030517578,198.8699951171875,184.5399932861328,188.4199981689453,243869700,2024,5.6300048828125,15.306917103399531,4.609976554289488,4,14.330001831054688,5.546118803627351,High Volume
2024-04-30,183.27999877929688,190.9499969482422,182.83999633789065,186.97999572753903,127031800,2024,-3.699996948242159,-5.550118063944742,4.620593540706365,4,8.110000610351534,2.123222436312442,High Volume
2024-05-01,179.99000549316406,185.8600006103516,179.00999450683594,182.0,92829700,2024,-2.0099945068359375,-1.7950640048260635,4.625757186962615,5,6.850006103515653,2.120879456237138,Normal Volume
2024-05-02,180.00999450683594,184.6000061035156,176.02000427246094,182.8600006103516,89148000,2024,-2.8500061035156534,0.01110562423569661,4.605957989845497,5,8.580001831054659,0.9515506329192833,Normal Volume
2024-05-03,181.19000244140625,184.77999877929688,178.4199981689453,182.1000061035156,75491500,2024,-0.9100036621093466,0.6555235656792835,4.594071509850716,5,6.3600006103515625,1.471714764390411,Normal Volume
2024-05-06,184.75999450683597,187.55999755859372,182.1999969482422,183.8000030517578,84390300,2024,0.9599914550781534,1.970303006416807,4.596467834180075,5,5.360000610351534,2.04569882720682,Normal Volume
2024-05-07,177.80999755859375,183.25999450683597,177.39999389648438,182.3999938964844,75045900,2024,-4.589996337890653,-3.761635178001199,4.655080625646639,5,5.860000610351591,0.4714915784699148,Normal Volume
2024-05-08,174.72000122070312,176.05999755859375,170.14999389648438,171.58999633789062,79969500,2024,3.1300048828125,-1.7378079862311324,4.638842562348495,5,5.910003662109375,2.6050476811602197,Normal Volume
2024-05-09,171.97000122070312,175.6199951171875,171.3699951171875,175.00999450683594,65950300,2024,-3.0399932861328125,-1.573946875450305,4.642490772095316,5,4.25,0.34855187103484864,Normal Volume
2024-05-10,168.47000122070312,173.05999755859375,167.75,173.0500030517578,72627200,2024,-4.5800018310546875,-2.035238689978358,4.63920136051555,5,5.30999755859375,0.005775502259279491,Normal Volume
2024-05-13,171.88999938964844,175.39999389648438,169.0,170.0,67018900,2024,1.8899993896484375,2.030033919489904,4.654160260994991,5,6.399993896484375,3.176466997931985,Normal Volume
2024-05-14,177.5500030517578,179.49000549316406,174.07000732421875,174.5,86407400,2024,3.0500030517578125,3.292805679333921,4.594436598123831,5,5.4199981689453125,2.859602001813216,Normal Volume
2024-05-15,173.99000549316406,180.0,173.11000061035156,179.89999389648438,79663000,2024,-5.9099884033203125,-2.005067585133169,4.611273535207497,5,6.8899993896484375,0.0555898315222674,Normal Volume
2024-05-16,174.83999633789062,175.7899932861328,171.42999267578125,174.10000610351562,59812200,2024,0.739990234375,0.4885285464054867,4.603927039102744,5,4.3600006103515625,0.9706990944114973,Normal Volume
2024-05-17,177.4600067138672,179.6300048828125,172.75,173.5500030517578,77445800,2024,3.910003662109375,1.4985188920464187,4.552936297396538,5,6.8800048828125,3.5033141596900164,Normal Volume
2024-05-20,174.9499969482422,177.75,173.52000427246094,177.55999755859375,61727400,2024,-2.6100006103515625,-1.4144086952910362,4.480258311277956,5,4.2299957275390625,0.10700745889768912,Normal Volume
2024-05-21,186.6000061035156,186.8800048828125,174.7100067138672,175.50999450683594,115266500,2024,11.090011596679659,6.65905079079252,4.622199897350521,5,12.169998168945312,6.478269461477142,High Volume
2024-05-22,180.11000061035156,183.8000030517578,178.1199951171875,182.8500061035156,88313500,2024,-2.740005493164034,-3.478030697149992,4.637205785448155,5,5.6800079345703125,0.5195498586444678,Normal Volume
2024-05-23,173.74000549316406,181.8999938964844,173.25999450683594,181.8000030517578,71975500,2024,-8.05999755859375,-3.5367248323807887,4.679942745786739,5,8.639999389648466,0.05500046372283277,Normal Volume
2024-05-24,179.24000549316406,180.0800018310547,173.72999572753906,174.83999633789062,65584500,2024,4.4000091552734375,3.165649721483632,4.6950596699400355,5,6.350006103515625,2.99702905680539,Normal Volume
2024-05-28,176.75,178.25,173.16000366210938,176.39999389648438,59736600,2024,0.350006103515625,-1.389201861667555,4.575553956643929,5,5.089996337890625,1.0487563307974102,Normal Volume
2024-05-29,176.19000244140625,178.14999389648438,173.92999267578125,174.19000244140625,54782600,2024,2.0,-0.3168303018918017,4.540320138418058,5,4.220001220703125,2.273374705537524,Normal Volume
2024-05-30,178.7899932861328,182.6699981689453,175.3800048828125,178.5800018310547,77618400,2024,0.209991455078125,1.4756744473008343,4.5343526142285375,5,7.2899932861328125,2.29028799191074,Normal Volume
2024-05-31,178.0800018310547,180.32000732421875,173.82000732421875,178.5,67314600,2024,-0.4199981689453125,-0.3971091681523098,4.471839012531405,5,6.5,1.0196119463410365,Normal Volume
2024-06-03,176.2899932861328,182.63999938964844,174.49000549316406,178.1300048828125,68568900,2024,-1.8400115966796875,-1.00517100545634,4.456665199962152,6,8.149993896484375,2.5318556016449647,Normal Volume
2024-06-04,174.77000427246094,177.75999450683594,174.0,174.77999877929688,60056300,2024,-0.0099945068359375,-0.8622094682395387,4.399925290712211,6,3.7599945068359375,1.7049981395766265,Normal Volume
2024-06-05,175.0,176.14999389648438,172.1300048828125,175.35000610351562,57953800,2024,-0.350006103515625,0.13159908560766986,4.396714816039731,6,4.019989013671875,0.456223418946725,Normal Volume
2024-06-06,177.94000244140625,179.72999572753906,172.72999572753906,174.60000610351562,69887000,2024,3.339996337890625,1.6800013950892811,3.848014995905161,6,7.0,2.938138284475205,Normal Volume
2024-06-07,177.47999572753906,179.35000610351562,175.5800018310547,176.1300048828125,56244900,2024,1.3499908447265625,-0.25851787543875737,3.7502672698408506,6,3.7700042724609375,1.828195725563933,Normal Volume
2024-06-10,173.7899932861328,178.57000732421875,173.1699981689453,176.05999755859375,50774600,2024,-2.2700042724609375,-2.0791089307163446,3.7661146810321378,6,5.4000091552734375,1.4256559130018474,Normal Volume
2024-06-11,170.66000366210938,174.75,167.41000366210938,173.9199981689453,64761900,2024,-3.2599945068359375,-1.8010183238054034,2.466372944190003,6,7.339996337890625,0.4772319686022688,Normal Volume
2024-06-12,177.2899932861328,180.5500030517578,169.8000030517578,171.1199951171875,90389400,2024,6.1699981689453125,3.8849112163094723,2.3870162768311807,6,10.75,5.510757482264065,Normal Volume
2024-06-13,182.47000122070312,191.0800018310547,181.22999572753903,188.38999938964844,118984100,2024,-5.9199981689453125,2.9217711832219218,2.4254230526471487,6,9.850006103515653,1.4278902543242213,High Volume
2024-06-14,178.00999450683594,186.0,176.9199981689453,185.8000030517578,82038200,2024,-7.790008544921875,-2.4442410719736185,2.468653026033476,6,9.080001831054688,0.10764098221595554,Normal Volume
2024-06-17,187.44000244140625,188.80999755859372,177.0,177.9199981689453,109786100,2024,9.520004272460938,5.2974598199923895,2.6504596880338718,6,11.809997558593722,6.12072813720902,High Volume
2024-06-18,184.8600006103516,187.1999969482422,182.3699951171875,186.55999755859372,68982300,2024,-1.6999969482421307,-1.3764414198944364,2.6414730807307785,6,4.8300018310546875,0.34305285057020785,Normal Volume
2024-06-20,181.57000732421875,185.2100067138672,179.66000366210938,184.67999267578125,55893100,2024,-3.1099853515625,-1.7797215597047944,2.56697479717464,6,5.5500030517578125,0.2869905020065787,Normal Volume
2024-06-21,183.00999450683597,183.9499969482422,180.69000244140625,182.3000030517578,61937300,2024,0.7099914550781534,0.7930754665036233,2.5459554886928784,6,3.2599945068359375,0.9050981178622998,Normal Volume
2024-06-24,182.5800018310547,188.8000030517578,182.5500030517578,184.97000122070312,61992100,2024,-2.3899993896484375,-0.23495584322593688,2.5257027719627483,6,6.25,2.070607020478306,Normal Volume
2024-06-25,187.3500061035156,187.97000122070312,182.00999450683597,184.3999938964844,62905700,2024,2.950012207031193,2.6125557150967094,2.524498477546793,6,5.960006713867159,1.936012712789349,Normal Volume
2024-06-26,196.3699951171875,197.75999450683597,186.3600006103516,186.5399932861328,95737100,2024,9.830001831054688,4.81451226037759,2.635795688962102,6,11.399993896484375,6.014796625135955,Normal Volume
2024-06-27,197.4199981689453,198.72000122070312,194.0500030517578,195.1699981689453,72746500,2024,2.25,0.5347064612041263,2.5817741594390093,6,4.6699981689453125,1.8189286699100229,Normal Volume
2024-06-28,197.8800048828125,203.1999969482422,195.25999450683597,199.5500030517578,95438100,2024,-1.6699981689453125,0.2330091774560339,2.542334816094725,6,7.940002441406222,1.829112423284537,Normal Volume
2024-07-01,209.8600006103516,213.22999572753903,200.8500061035156,201.0200042724609,135691400,2024,8.839996337890682,6.054171938510833,2.7398432591189956,7,12.379989624023438,6.074018105446262,High Volume
2024-07-02,231.25999450683597,231.3000030517578,218.05999755859372,218.88999938964844,205047900,2024,12.369995117187528,10.197271435359356,3.2465976161977808,7,13.240005493164091,5.669516056792615,High Volume
2024-07-03,246.38999938964844,248.3500061035156,234.25,234.55999755859372,166561500,2024,11.830001831054716,6.542422054051045,3.3706018317387794,7,14.100006103515597,5.879096473590768,High Volume
2024-07-05,251.5200042724609,252.3699951171875,242.4600067138672,249.80999755859372,154501200,2024,1.7100067138671875,2.082067005771493,3.215040217249267,7,9.909988403320312,1.0247778646222208,High Volume
2024-07-08,252.94000244140625,259.44000244140625,244.57000732421875,247.7100067138672,157219600,2024,5.2299957275390625,0.5645666924397386,3.101480237521879,7,14.8699951171875,4.735374191438508,High Volume
2024-07-09,262.3299865722656,265.6099853515625,250.3000030517578,251.0,160210900,2024,11.329986572265625,3.712336538398886,3.001835483278615,7,15.309982299804688,5.8207112954432265,High Volume
2024-07-10,263.260009765625,267.5899963378906,257.8599853515625,262.79998779296875,128519400,2024,0.46002197265625,0.3545241645880992,2.9894799504403364,7,9.730010986328125,1.8226821793825183,High Volume
2024-07-11,241.02999877929688,271.0,239.6499938964844,263.29998779296875,221707300,2024,-22.269989013671875,-8.444127539962887,3.4525001962015978,7,31.350006103515597,2.9244255845107463,High Volume
2024-07-12,248.22999572753903,251.83999633789065,233.08999633789065,235.8000030517578,155955800,2024,12.429992675781222,2.9871787680814554,3.4585624548928693,7,18.75,6.802371958668754,High Volume
2024-07-15,252.63999938964844,265.6000061035156,251.72999572753903,255.97000122070312,146912900,2024,-3.3300018310546875,1.776579679334911,3.4598064904059234,7,13.870010375976591,3.762161517712106,High Volume
2024-07-16,256.5599975585937,258.6199951171875,245.8000030517578,255.30999755859372,126332500,2024,1.2499999999999716,1.5516142251486453,3.4467372253305033,7,12.819992065429688,1.2964621794076563,High Volume
2024-07-17,248.5,258.4700012207031,246.17999267578125,252.72999572753903,115584800,2024,-4.229995727539034,-3.1415644041518753,3.5169629705991783,7,12.290008544921875,2.271200724172142,High Volume
2024-07-18,249.22999572753903,257.1400146484375,247.1999969482422,251.08999633789065,110869000,2024,-1.8600006103516193,0.2937608561525362,3.499765441263341,7,9.940017700195312,2.409501931094604,High Volume
2024-07-19,239.1999969482422,249.44000244140625,236.8300018310547,247.7899932861328,87403900,2024,-8.589996337890625,-4.02439471622098,3.6255039604143087,7,12.610000610351562,0.6658901489085184,Normal Volume
2024-07-22,251.50999450683597,253.2100067138672,243.75,244.2100067138672,101225400,2024,7.299987792968778,5.146320115237035,3.6987860941877435,7,9.460006713867188,3.685352668838424,High Volume
2024-07-23,246.3800048828125,255.75999450683597,245.6300048828125,253.6000061035156,111928200,2024,-7.220001220703097,-2.0396762498772314,3.737524232086346,7,10.129989624023466,0.8517304224506586,High Volume
2024-07-24,215.9900054931641,225.9900054931641,214.7100067138672,225.4199981689453,167942900,2024,-9.429992675781222,-12.334604589403686,4.446384917373323,7,11.279998779296903,0.252864576722947,High Volume
2024-07-25,220.25,226.0,216.22999572753903,216.8000030517578,100636500,2024,3.4499969482421875,1.9723109396238891,4.422862169653624,7,9.770004272460966,4.243540968053319,High Volume
2024-07-26,219.8000030517578,222.27999877929688,215.3300018310547,221.19000244140625,94604100,2024,-1.3899993896484375,-0.20431189477511102,4.392206816520369,7,6.9499969482421875,0.49278734384903655,Normal Volume
2024-07-29,232.1000061035156,234.2700042724609,224.6999969482422,224.8999938964844,129201800,2024,7.200012207031193,5.595997671056185,4.4630269828342755,7,9.570007324218722,4.166300858278047,High Volume
2024-07-30,222.6199951171875,232.41000366210935,220.0,232.25,100560300,2024,-9.6300048828125,-4.084450985365362,4.515188606847775,7,12.410003662109347,0.06889285774352921,High Volume
2024-07-31,232.07000732421875,234.67999267578125,226.7899932861328,227.8999938964844,67497000,2024,4.170013427734347,4.244907202543402,4.483402836973332,7,7.8899993896484375,2.974988574320201,Normal Volume
2024-08-01,216.8600006103516,231.8699951171875,214.3300018310547,227.69000244140625,83861900,2024,-10.830001831054659,-6.554059651757438,4.666519707802435,8,17.539993286132812,1.8358261807550946,Normal Volume
2024-08-02,207.6699981689453,216.1300048828125,205.77999877929688,214.8800048828125,82880100,2024,-7.2100067138671875,-4.237758192170549,4.73160854140971,8,10.350006103515625,0.5817200165653864,Normal Volume
2024-08-05,198.8800048828125,203.8800048828125,182.0,185.22000122070312,100308800,2024,13.660003662109375,-4.232673647438423,4.811325909705993,8,21.8800048828125,10.074507903644067,High Volume
2024-08-06,200.63999938964844,202.8999938964844,192.6699981689453,200.75,73783900,2024,-0.1100006103515625,0.8849529684359148,4.810644091657882,8,10.229995727539091,1.0709807703533767,Normal Volume
2024-08-07,191.75999450683597,203.4900054931641,191.47999572753903,200.7700042724609,71159800,2024,-9.010009765624943,-4.425839767656326,4.871703273675937,8,12.010009765625057,1.3547846604674685,Normal Volume
2024-08-08,198.83999633789065,200.6999969482422,192.0399932861328,195.6999969482422,65033900,2024,3.139999389648466,3.6921162045623124,4.839196866252171,8,8.660003662109375,2.554931056704296,Normal Volume
2024-08-09,200.0,200.8800048828125,195.1100006103516,197.0500030517578,58648300,2024,2.9499969482421875,0.5833854775063152,4.839336187953411,8,5.770004272460909,1.9436700186442963,Normal Volume
2024-08-12,197.4900054931641,199.25999450683597,194.6699981689453,199.0200042724609,64044900,2024,-1.5299987792968182,-1.2549972534179554,4.8461637697343924,8,4.589996337890653,0.12058598594265288,Normal Volume
2024-08-13,207.8300018310547,208.4900054931641,197.05999755859372,198.47000122070312,76247400,2024,9.360000610351562,5.2357061371637315,4.813733437813944,8,11.43000793457037,5.04862407962526,Normal Volume
2024-08-14,201.3800048828125,208.44000244140625,198.75,207.38999938964844,70250000,2024,-6.0099945068359375,-3.10349655555765,4.448565794860363,8,9.69000244140625,0.506293965402375,Normal Volume
2024-08-15,214.13999938964844,215.8800048828125,204.82000732421875,205.0200042724609,89848500,2024,9.119995117187528,6.336276788880446,4.437678898594837,8,11.05999755859375,5.297044378127715,Normal Volume
2024-08-16,216.1199951171875,219.8000030517578,210.8000030517578,211.1499938964844,88765100,2024,4.970001220703097,0.9246267550119258,4.420633889216338,8,9.0,4.096618235998647,Normal Volume
2024-08-19,222.72000122070312,222.97999572753903,214.08999633789065,217.07000732421875,76435200,2024,5.649993896484375,3.0538618603692225,4.462671384167693,8,8.88999938964838,2.722618604095334,Normal Volume
2024-08-20,221.1000061035156,228.22000122070312,219.55999755859372,224.8800048828125,74001200,2024,-3.7799987792969034,-0.7273684933138069,4.397321731813783,8,8.660003662109403,1.4852349098938942,Normal Volume
2024-08-21,223.2700042724609,224.66000366210935,218.8600006103516,222.6699981689453,70146000,2024,0.6000061035155966,0.9814554993405888,4.40287382131521,8,5.800003051757756,0.8937016704217904,Normal Volume
2024-08-22,210.66000366210935,224.8000030517578,210.32000732421875,223.82000732421875,79514500,2024,-13.160003662109403,-5.6478704568676985,4.254951616973756,8,14.479995727539062,0.43784992202215006,Normal Volume
2024-08-23,220.32000732421875,221.47999572753903,214.2100067138672,214.4600067138672,81525200,2024,5.8600006103515625,4.58558981020607,4.307966799075588,8,7.269989013671847,3.2733324600879667,Normal Volume
2024-08-26,213.2100067138672,219.08999633789065,211.00999450683597,218.75,59301200,2024,-5.5399932861328125,-3.2271243527550397,4.32143345539891,8,8.080001831054688,0.15542689732144158,Normal Volume
2024-08-27,209.2100067138672,215.66000366210935,206.94000244140625,213.25,62821400,2024,-4.0399932861328125,-1.8760845523390857,4.311389258346329,8,8.720001220703097,1.1301306739082517,Normal Volume
2024-08-28,205.75,211.83999633789065,202.58999633789065,209.72000122070312,64116400,2024,-3.970001220703125,-1.653843794670573,4.2894833033425135,8,9.25,1.0108693042379435,Normal Volume
2024-08-29,206.27999877929688,214.88999938964844,205.97000122070312,209.8000030517578,62308800,2024,-3.5200042724609375,0.2575935743848623,4.2892469626006875,8,8.919998168945312,2.4261183335802525,Normal Volume
2024-08-30,214.1100006103516,214.57000732421875,207.02999877929688,208.6300048828125,63370600,2024,5.479995727539091,3.795812428442069,4.307637938792708,8,7.540008544921875,2.847146768147156,Normal Volume
2024-09-03,210.6000061035156,219.8999938964844,209.63999938964844,215.25999450683597,76714200,2024,-4.659988403320369,-1.6393416920415849,4.189575974250538,9,10.259994506835966,2.1555326154675183,Normal Volume
2024-09-04,219.41000366210935,222.22000122070312,210.57000732421875,210.58999633789065,80651800,2024,8.820007324218693,4.183284569452206,4.2642725951741305,9,11.649993896484375,5.522581834396437,Normal Volume
2024-09-05,230.1699981689453,235.0,222.25,223.4900054931641,119355000,2024,6.679992675781222,4.904058305110981,3.7117652402825714,9,12.75,5.150115989051674,High Volume
2024-09-06,210.72999572753903,233.6000061035156,210.50999450683597,232.6000061035156,112177000,2024,-21.870010375976562,-8.445932396079382,4.022235290132216,9,23.09001159667963,0.42992260264815435,High Volume
2024-09-09,216.2700042724609,219.8699951171875,213.6699981689453,216.1999969482422,67443500,2024,0.07000732421872158,2.6289605928169646,4.052088829739502,9,6.1999969482421875,1.697501489708116,Normal Volume
2024-09-10,226.1699981689453,226.3999938964844,218.63999938964844,220.07000732421875,78891100,2024,6.0999908447265625,4.577608406578748,4.0078407375594916,9,7.759994506835966,2.87635132530349,Normal Volume
2024-09-11,228.1300048828125,228.47000122070312,216.8000030517578,224.5500030517578,83548600,2024,3.5800018310546875,0.8666077418469476,3.935477158842308,9,11.669998168945312,1.7457128103631196,Normal Volume
2024-09-12,229.80999755859372,231.4499969482422,223.8300018310547,224.66000366210935,71894900,2024,5.149993896484375,0.7364189890953776,3.861239550110145,9,7.6199951171875,3.022341838979515,Normal Volume
2024-09-13,230.2899932861328,232.6699981689453,226.32000732421875,228.0,59515100,2024,2.2899932861328125,0.20886633855723424,3.654885289371899,9,6.3499908447265625,2.048244810940927,Normal Volume
2024-09-16,226.77999877929688,229.9600067138672,223.52999877929688,229.3000030517578,54323000,2024,-2.5200042724609375,-1.5241628421408637,3.572237491605713,9,6.4300079345703125,0.2878341270498799,Normal Volume
2024-09-17,227.8699951171875,234.57000732421875,226.5500030517578,229.4499969482422,66761600,2024,-1.5800018310546875,0.4806404196833203,3.4655204450765202,9,8.020004272460938,2.231427519753465,Normal Volume
2024-09-18,227.1999969482422,235.67999267578125,226.8800048828125,230.08999633789065,78010200,2024,-2.889999389648466,-0.2940264990135111,3.4678417951263394,9,8.79998779296875,2.429482561980488,Normal Volume
2024-09-19,243.9199981689453,244.2400054931641,232.1300048828125,234.0,102694600,2024,9.919998168945312,7.359155565707187,3.5599542158402167,9,12.110000610351591,4.376070723574397,High Volume
2024-09-20,238.25,243.9900054931641,235.9199981689453,241.5200042724609,99879100,2024,-3.270004272460909,-2.324531900421767,3.5647603267749863,9,8.070007324218778,1.0226901196626144,High Volume
2024-09-23,250.0,250.0,241.9199981689453,242.6100006103516,86927200,2024,7.389999389648409,4.931794333683115,3.6487009014610168,9,8.080001831054688,3.046040711865484,Normal Volume
2024-09-24,254.2700042724609,257.19000244140625,249.0500030517578,254.0800018310547,88491000,2024,0.19000244140622158,1.7080017089843746,3.630907757500942,9,8.139999389648438,1.2240241608702025,Normal Volume
2024-09-25,257.0199890136719,257.04998779296875,252.27999877929688,252.5399932861328,65034300,2024,4.4799957275390625,1.081521490936166,3.538271643567749,9,4.769989013671875,1.7858535783383918,Normal Volume
2024-09-26,254.22000122070312,261.75,251.52999877929688,260.6000061035156,67142200,2024,-6.3800048828125,-1.089404681602335,3.4808573173024837,9,10.220001220703125,0.44128697987350546,Normal Volume
2024-09-27,260.4599914550781,260.70001220703125,254.1199951171875,257.3800048828125,70988100,2024,3.079986572265625,2.4545630573566513,3.338685752884407,9,6.58001708984375,1.2899243380348757,Normal Volume
2024-09-30,261.6300048828125,264.8599853515625,255.7700042724609,259.0400085449219,80705700,2024,2.589996337890625,0.4492104223754234,3.3387553894828854,9,9.089981079101591,2.246748229870964,Normal Volume
2024-10-01,258.0199890136719,263.9800109863281,248.52999877929688,262.6700134277344,87397600,2024,-4.6500244140625,-1.3798172234708361,3.328769896513057,10,15.45001220703125,0.4987236805217417,Normal Volume
2024-10-02,249.0200042724609,251.16000366210935,241.5,247.5500030517578,93983900,2024,1.4700012207030966,-3.488095932262858,3.40251220744187,10,9.660003662109347,1.458291482871343,Normal Volume
2024-10-03,240.66000366210935,249.7899932861328,237.80999755859372,244.47999572753903,80729200,2024,-3.8199920654296875,-3.357160254966751,3.4708110357420994,10,11.979995727539091,2.1719558456273496,Normal Volume
2024-10-04,250.0800018310547,250.9600067138672,244.5800018310547,246.69000244140625,86573200,2024,3.3899993896484375,3.914235030998836,3.3415868670508706,10,6.3800048828125,1.7309190604411089,Normal Volume
2024-10-07,240.8300018310547,249.8300018310547,240.6999969482422,249.0,68113300,2024,-8.169998168945312,-3.698816351676526,3.345518737539121,10,9.1300048828125,0.33333406869666166,Normal Volume
2024-10-08,244.5,246.2100067138672,240.55999755859372,243.55999755859372,56303200,2024,0.9400024414062784,1.5238957526229946,3.2821329949325166,10,5.650009155273466,1.088031360583319,Normal Volume
2024-10-09,241.0500030517578,247.42999267578125,239.50999450683597,243.82000732421875,66289500,2024,-2.7700042724609375,-1.4110416966225725,3.271557598421087,10,7.919998168945284,1.4805943905834336,Normal Volume
2024-10-10,238.7700042724609,242.7899932861328,232.33999633789065,241.80999755859372,83087100,2024,-3.0399932861328125,-0.9458613360014523,3.25782169435197,10,10.449996948242159,0.4052751074949352,Normal Volume
2024-10-11,217.8000030517578,223.33999633789065,214.3800048828125,220.1300048828125,142628900,2024,-2.3300018310546875,-8.782510719719294,3.676829254334243,10,8.959991455078153,1.4582253140761121,High Volume
2024-10-14,219.16000366210935,221.91000366210935,213.7400054931641,220.1300048828125,86291900,2024,-0.9700012207031534,0.6244263504570968,3.616386068901508,10,8.169998168945256,0.8086125197900392,Normal Volume
2024-10-15,219.57000732421875,224.25999450683597,217.1199951171875,220.00999450683597,62988800,2024,-0.4399871826172159,0.18707960177877236,3.600707619953415,10,7.139999389648466,1.9317304241230495,Normal Volume
2024-10-16,221.3300018310547,222.82000732421875,218.92999267578125,221.3999938964844,49632800,2024,-0.06999206542971592,0.8015641700267029,3.523906975956172,10,3.8900146484375,0.6413791629995591,Normal Volume
2024-10-17,220.88999938964844,222.0800018310547,217.8999938964844,221.58999633789065,50791800,2024,-0.6999969482422159,-0.1987992760882462,3.404657205663704,10,4.180007934570284,0.2211315949556004,Normal Volume
2024-10-18,220.6999969482422,222.27999877929688,219.22999572753903,220.7100067138672,49611900,2024,-0.010009765625,-0.08601676940163117,3.0162991838731124,10,3.050003051757841,0.7113370566224739,Normal Volume
2024-10-21,218.8500061035156,220.47999572753903,215.72999572753903,218.8999938964844,47329000,2024,-0.04998779296880684,-0.8382378207102748,2.986236084326558,10,4.75,0.7217916286474625,Normal Volume
2024-10-22,217.97000122070312,218.22000122070312,215.25999450683597,217.30999755859372,43268700,2024,0.6600036621094034,-0.4021041161845984,2.863665655307929,10,2.960006713867159,0.4187583048792025,Normal Volume
2024-10-23,213.6499938964844,218.72000122070312,212.1100006103516,217.1300048828125,80938900,2024,-3.4800109863280966,-1.9819274670942244,2.8782780562688157,10,6.610000610351534,0.7322784977363049,Normal Volume
2024-10-24,260.4800109863281,262.1199951171875,242.6499938964844,244.67999267578125,204491900,2024,15.800018310546875,21.919035070290406,4.957535842978712,10,19.470001220703097,7.12767817698749,High Volume
2024-10-25,269.19000244140625,269.489990234375,255.32000732421875,256.010009765625,161611900,2024,13.17999267578125,3.343823359841336,4.983548090812431,10,14.16998291015625,5.265411489609647,High Volume
2024-10-28,262.510009765625,273.5400085449219,262.239990234375,270.0,107653600,2024,-7.489990234375,-2.4815158866218545,5.00086970535736,10,11.300018310546875,1.3111142758969907,High Volume
2024-10-29,259.5199890136719,264.9800109863281,255.50999450683597,264.510009765625,80521800,2024,-4.990020751953125,-1.139012091242797,5.0109424070049,10,9.470016479492159,0.17768749890394697,Normal Volume
2024-10-30,257.54998779296875,263.3500061035156,255.82000732421875,258.0400085449219,53993600,2024,-0.490020751953125,-0.7590942139718337,5.014351092416743,10,7.529998779296875,2.057819478667913,Normal Volume
2024-10-31,249.8500061035156,259.75,249.25,257.989990234375,66575300,2024,-8.139984130859403,-2.9897037679701866,4.882666314705439,10,10.5,0.6822007954750848,Normal Volume
2024-11-01,248.97999572753903,254.0,246.6300048828125,252.0399932861328,57544800,2024,-3.0599975585937784,-0.3482130697311736,4.860907301528932,11,7.3699951171875,0.7776570251063512,Normal Volume
2024-11-04,242.83999633789065,248.8999938964844,238.8800048828125,244.55999755859372,68802400,2024,-1.7200012207030682,-2.4660613282231014,4.802614866968059,11,10.019989013671903,1.7746141565326397,Normal Volume
2024-11-05,251.44000244140625,255.27999877929688,246.2100067138672,247.33999633789065,69282500,2024,4.100006103515597,3.541429020427689,4.836572374105338,11,9.069992065429688,3.2101570950779026,Normal Volume
2024-11-06,288.5299987792969,289.5899963378906,275.6199951171875,284.6700134277344,165228700,2024,3.8599853515625,14.751032444224466,5.529716170923451,11,13.970001220703125,1.72831091371878,High Volume
2024-11-07,296.9100036621094,299.75,285.5199890136719,288.8900146484375,117309200,2024,8.019989013671875,2.904379065700735,5.537647508099186,11,14.230010986328125,3.7592110494987083,High Volume
2024-11-08,321.2200012207031,328.7099914550781,297.6600036621094,299.1400146484375,204782800,2024,22.079986572265625,8.187665372925302,5.698467971080744,11,31.04998779296875,9.884995439808533,High Volume
2024-11-11,350.0,358.6400146484375,336.0,346.29998779296875,210521600,2024,3.70001220703125,8.959591143118995,5.886731009712569,11,22.6400146484375,3.5633922294118254,High Volume
2024-11-12,328.489990234375,345.8399963378906,323.3099975585937,342.739990234375,155726000,2024,-14.25,-6.145717075892854,6.019610284059197,11,22.529998779296932,0.9044775024343544,High Volume
2024-11-13,330.239990234375,344.6000061035156,322.5,335.8500061035156,125405600,2024,-5.610015869140625,0.5327407385385952,5.9613784147446784,11,22.100006103515625,2.6053297129621242,High Volume
2024-11-14,311.17999267578125,329.9800109863281,310.3699951171875,327.69000244140625,120726100,2024,-16.510009765625,-5.771559508909463,6.039485867066167,11,19.610015869140625,0.6988338148434503,High Volume
2024-11-15,320.7200012207031,324.67999267578125,309.2200012207031,310.57000732421875,114440300,2024,10.149993896484375,3.0657525449785616,6.027462986481074,11,15.459991455078125,4.543254344851277,High Volume
2024-11-18,338.739990234375,348.54998779296875,330.010009765625,340.7300109863281,126085600,2024,-1.990020751953125,5.618604684798378,6.017223203435656,11,18.53997802734375,2.2950654637094483,High Volume
2024-11-19,346.0,347.3800048828125,332.75,335.760009765625,88852500,2024,10.239990234375,2.1432396454288627,6.019054782141629,11,14.6300048828125,3.4608037822308737,Normal Volume
2024-11-20,342.0299987792969,346.6000061035156,334.29998779296875,345.0,66340700,2024,-2.970001220703125,-1.1473991967350106,6.015109285439971,11,12.300018310546875,0.46376988507699274,Normal Volume
2024-11-21,339.6400146484375,347.989990234375,335.2799987792969,343.8099975585937,58011700,2024,-4.169982910156193,-0.6987644766217049,6.012044571343627,11,12.709991455078125,1.215785668090973,Normal Volume
2024-11-22,352.5599975585937,361.5299987792969,337.70001220703125,341.0899963378906,89140700,2024,11.470001220703068,3.8040225983177356,5.712661698622491,11,23.829986572265625,5.992554065161727,Normal Volume
2024-11-25,338.5899963378906,361.9299926757813,338.20001220703125,360.1400146484375,95890900,2024,-21.550018310546875,-3.9624464821427563,5.804861196905657,11,23.729980468750057,0.49702281183365665,Normal Volume
2024-11-26,338.2300109863281,346.9599914550781,335.6600036621094,341.0,62295900,2024,-2.769989013671875,-0.1063189566898104,5.8075902162195705,11,11.29998779296875,1.747798080668072,Normal Volume
2024-11-27,332.8900146484375,342.54998779296875,326.5899963378906,341.79998779296875,57896400,2024,-8.90997314453125,-1.5788061864523528,5.835094151890736,11,15.959991455078125,0.21942657307942376,Normal Volume
2024-11-29,345.1600036621094,345.45001220703125,334.6499938964844,336.0799865722656,37167600,2024,9.08001708984375,3.685898787510977,5.838685423390573,11,10.800018310546875,2.78803439929049,Normal Volume
2024-12-02,357.0899963378906,360.0,351.1499938964844,352.3800048828125,77986500,2024,4.709991455078125,3.4563659025395044,5.838148237826171,12,8.850006103515625,2.1624368612292875,Normal Volume
2024-12-03,351.4200134277344,355.69000244140625,348.20001220703125,351.79998779296875,58267200,2024,-0.379974365234375,-1.5878302299992542,5.851284843527192,12,7.489990234375,1.1057461010279341,Normal Volume
2024-12-04,357.92999267578125,358.1000061035156,348.6000061035156,353.0,50810900,2024,4.92999267578125,1.8524782309774723,5.837220015143005,12,9.5,1.4447609358401206,Normal Volume
2024-12-05,369.489990234375,375.4299926757813,359.5,359.8699951171875,81403600,2024,9.6199951171875,3.2296811653515167,5.797584477114537,12,15.929992675781307,4.323782968770951,Normal Volume
2024-12-06,389.2200012207031,389.489990234375,370.7999877929688,377.4200134277344,81455800,2024,11.79998779296875,5.3397958017247005,4.471230384701223,12,18.690002441406193,3.1980224623015903,Normal Volume
2024-12-09,389.7900085449219,404.7999877929688,378.010009765625,397.6099853515625,96359200,2024,-7.819976806640625,0.14644862094215227,4.462411407292277,12,26.789978027343807,1.80830530074565,Normal Volume
2024-12-10,400.989990234375,409.7300109863281,390.8500061035156,392.6799926757813,97563600,2024,8.309997558593693,2.873337295448497,4.411309831432612,12,18.8800048828125,4.341962572211891,High Volume
2024-12-11,424.7699890136719,424.8800048828125,402.3800048828125,409.7000122070313,104287600,2024,15.069976806640568,5.930322291934931,4.45337134125665,12,22.5,3.7051482117384897,High Volume
2024-12-12,418.1000061035156,429.2999877929688,415.0,424.8399963378906,87752200,2024,-6.739990234375,-1.5702575706076027,4.471547909403582,12,14.299987792968807,1.049804983881741,Normal Volume
2024-12-13,436.2300109863281,436.2999877929688,415.7099914550781,420.0,89000200,2024,16.230010986328125,4.336284290396253,4.404926058752618,12,20.589996337890682,3.880949474516383,Normal Volume
2024-12-16,463.0199890136719,463.1900024414063,436.1499938964844,441.0899963378906,114083800,2024,21.92999267578125,6.141250567967771,4.4465137837294995,12,27.040008544921932,5.010316780475405,High Volume
2024-12-17,479.8599853515625,483.989990234375,457.510009765625,475.8999938964844,131223000,2024,3.959991455078125,3.6369912179738284,4.365388599970244,12,26.47998046875,1.6999362138362044,High Volume
2024-12-18,440.1300048828125,488.5400085449219,427.010009765625,466.5,149340800,2024,-26.3699951171875,-8.27949436951747,4.772018179396091,12,61.529998779296875,4.724546311880359,High Volume
2024-12-19,436.1700134277344,456.3599853515625,420.0199890136719,451.8800048828125,118566100,2024,-15.709991455078125,-0.8997322180141931,4.143060794492607,12,36.339996337890625,0.9914093167082725,High Volume
2024-12-20,421.05999755859375,447.0799865722656,417.6400146484375,425.510009765625,132216200,2024,-4.45001220703125,-3.4642491239586515,4.229288453993016,12,29.439971923828125,5.069205497309352,High Volume
2024-12-23,430.6000061035156,434.510009765625,415.4100036621094,431.0,72698100,2024,-0.399993896484375,2.2657123925894362,4.028095310216588,12,19.100006103515625,0.8143874166183295,Normal Volume
2024-12-24,462.2799987792969,462.7799987792969,435.1400146484375,435.8999938964844,59551800,2024,26.3800048828125,7.357174228224572,3.9291435828469012,12,27.639984130859375,6.166553167971791,Normal Volume
2024-12-26,454.1300048828125,465.3299865722656,451.0199890136719,465.1600036621094,76366400,2024,-11.029998779296875,-1.7629994630971146,3.7304897658844824,12,14.30999755859375,0.03654289036417778,Normal Volume
2024-12-27,431.6600036621094,450.0,426.5,449.5199890136719,82666800,2024,-17.8599853515625,-4.947922616674816,3.8925834422660492,12,23.5,0.1067830125599878,Normal Volume
2024-12-30,417.4100036621094,427.0,415.75,419.3999938964844,64941000,2024,-1.989990234375,-3.301209257078741,3.769223068850877,12,11.25,1.8121140233949184,Normal Volume
2024-12-31,403.8399963378906,427.9299926757813,402.5400085449219,423.7900085449219,76825100,2024,-19.95001220703125,-3.2510019417751113,3.8288447989572076,12,25.389984130859432,0.9768951715199752,Normal Volume
2025-01-02,379.2799987792969,392.7300109863281,373.0400085449219,390.1000061035156,109710700,2025,-10.82000732421875,-6.081615932376483,3.9203193593660144,1,19.69000244140625,0.6741873472605409,High Volume
2025-01-03,410.4400024414063,411.8800048828125,379.4500122070313,381.4800109863281,95423300,2025,28.959991455078182,8.215567328200034,4.160082128695907,1,32.42999267578119,7.968961156807213,Normal Volume
2025-01-06,411.0499877929688,426.4299926757813,401.7000122070313,423.2000122070313,85516500,2025,-12.1500244140625,0.14861742226248698,4.147436371517125,1,24.72998046875,0.763227877028009,Normal Volume
2025-01-07,394.3599853515625,414.3299865722656,390.0,405.8299865722656,75699500,2025,-11.470001220703125,-4.060334007311162,4.231030276425511,1,24.329986572265625,2.09447312452019,Normal Volume
2025-01-08,394.9400024414063,402.5,387.3999938964844,392.9500122070313,73038800,2025,1.989990234375,0.14707807875760093,4.187562158103009,1,15.100006103515625,2.43033146616551,Normal Volume
2025-01-10,394.739990234375,399.2799987792969,377.2900085449219,391.3999938964844,62287300,2025,3.339996337890625,-0.050643694180096954,4.10508057365796,1,21.989990234375,2.0132869202079156,Normal Volume
2025-01-13,403.30999755859375,403.7900085449219,380.0700073242188,383.2099914550781,67580500,2025,20.100006103515625,2.1710512074366584,4.11273289064298,1,23.720001220703068,5.370428106975975,Normal Volume
2025-01-14,396.3599853515625,422.6400146484375,394.5400085449219,414.3399963378906,84565000,2025,-17.980010986328125,-1.7232432245921525,4.115539734448181,1,28.100006103515625,2.0031902263614163,Normal Volume
2025-01-15,428.2200012207031,429.7999877929688,405.6600036621094,409.8999938964844,81375500,2025,18.32000732421875,8.038151439752795,4.298345549516384,1,24.139984130859432,4.854841227811765,Normal Volume
2025-01-16,413.8200073242188,424.0,409.1300048828125,423.489990234375,68335200,2025,-9.669982910156193,-3.362756026209668,4.333743744690839,1,14.8699951171875,0.12043018191356583,Normal Volume
2025-01-17,426.5,439.739990234375,419.75,421.5,94991400,2025,5.0,3.0641323404759113,4.336619945981491,1,19.989990234375,4.327399818357058,Normal Volume
2025-01-21,424.0700073242188,433.2000122070313,406.30999755859375,432.6400146484375,87320900,2025,-8.570007324218693,-0.5697520927974709,4.337702637092971,1,26.890014648437557,0.12943730113564733,Normal Volume
2025-01-22,415.1099853515625,428.0,414.5899963378906,416.80999755859375,60963300,2025,-1.70001220703125,-2.112863871036752,4.338117206192157,1,13.410003662109375,2.684677072755002,Normal Volume
2025-01-23,412.3800048828125,420.7300109863281,408.9500122070313,416.05999755859375,50690600,2025,-3.67999267578125,-0.6576523247056931,4.2435580555404355,1,11.779998779296818,1.1224374982304557,Normal Volume
2025-01-24,406.5799865722656,418.8800048828125,405.7799987792969,414.4500122070313,56427100,2025,-7.870025634765682,-1.406474184458839,4.254690286212083,1,13.100006103515625,1.0688846773560396,Normal Volume
2025-01-27,397.1499938964844,406.6900024414063,389.0,394.7999877929688,58125500,2025,2.350006103515568,-2.3193450212053546,4.24895901847656,1,17.690002441406307,3.011655272561094,Normal Volume
2025-01-28,398.0899963378906,400.5899963378906,386.5,396.9100036621094,48910700,2025,1.17999267578125,0.23668700890153715,4.102066979561206,1,14.089996337890625,0.9271604751272631,Normal Volume
2025-01-29,389.1000061035156,398.5899963378906,384.4800109863281,395.2099914550781,68033600,2025,-6.1099853515625,-2.258280870425211,4.112276156441187,1,14.1099853515625,0.855242771157695,Normal Volume
2025-01-30,400.2799987792969,412.5,384.4100036621094,410.7799987792969,98092900,2025,-10.5,2.873295425445699,4.0655465599398495,1,28.089996337890625,0.4187159126087938,High Volume
2025-01-31,404.6000061035156,419.989990234375,401.3399963378906,401.5299987792969,83283600,2025,3.07000732421875,1.0792463618949588,3.8944262019077827,1,18.649993896484375,4.5974127739394035,Normal Volume
2025-02-03,383.6799926757813,389.1700134277344,374.3599853515625,386.6799926757813,93732100,2025,-3.0,-5.1705420445253285,3.913417747223344,2,14.810028076171875,0.6439486911961514,Normal Volume
2025-02-04,392.2099914550781,394.0,381.3999938964844,382.6300048828125,57072200,2025,9.579986572265625,2.223206563315605,3.6714557883672927,2,12.600006103515625,2.9715377707165884,Normal Volume
2025-02-05,378.1700134277344,388.3900146484375,375.5299987792969,387.510009765625,57223300,2025,-9.339996337890625,-3.5797094243459227,3.71836864475935,2,12.860015869140625,0.22709216810805669,Normal Volume
2025-02-06,374.3200073242188,375.3999938964844,363.1799926757813,373.0299987792969,77918200,2025,1.2900085449219318,-1.0180622383618165,3.675628606350788,2,12.220001220703068,0.6353363335235961,Normal Volume
2025-02-07,361.6199951171875,380.5499877929688,360.3399963378906,370.1900024414063,70298300,2025,-8.570007324218807,-3.392822173149601,3.6831641115380576,2,20.209991455078182,2.7985589246706573,Normal Volume
2025-02-10,350.7300109863281,362.7000122070313,350.510009765625,356.2099914550781,77514900,2025,-5.47998046875,-3.0114441341470455,3.394045606873051,2,12.190002441406307,1.8219648262650272,Normal Volume
2025-02-11,328.5,349.3699951171875,325.1000061035156,345.79998779296875,118543400,2025,-17.29998779296875,-6.338211812502892,3.535786334152363,2,24.269989013671875,1.0323908184624118,High Volume
2025-02-12,336.510009765625,346.3999938964844,329.1199951171875,329.94000244140625,105382700,2025,6.57000732421875,2.43835913717656,3.509468376346807,2,17.279998779296875,4.988783213093793,High Volume
2025-02-13,355.94000244140625,358.69000244140625,342.8500061035156,345.0,89441500,2025,10.94000244140625,5.773971683431944,3.670966816053277,2,15.839996337890625,3.968116649682971,Normal Volume
2025-02-14,355.8399963378906,362.0,347.5,360.6199951171875,68277300,2025,-4.779998779296875,-0.02809633725618932,3.6335976402653714,2,14.5,0.38267564236532475,Normal Volume
2025-02-18,354.1099853515625,359.1000061035156,350.0199890136719,355.010009765625,51631700,2025,-0.9000244140625,-0.48617665358937634,3.4695629155556573,2,9.08001708984375,1.1520791598498337,Normal Volume
2025-02-19,360.55999755859375,367.3399963378906,353.6700134277344,354.0,67094400,2025,6.55999755859375,1.8214714280444966,3.1148573320665607,2,13.66998291015625,3.76836054742673,Normal Volume
2025-02-20,354.3999938964844,362.2999877929688,348.0,361.510009765625,45965400,2025,-7.110015869140625,-1.708454543992588,3.122343901004149,2,14.299987792968807,0.21852175762877693,Normal Volume
2025-02-21,337.79998779296875,354.9800109863281,334.4200134277344,353.44000244140625,74058600,2025,-15.6400146484375,-4.683974714842765,3.149195985248628,2,20.55999755859375,0.4357199338739762,Normal Volume
2025-02-24,330.5299987792969,342.3999938964844,324.70001220703125,338.1400146484375,76052300,2025,-7.610015869140625,-2.1521578674915554,3.1616876217631398,2,17.699981689453125,1.2598270135156746,Normal Volume
2025-02-25,302.79998779296875,328.8900146484375,297.25,327.0199890136719,134228800,2025,-24.220001220703125,-8.38955952220366,3.4685196553817597,2,31.6400146484375,0.5718383271939514,High Volume
2025-02-26,290.79998779296875,309.0,288.0400085449219,303.7099914550781,100118300,2025,-12.910003662109375,-3.9630120487999076,3.466816550629232,2,20.959991455078125,1.7417960204658998,High Volume
2025-02-27,281.95001220703125,297.2300109863281,280.8800048828125,291.1600036621094,101748200,2025,-9.209991455078125,-3.0433204805490277,3.484303134827985,2,16.350006103515625,2.0847668800220864,High Volume
2025-02-28,292.9800109863281,293.8800048828125,273.6000061035156,279.5,115697000,2025,13.480010986328125,3.912040539724382,3.180567902258931,2,20.279998779296875,5.144903356999105,High Volume
2025-03-03,284.6499938964844,303.94000244140625,277.29998779296875,300.3399963378906,115551400,2025,-15.69000244140625,-2.843203214376444,3.1698250467989126,3,26.6400146484375,1.1986435864058282,High Volume
2025-03-04,272.0400085449219,284.3500061035156,261.8399963378906,270.92999267578125,126706600,2025,1.110015869140625,-4.429996705409467,3.1178488198942427,3,22.510009765625,4.953314062867136,High Volume
2025-03-05,279.1000061035156,279.54998779296875,267.7099914550781,272.9200134277344,94042900,2025,6.17999267578125,2.5952056083059283,3.200760313459766,3,11.839996337890625,2.429273794166035,Normal Volume
2025-03-06,263.45001220703125,272.6499938964844,260.0199890136719,272.0599975585937,98451600,2025,-8.609985351562443,-5.60730689868919,3.2923316633160775,3,12.6300048828125,0.21686258295419342,High Volume
2025-03-07,262.6700134277344,266.25,250.72999572753903,259.32000732421875,102369600,2025,3.350006103515625,-0.29607088371812473,3.2959964872299627,3,15.520004272460966,2.6723710010993953,High Volume
2025-03-10,222.1499938964844,253.3699951171875,220.0,252.5399932861328,189076900,2025,-30.38999938964841,-15.426206822195109,4.16939078781108,3,33.3699951171875,0.3286615400018163,High Volume
2025-03-11,230.5800018310547,237.05999755859372,217.0200042724609,225.30999755859372,174896400,2025,5.270004272460966,3.7947369642955975,4.296017927715782,3,20.039993286132812,5.215037116559515,High Volume
2025-03-12,248.08999633789065,251.83999633789065,241.1000061035156,247.22000122070312,142215700,2025,0.8699951171875284,7.593891216839133,4.609125710749825,3,10.739990234375057,1.8687788586583958,High Volume
2025-03-13,240.67999267578125,248.2899932861328,232.6000061035156,248.1300048828125,114813500,2025,-7.45001220703125,-2.986820819658209,4.615406059932883,3,15.689987182617216,0.06447765291258195,High Volume
2025-03-14,249.97999572753903,251.5800018310547,240.72999572753903,247.30999755859372,100242300,2025,2.6699981689453125,3.8640532386444715,4.651049225670169,3,10.850006103515653,1.7265797236722298,High Volume
2025-03-17,238.00999450683597,245.3999938964844,232.8000030517578,245.05999755859372,111900600,2025,-7.050003051757756,-4.7883836408052165,4.664434923293954,3,12.599990844726591,0.13874003969553983,High Volume
2025-03-18,225.30999755859372,230.1000061035156,222.27999877929688,228.16000366210935,111477600,2025,-2.850006103515625,-5.335909096824709,4.66884151316673,3,7.820007324218722,0.8502815613025988,High Volume
2025-03-19,235.8600006103516,241.41000366210935,229.1999969482422,231.6100006103516,111993800,2025,4.25,4.682438935722,4.759888050303344,3,12.210006713867159,4.2312521160279095,High Volume
2025-03-20,236.25999450683597,238.0,230.0500030517578,233.3500061035156,99028300,2025,2.9099884033203693,0.16958954271570903,4.7544583226182,3,7.9499969482421875,1.9927121383582203,High Volume
2025-03-21,248.7100067138672,249.5200042724609,234.5500030517578,234.9900054931641,132728700,2025,13.720001220703097,5.269623506518362,4.909875693485193,3,14.970001220703097,6.183241176067592,High Volume
2025-03-24,278.3900146484375,278.6400146484375,256.3299865722656,258.0799865722656,169079900,2025,20.310028076171875,11.933580126800525,5.445559465535001,3,22.310028076171875,7.966533302036891,High Volume
2025-03-25,288.1400146484375,288.20001220703125,271.2799987792969,283.6000061035156,150361500,2025,4.540008544921875,3.5022807884516727,5.480882710426676,3,16.920013427734375,1.6220049381228139,High Volume
2025-03-26,272.0599975585937,284.8999938964844,266.510009765625,282.6600036621094,153629800,2025,-10.600006103515682,-5.580626179068949,5.45476367877633,3,18.389984130859375,0.7924680553859595,High Volume
2025-03-27,273.1300048828125,291.8500061035156,271.82000732421875,272.4800109863281,162572100,2025,0.649993896484375,0.39329829222261026,5.429757236432354,3,20.029998779296875,7.108776547340716,High Volume
2025-03-28,263.54998779296875,276.1000061035156,260.57000732421875,275.5799865722656,123809400,2025,-12.029998779296875,-3.507493471452938,5.320433890600231,3,15.529998779296875,0.1887000350490382,High Volume
2025-03-31,259.1600036621094,260.5599975585937,243.3600006103516,249.30999755859372,134008900,2025,9.850006103515653,-1.6657121359109794,5.320031884730767,3,17.199996948242102,4.512454418261328,High Volume
2025-04-01,268.4599914550781,277.45001220703125,259.25,263.79998779296875,146486900,2025,4.660003662109375,3.5885119854736525,5.382922791856695,4,18.20001220703125,5.174384020356776,High Volume
2025-04-02,282.760009765625,284.989990234375,251.2700042724609,254.6000061035156,212787800,2025,28.160003662109403,5.326685079977622,5.47844674015401,4,33.71998596191409,11.936364258570915,High Volume
2025-04-03,267.2799987792969,276.29998779296875,261.510009765625,265.2900085449219,136174300,2025,1.989990234375,-5.474611137253548,5.546048168298781,4,14.78997802734375,4.1501673238412,High Volume
2025-04-04,239.42999267578125,261.0,236.0,255.3800048828125,181229400,2025,-15.95001220703125,-10.419786826814681,5.779070205329325,4,25.0,2.2006402262253753,High Volume
2025-04-07,233.2899932861328,252.0,214.25,223.77999877929688,183453800,2025,9.509994506835938,-2.5644236634809525,5.782452292953266,4,37.75,12.610600310412512,High Volume
2025-04-08,221.8600006103516,250.44000244140625,217.8000030517578,245.0,171603500,2025,-23.13999938964841,-4.899478333715845,5.662306055225294,4,32.63999938964844,2.2204091597576534,High Volume
2025-04-09,272.20001220703125,274.69000244140625,223.8800048828125,224.69000244140625,219433400,2025,47.510009765625,22.689989839624513,7.075469211980801,4,50.80999755859375,22.252881506394036,High Volume
2025-04-10,252.3999938964844,262.489990234375,239.3300018310547,260.0,181722600,2025,-7.600006103515597,-7.2740695894926155,7.179917578653439,4,23.159988403320312,0.9576885516826924,High Volume
2025-04-11,252.30999755859372,257.739990234375,241.3600006103516,251.83999633789065,128948100,2025,0.47000122070306816,-0.03565623615965352,7.139417275082413,4,16.37998962402341,2.342754916724346,High Volume
2025-04-14,252.3500061035156,261.79998779296875,245.92999267578125,258.3599853515625,100135200,2025,-6.009979248046903,0.015856900364230597,7.12277742728167,4,15.8699951171875,1.3314764810523108,High Volume
2025-04-15,254.1100006103516,258.75,247.5399932861328,249.91000366210935,79594300,2025,4.199996948242244,0.6974418324816822,7.078222208223939,4,11.210006713867188,3.5372719012251967,Normal Volume
2025-04-16,241.5500030517578,251.97000122070312,233.88999938964844,247.6100006103516,112378700,2025,-6.059997558593778,-4.94274035985427,7.116918130420351,4,18.080001831054688,1.7608338110755855,High Volume
2025-04-17,241.3699951171875,244.33999633789065,237.67999267578125,243.47000122070312,83404800,2025,-2.100006103515625,-0.07452201709629014,7.044427800095961,4,6.660003662109403,0.35733154508792503,Normal Volume
2025-04-21,227.5,232.2100067138672,222.7899932861328,230.25999450683597,97768000,2025,-2.759994506835966,-5.746362595919797,7.120639506980316,4,9.420013427734375,0.8468740786725458,High Volume
2025-04-22,237.97000122070312,242.7899932861328,229.8500061035156,230.9600067138672,120858500,2025,7.0099945068359375,4.602198338770602,6.564947611527479,4,12.939987182617216,5.122093101998224,High Volume
2025-04-23,250.7400054931641,259.45001220703125,244.42999267578125,254.8600006103516,150381900,2025,-4.1199951171875,5.366224400956132,6.598922852585763,4,15.02001953125,1.8009933240552727,High Volume
2025-04-24,259.510009765625,259.5400085449219,249.1999969482422,250.5,94464200,2025,9.010009765625,3.49764859229853,6.488097577490478,4,10.340011596679688,3.6087858462761977,Normal Volume
2025-04-25,284.95001220703125,286.8500061035156,259.6300048828125,261.69000244140625,167560700,2025,23.260009765625,9.803091011549903,6.679120442167924,4,27.220001220703125,9.614430596271186,High Volume
2025-04-28,285.8800048828125,294.8599853515625,272.4200134277344,288.9800109863281,151731800,2025,-3.100006103515625,0.32637046356942534,6.653787104273936,4,22.439971923828125,2.0347339406505043,High Volume
2025-04-29,292.0299987792969,293.32000732421875,279.4700012207031,285.5,108906600,2025,6.529998779296875,2.1512501019458785,6.57833587313187,4,13.850006103515625,2.7390568561186512,High Volume
2025-04-30,282.1600036621094,284.45001220703125,270.7799987792969,279.8999938964844,128961100,2025,2.260009765625,-3.3797880897321053,6.5240376659367065,4,13.670013427734375,1.6255871417523544,High Volume
2025-05-01,280.5199890136719,290.8699951171875,279.8099975585937,280.010009765625,99659000,2025,0.509979248046875,-0.5812356915055328,6.4908469636317685,5,11.059997558593807,3.878427546448273,High Volume
2025-05-02,287.2099914550781,294.7799987792969,279.8099975585937,284.8999938964844,114454700,2025,2.30999755859375,2.3848576584252656,6.496345281693563,5,14.970001220703182,3.4678852560461277,High Volume
2025-05-05,280.260009765625,284.8500061035156,274.3999938964844,284.57000732421875,94618900,2025,-4.30999755859375,-2.4198258752220814,6.4674524522739905,5,10.45001220703125,0.09839363674677928,Normal Volume
2025-05-06,275.3500061035156,277.7300109863281,271.3500061035156,273.1099853515625,76715800,2025,2.240020751953125,-1.7519458684867262,6.1126970546678345,5,6.3800048828125,1.6916355617018062,Normal Volume
2025-05-07,276.2200012207031,277.9200134277344,271.0,276.8800048828125,71592600,2025,-0.660003662109375,0.3159597232260225,6.079751138722029,5,6.920013427734375,0.37561706391982014,Normal Volume
2025-05-08,284.82000732421875,289.79998779296875,279.4100036621094,279.6300048828125,97539400,2025,5.19000244140625,3.1134624811778533,6.009994608817723,5,10.389984130859375,3.6369426501345203,High Volume
2025-05-09,298.260009765625,307.0400085449219,290.0,290.2099914550781,132387800,2025,8.050018310546875,4.718770485146129,6.063514004586399,5,17.040008544921875,5.79925487935824,High Volume
2025-05-12,318.3800048828125,322.2099914550781,311.5,321.989990234375,112826700,2025,-3.6099853515625,6.745790403815088,6.120751081487153,5,10.709991455078125,0.06832548444844114,High Volume
2025-05-13,334.07000732421875,337.5899963378906,316.79998779296875,320.0,136992600,2025,14.07000732421875,4.928074062685361,6.147346276289837,5,20.790008544921875,5.49687385559082,High Volume
2025-05-14,347.67999267578125,350.0,337.0,342.5,136997300,2025,5.17999267578125,4.073991993646375,6.15496544976946,5,13.0,2.18978102189781,High Volume
2025-05-15,342.82000732421875,346.1400146484375,334.7200012207031,340.3399963378906,97882600,2025,2.480010986328125,-1.3978329078298546,6.115783440753104,5,11.420013427734375,1.7041835731785688,High Volume
2025-05-16,349.9800109863281,351.6199951171875,342.3299865722656,346.239990234375,95895700,2025,3.740020751953125,2.08856061756566,6.002378858653819,5,9.290008544921875,1.5538369438985642,Normal Volume
2025-05-19,342.0899963378906,343.0,333.3699951171875,336.29998779296875,88869900,2025,5.790008544921875,-2.2544186527114873,5.637556362179194,5,9.6300048828125,1.992272509731959,Normal Volume
2025-05-20,343.82000732421875,354.989990234375,341.6300048828125,347.8699951171875,131715500,2025,-4.04998779296875,0.5057180873010214,5.5919186926509,5,13.3599853515625,2.046740223970445,High Volume
2025-05-21,334.6199951171875,347.3500061035156,332.20001220703125,344.42999267578125,102354800,2025,-9.80999755859375,-2.6758222357769146,5.5192243398612435,5,15.149993896484375,0.8477814040088667,High Volume
2025-05-22,341.0400085449219,347.2699890136719,331.3900146484375,331.8999938964844,97113400,2025,9.1400146484375,1.9185982671137136,3.8094760020175915,5,15.879974365234375,4.630911539570928,High Volume
2025-05-23,339.3399963378906,343.17999267578125,333.2099914550781,337.9200134277344,84654800,2025,1.41998291015625,-0.49847881903489766,3.501188008139473,5,9.970001220703125,1.5565752364565835,Normal Volume
2025-05-27,362.8900146484375,363.7900085449219,347.32000732421875,347.3500061035156,120146400,2025,15.540008544921875,6.939947711644767,3.6548705728995268,5,16.470001220703125,4.732978883698904,High Volume
2025-05-28,356.8999938964844,365.0,355.9100036621094,364.8399963378906,91404300,2025,-7.94000244140625,-1.6506435862546853,3.687304400364961,5,9.089996337890625,0.04385584467586449,Normal Volume
2025-05-29,358.42999267578125,367.7099914550781,356.0,365.2900085449219,88087800,2025,-6.860015869140625,0.42869117552875036,3.6889609537628965,5,11.709991455078125,0.6624826448979237,Normal Volume
2025-05-30,346.4599914550781,363.6799926757813,345.2900085449219,355.5199890136719,123474900,2025,-9.05999755859375,-3.3395646193957407,3.607348950885561,5,18.389984130859432,2.2952306239511135,High Volume
2025-06-02,342.69000244140625,348.0199890136719,333.3299865722656,343.5,81873800,2025,-0.80999755859375,-1.088145559849063,3.6250921982863464,6,14.69000244140625,1.3158628860762374,Normal Volume
2025-06-03,344.2699890136719,355.3999938964844,343.0400085449219,346.6000061035156,99324500,2025,-2.33001708984375,0.46105417753929956,3.38170321372332,6,12.3599853515625,2.5389462313917397,High Volume
2025-06-04,332.04998779296875,345.6000061035156,327.3299865722656,345.1000061035156,98912100,2025,-13.050018310546875,-3.5495400733921767,3.446110273239914,6,18.27001953125,0.14488553786058783,High Volume
2025-06-05,284.70001220703125,324.54998779296875,273.2099914550781,322.489990234375,287499800,2025,-37.78997802734375,-14.259893789082124,4.363382856068005,6,51.339996337890625,0.6387787593334641,High Volume
2025-06-06,295.1400146484375,305.5,291.1400146484375,298.8299865722656,164747700,2025,-3.689971923828125,3.6670186138995975,4.367478080808033,6,14.3599853515625,2.2320428763668856,High Volume
2025-06-09,308.5799865722656,309.8299865722656,281.8500061035156,285.9599914550781,140908900,2025,22.6199951171875,4.553761352840424,4.078503083790619,6,27.97998046875,8.347319845593601,High Volume
2025-06-10,326.0899963378906,327.8299865722656,310.6700134277344,314.94000244140625,151256500,2025,11.149993896484375,5.674382827003055,4.192750557156736,6,17.15997314453125,4.092838010712063,High Volume
2025-06-11,326.42999267578125,335.5,322.5,334.3999938964844,122611400,2025,-7.970001220703125,0.10426457165473302,4.182055860835794,6,13.0,0.32894919963908215,High Volume
2025-06-12,319.1099853515625,332.5599975585937,316.8599853515625,323.0799865722656,105127500,2025,-3.970001220703125,-2.242443246166159,4.151094958425688,6,15.700012207031193,2.934261291424068,High Volume
2025-06-13,325.3099975585937,332.989990234375,313.29998779296875,313.9700012207031,128964300,2025,11.339996337890568,1.9429076154419578,4.154064263894461,6,19.69000244140625,6.057900098647291,High Volume
2025-06-16,329.1300048828125,332.04998779296875,326.4100036621094,331.2900085449219,83925900,2025,-2.160003662109375,1.1742668079331775,4.141801394887103,6,5.639984130859375,0.22939999047505963,Normal Volume
2025-06-17,316.3500061035156,327.260009765625,314.739990234375,326.0899963378906,88282700,2025,-9.739990234375,-3.8829637497946212,4.186243176820478,6,12.52001953125,0.3588007730608273,Normal Volume
2025-06-18,322.04998779296875,329.32000732421875,315.45001220703125,317.3099975585937,95137700,2025,4.739990234375057,1.80179597897272,4.170804906173062,6,13.8699951171875,3.7849452768683465,Normal Volume
2025-06-20,322.1600036621094,332.3599853515625,317.7799987792969,327.95001220703125,108688000,2025,-5.790008544921875,0.03416111576173275,4.171808511967448,6,14.579986572265625,1.3447089435530444,High Volume
2025-06-23,348.67999267578125,357.5400085449219,327.4800109863281,327.5400085449219,190716800,2025,21.139984130859375,8.231930938729072,4.377682756852972,6,30.05999755859375,9.15918642527773,High Volume
2025-06-24,340.4700012207031,356.260009765625,340.44000244140625,356.1700134277344,114736200,2025,-15.70001220703125,-2.3545920693855638,4.348154810942777,6,15.82000732421875,0.025267803155159477,High Volume
2025-06-25,327.54998779296875,343.0,320.3999938964844,342.70001220703125,119845100,2025,-15.1500244140625,-3.7947582404945,4.25391500906361,6,22.600006103515625,0.08753655742139921,High Volume
2025-06-26,325.7799987792969,331.04998779296875,323.6099853515625,324.6099853515625,80440900,2025,1.170013427734375,-0.5403721812350049,4.159770282792898,6,7.44000244140625,1.9839200061672568,Normal Volume
2025-06-27,323.6300048828125,329.3399963378906,317.5,324.510009765625,89067000,2025,-0.8800048828125,-0.6599526995335614,4.089181207445694,6,11.839996337890625,1.4883937095666318,Normal Volume
2025-06-30,317.6600036621094,325.5799865722656,316.6000061035156,319.8999938964844,76695100,2025,-2.239990234375,-1.8446995428822777,4.094673208129774,6,8.97998046875,1.7755526052367556,Normal Volume
2025-07-01,300.7099914550781,305.8900146484375,293.2099914550781,298.4599914550781,145085700,2025,2.25,-5.335897504131726,4.176979296739217,7,12.680023193359375,2.48945366416982,High Volume
2025-07-02,315.6499938964844,316.8299865722656,303.82000732421875,312.6300048828125,119483700,2025,3.019989013671875,4.968242780731846,4.274482299427767,7,13.009979248046875,1.3434352505695872,High Volume
2025-07-03,315.3500061035156,318.45001220703125,312.760009765625,317.989990234375,58042300,2025,-2.639984130859375,-0.09503811144286889,4.272580223921319,7,5.69000244140625,0.1446655513644282,Normal Volume
2025-07-07,293.94000244140625,296.1499938964844,288.7699890136719,291.3699951171875,131177900,2025,2.57000732421875,-6.789282780315342,4.418388052967254,7,7.3800048828125,1.6405254004875776,High Volume
2025-07-08,297.8099975585937,304.04998779296875,294.3500061035156,297.0,103246700,2025,0.8099975585936932,1.3165935514200422,4.409161332411436,7,9.699981689453125,2.3737332636258417,High Volume
2025-07-09,295.8800048828125,300.1499938964844,293.54998779296875,297.54998779296875,75586800,2025,-1.66998291015625,-0.6480617479611261,4.409414638127615,7,6.600006103515625,0.8738048093366665,Normal Volume
2025-07-10,309.8699951171875,310.4800109863281,300.0,300.04998779296875,104365300,2025,9.82000732421875,4.72826483827995,4.300307741389339,7,10.480010986328125,3.476095190030795,High Volume
2025-07-11,313.510009765625,314.0899963378906,305.6499938964844,307.8900146484375,79236400,2025,5.6199951171875,1.174690904506881,4.303656840016013,7,8.44000244140625,2.013700150858267,Normal Volume
2025-07-14,316.8999938964844,322.6000061035156,312.6700134277344,317.7300109863281,78043400,2025,-0.83001708984375,1.0813001260769006,4.3093155429662335,7,9.92999267578125,1.5327463408538564,Normal Volume
2025-07-15,310.7799987792969,321.20001220703125,310.5,319.67999267578125,77556300,2025,-8.899993896484375,-1.9312070795389769,4.282842749236578,7,10.70001220703125,0.4754815959945296,Normal Volume
2025-07-16,321.6700134277344,323.5,312.6199951171875,312.79998779296875,97284800,2025,8.870025634765625,3.5040912192586537,4.334352130859146,7,10.8800048828125,3.420720148529292,High Volume
2025-07-17,319.4100036621094,324.3399963378906,317.0599975585937,323.1499938964844,73922900,2025,-3.739990234375,-0.7025863995037018,4.334207459784022,7,7.279998779296932,0.3682508011395622,Normal Volume
2025-07-18,329.6499938964844,330.8999938964844,321.4200134277344,321.6600036621094,94255000,2025,7.989990234375,3.205907804067243,4.327289137144709,7,9.47998046875,2.8725953271085674,Normal Volume
2025-07-21,328.489990234375,338.0,326.8800048828125,334.3999938964844,75768800,2025,-5.910003662109375,-0.35188948387289143,3.380668850463342,7,11.1199951171875,1.0765568687869143,Normal Volume
2025-07-22,332.1099853515625,335.4100036621094,321.54998779296875,329.739990234375,77370400,2025,2.3699951171875,1.10201078413521,3.33074030381091,7,13.860015869140625,1.7195407277425472,Normal Volume
2025-07-23,332.5599975585937,336.20001220703125,328.6700134277344,330.8999938964844,92553800,2025,1.6600036621093182,0.13550095657461902,3.239339587308142,7,7.529998779296875,1.6016979172882313,Normal Volume
2025-07-24,305.29998779296875,310.1499938964844,300.4100036621094,310.0,156966000,2025,-4.70001220703125,-8.197020076301275,3.4301597454235138,7,9.739990234375,0.048385127898185484,High Volume
2025-07-25,316.0599975585937,323.6300048828125,308.010009765625,308.739990234375,148227000,2025,7.320007324218693,3.52440556693423,3.4955329125347387,7,15.6199951171875,4.822833166877405,High Volume
2025-07-28,325.5899963378906,330.489990234375,315.69000244140625,318.45001220703125,112673800,2025,7.139984130859375,3.0152499060024818,3.513480833561947,7,14.79998779296875,3.7808062696874067,High Volume
2025-07-29,321.20001220703125,326.25,318.25,325.54998779296875,87358900,2025,-4.3499755859375,-1.3483166498468035,3.5062038829027213,7,8.0,0.21502449186894698,Normal Volume
2025-07-30,319.0400085449219,324.45001220703125,311.6199951171875,322.17999267578125,83931900,2025,-3.139984130859375,-0.6724793213012448,3.5014006407849356,7,12.83001708984375,0.7045811604863944,Normal Volume
2025-07-31,308.2699890136719,321.3699951171875,306.1000061035156,319.6099853515625,85270900,2025,-11.339996337890625,-3.3757582882378623,3.4834037577113466,7,15.269989013671875,0.5506742111605293,Normal Volume
2025-08-01,302.6300048828125,309.3099975585937,297.82000732421875,306.2099914550781,89121400,2025,-3.579986572265625,-1.829559909125389,3.4807462524406447,8,11.489990234374943,1.012379148304293,Normal Volume
2025-08-04,309.260009765625,312.1199951171875,303.0,309.0799865722656,78683900,2025,0.180023193359375,2.190795617037322,3.5068174869949194,8,9.1199951171875,0.9835669331540798,Normal Volume
2025-08-05,308.7200012207031,312.45001220703125,305.5,308.95001220703125,57961300,2025,-0.230010986328125,-0.17461311772288823,3.136331271384102,8,6.95001220703125,1.132869351581254,Normal Volume
2025-08-06,319.9100036621094,320.4700012207031,306.92999267578125,307.8900146484375,78523600,2025,12.019989013671875,3.624644466558724,3.1944330818162157,8,13.540008544921875,4.0858702698202185,Normal Volume
2025-08-07,322.2699890136719,322.3999938964844,316.1600036621094,319.7900085449219,66658700,2025,2.47998046875,0.7377028928595486,3.122847247899657,8,6.239990234375,0.8161560029464985,Normal Volume
2025-08-08,329.6499938964844,335.1499938964844,320.9800109863281,321.42999267578125,91200300,2025,8.220001220703125,2.290006868278205,3.14880117255897,8,14.16998291015625,4.268425950699057,Normal Volume
2025-08-11,339.0299987792969,346.6400146484375,334.1499938964844,335.0,105320200,2025,4.029998779296875,2.845443669493286,3.1849174355613643,8,12.490020751953125,3.4746312383395526,High Volume
2025-08-12,340.8399963378906,345.260009765625,332.94000244140625,345.0,80522100,2025,-4.160003662109375,0.5338753399730889,3.1616550861185524,8,12.32000732421875,0.07536514945652174,Normal Volume
2025-08-13,339.3800048828125,348.9800109863281,338.20001220703125,341.5,67838900,2025,-2.1199951171875,-0.42835097722239146,2.9827372493366195,8,10.779998779296875,2.190339966713946,Normal Volume
2025-08-14,335.5799865722656,340.4700012207031,330.3999938964844,335.760009765625,75000700,2025,-0.180023193359375,-1.1196942235471519,2.869532911304579,8,10.07000732421875,1.4027851197544052,Normal Volume
2025-08-15,330.5599975585937,339.29998779296875,327.0199890136719,337.6600036621094,74319800,2025,-7.100006103515682,-1.49591430196655,2.8866027116014075,8,12.279998779296875,0.48569096519363875,Normal Volume
2025-08-18,335.1600036621094,336.2699890136719,329.5899963378906,329.6199951171875,56956600,2025,5.540008544921875,1.3915797850586165,2.5731389220285528,8,6.67999267578125,2.0174728460026063,Normal Volume
2025-08-19,329.3099975585937,340.54998779296875,327.8500061035156,335.7900085449219,75956000,2025,-6.480010986328182,-1.7454368181154867,2.59903570558221,8,12.699981689453125,1.4175464209531674,Normal Volume
2025-08-20,323.8999938964844,331.3699951171875,314.6000061035156,329.2200012207031,77481800,2025,-5.32000732421875,-1.6428300696053832,2.618727726386861,8,16.769989013671875,0.6530568885585594,Normal Volume
2025-08-21,320.1099853515625,324.8999938964844,318.67999267578125,322.0799865722656,55744400,2025,-1.970001220703125,-1.170116892973183,2.496114274328239,8,6.220001220703125,0.8755611779020055,Normal Volume
2025-08-22,340.010009765625,340.25,319.69000244140625,321.6600036621094,94016300,2025,18.350006103515625,6.2166209505171155,2.7272822038085196,8,20.55999755859375,5.779393187291838,Normal Volume
2025-08-25,346.6000061035156,349.5299987792969,335.0299987792969,338.8999938964844,86670000,2025,7.70001220703125,1.9381771561470362,2.7401265381308137,8,14.5,3.13661996879805,Normal Volume
2025-08-26,351.6700134277344,351.8999938964844,343.7200012207031,344.92999267578125,76651600,2025,6.740020751953125,1.462783391499567,2.7132380381280106,8,8.17999267578125,2.020700248950115,Normal Volume
2025-08-27,349.6000061035156,355.3900146484375,349.1600036621094,351.94000244140625,65519000,2025,-2.339996337890625,-0.5886220733017145,2.656620346696558,8,6.230010986328125,0.9802841913674292,Normal Volume
2025-08-28,345.9800109863281,353.54998779296875,340.260009765625,350.9100036621094,67903200,2025,-4.92999267578125,-1.0354676927882056,2.6616961396835133,8,13.28997802734375,0.7523251270435172,Normal Volume
2025-08-29,333.8699951171875,348.75,331.70001220703125,347.2300109863281,81145700,2025,-13.360015869140625,-3.5002067994093333,2.690786594872894,8,17.04998779296875,0.43774701655374004,Normal Volume
2025-09-02,329.3599853515625,333.3299865722656,325.6000061035156,328.2300109863281,58392000,2025,1.129974365234375,-1.350828116207925,2.7024422325373103,9,7.72998046875,1.5537810118618103,Normal Volume
2025-09-03,334.0899963378906,343.3299865722656,328.510009765625,335.20001220703125,88733300,2025,-1.110015869140625,1.436121932444001,2.7076342881054503,9,14.819976806640625,2.425409925168206,Normal Volume
2025-09-04,338.5299987792969,338.8900146484375,331.4800109863281,336.1499938964844,60711000,2025,2.3800048828125,1.328983953448204,2.7175983730133457,9,7.410003662109375,0.8151184892768137,Normal Volume
2025-09-05,350.8399963378906,355.8699951171875,344.67999267578125,348.0,108989800,2025,2.839996337890625,3.6363092201525005,2.2990384382797386,9,11.19000244140625,2.261492849766523,High Volume
2025-09-08,346.3999938964844,358.44000244140625,344.8399963378906,354.6400146484375,75208300,2025,-8.240020751953125,-1.265534855703887,2.2467562908990346,9,13.600006103515625,1.0715056496757034,Normal Volume
2025-09-09,346.9700012207031,350.7699890136719,343.82000732421875,348.44000244140625,53816000,2025,-1.470001220703125,0.1645517708609212,2.1888139762608922,9,6.949981689453125,0.6686908954024118,Normal Volume
2025-09-10,347.7900085449219,356.3299865722656,346.07000732421875,350.54998779296875,72121700,2025,-2.759979248046875,0.23633378140295314,2.168308492256366,9,10.259979248046875,1.648837250198532,Normal Volume
2025-09-11,368.80999755859375,368.989990234375,347.6000061035156,350.1700134277344,103756000,2025,18.639984130859375,6.043873744853956,2.400070897696285,9,21.389984130859375,5.374525540441389,High Volume
2025-09-12,395.9400024414063,396.6900024414063,370.239990234375,370.9400024414063,168156400,2025,25.0,7.356092584909479,2.5927045556439015,9,26.450012207031307,6.941823429805867,High Volume
2025-09-15,410.0400085449219,425.7000122070313,402.4299926757813,423.1300048828125,163823700,2025,-13.089996337890625,3.561147147692445,2.5859844682759388,9,23.27001953125,0.6073800710329158,High Volume
2025-09-16,421.6199951171875,423.25,411.4299926757813,414.5,104285700,2025,7.1199951171875,2.8241113869250656,2.5981810240532557,9,11.820007324218693,2.1109770808202653,High Volume
2025-09-17,425.8599853515625,428.30999755859375,409.6700134277344,415.75,106133500,2025,10.1099853515625,1.005642588937583,2.5875937138129563,9,18.639984130859375,3.0210457146346963,High Volume
2025-09-18,416.8500061035156,432.2200012207031,416.55999755859375,428.8699951171875,90454500,2025,-12.019989013671875,-2.1157139806429193,2.6073738585294706,9,15.660003662109375,0.7811239167245182,Normal Volume
2025-09-19,426.0700073242188,429.4700012207031,421.7200012207031,421.8200073242188,93131000,2025,4.25,2.2118270566640286,2.617721802329825,9,7.75,1.8135682906582449,Normal Volume
2025-09-22,434.2099914550781,444.9800109863281,429.1300048828125,431.1099853515625,97108800,2025,3.100006103515625,1.910480435358397,2.6120208585920817,9,15.850006103515625,3.217282388728451,High Volume
2025-09-23,425.8500061035156,440.9700012207031,423.7200012207031,439.8800048828125,83422700,2025,-14.029998779296875,-1.9253323313789705,2.638045789745724,9,17.25,0.24779401786653352,Normal Volume
2025-09-24,442.7900085449219,444.2099914550781,429.0299987792969,429.8299865722656,93133600,2025,12.96002197265625,3.977927016229388,2.7004541157190496,9,15.17999267578125,3.345509929981315,Normal Volume
2025-09-25,423.3900146484375,435.3500061035156,419.0799865722656,435.239990234375,96746400,2025,-11.8499755859375,-4.381307961359793,2.8597799168664775,9,16.27001953125,0.025277059004017968,High Volume
2025-09-26,440.3999938964844,440.4700012207031,421.0199890136719,428.2999877929688,101628200,2025,12.100006103515568,4.01756741055197,2.8957577728030333,9,19.45001220703125,2.84146947807457,High Volume
2025-09-29,443.2099914550781,450.9800109863281,439.5,444.3500061035156,79491500,2025,-1.1400146484375,0.638055766924972,2.8595851901779,9,11.480010986328125,1.492068142622682,Normal Volume
2025-09-30,444.7200012207031,445.0,433.1199951171875,441.5199890136719,74358000,2025,3.20001220703125,0.34069849388267404,2.8613280076026917,9,11.8800048828125,0.7881887735371286,Normal Volume
2025-10-01,459.4599914550781,462.2900085449219,440.75,443.7999877929688,98122300,2025,15.660003662109318,3.3144428390707636,2.843833221055871,10,21.540008544921875,4.16629591269358,High Volume
2025-10-02,436.0,470.75,435.5700073242188,470.5400085449219,137009000,2025,-34.540008544921875,-5.105992228133283,3.02578373607857,10,35.17999267578119,0.04462775773892081,High Volume
2025-10-03,429.8299865722656,446.7699890136719,416.5799865722656,443.2900085449219,133188200,2025,-13.46002197265625,-1.4151406944344913,3.0322773018657987,10,30.19000244140625,0.7850347180557641,High Volume
2025-10-06,453.25,453.5499877929688,436.6900024414063,440.75,85324900,2025,12.5,5.4486690457546505,2.9899390458400976,10,16.8599853515625,2.904137899709315,Normal Volume
2025-10-07,433.0899963378906,452.6799926757813,432.4500122070313,447.8200073242188,102296100,2025,-14.730010986328182,-4.447877255843213,3.1445867895239927,10,20.22998046875,1.0852541807145972,High Volume
2025-10-08,438.6900024414063,441.3299865722656,425.2300109863281,437.5700073242188,71192100,2025,1.1199951171875,1.2930352007361146,3.143492175588079,10,16.0999755859375,0.8592863279271448,Normal Volume
2025-10-09,435.5400085449219,436.3500061035156,426.1799926757813,431.80999755859375,69339900,2025,3.730010986328125,-0.7180455170972766,3.1455335025268734,10,10.170013427734318,1.0513903269008555,Normal Volume
2025-10-10,413.489990234375,443.1300048828125,411.4500122070313,436.5400085449219,112107900,2025,-23.050018310546875,-5.062684914805626,3.3075678313255814,10,31.679992675781193,1.509597335615685,High Volume
2025-10-13,435.8999938964844,436.8900146484375,419.7000122070313,423.5299987792969,79552800,2025,12.3699951171875,5.419720958518703,3.3226466523069087,10,17.190002441406193,3.1544438192446864,Normal Volume
2025-10-14,429.239990234375,434.2000122070313,417.8599853515625,426.7900085449219,72669400,2025,2.449981689453125,-1.5278742269702716,3.327021025066706,10,16.340026855468807,1.7362176981070283,Normal Volume
2025-10-15,435.1499938964844,440.510009765625,426.3299865722656,434.8999938964844,71558200,2025,0.25,1.3768529951932784,3.326733848992824,10,14.180023193359375,1.2899553800582326,Normal Volume
2025-10-16,428.75,439.3500061035156,421.30999755859375,434.7300109863281,77189900,2025,-5.980010986328125,-1.470755828163206,3.354542413585295,10,18.040008544921875,1.062727440119793,Normal Volume
2025-10-17,439.30999755859375,441.4599914550781,423.6000061035156,425.5,89331600,2025,13.80999755859375,2.462973191508744,3.3276041451888876,10,17.8599853515625,3.7508793078914513,Normal Volume
2025-10-20,447.4299926757813,449.7999877929688,440.6099853515625,443.8699951171875,63719000,2025,3.559997558593807,1.8483519979771268,3.3092873840411676,10,9.190002441406307,1.3359751145638288,Normal Volume
2025-10-21,442.6000061035156,449.2999877929688,442.0499877929688,445.760009765625,54412200,2025,-3.160003662109375,-1.0794954856246375,3.3266913975615675,10,7.25,0.7941443713636589,Normal Volume
2025-10-22,438.9700012207031,445.5400085449219,429.0,443.4500122070313,84023500,2025,-4.480010986328182,-0.8201547294971134,3.3391764540308255,10,16.540008544921875,0.4713037051208428,Normal Volume
2025-10-23,448.9800109863281,449.3999938964844,413.8999938964844,420.0,126709800,2025,28.980010986328125,2.280340282431337,3.204630793858017,10,35.5,6.999998546781994,High Volume
2025-10-24,433.7200012207031,451.6799926757813,430.1700134277344,446.8299865722656,94727800,2025,-13.1099853515625,-3.398817183887881,3.0321110111323324,10,21.509979248046932,1.0854253853285856,Normal Volume
2025-10-27,452.4200134277344,460.1600036621094,438.6900024414063,439.9800109863281,105867500,2025,12.44000244140625,4.311540199760255,3.0624683071031926,10,21.470001220703068,4.586570337716619,High Volume
2025-10-28,460.5499877929688,467.0,451.6000061035156,454.7799987792969,80185700,2025,5.769989013671932,1.7969970655449474,3.0397872256335177,10,15.399993896484375,2.6870137766620315,Normal Volume
2025-10-29,461.510009765625,465.7000122070313,452.6499938964844,462.5,67983500,2025,-0.989990234375,0.20845119924044475,3.0372468159511263,10,13.050018310546932,0.6918945312500123,Normal Volume
2025-10-30,440.1000061035156,455.05999755859375,439.6099853515625,451.0499877929688,72447900,2025,-10.949981689453182,-4.639120107705208,3.140028308621616,10,15.45001220703125,0.8890388813103197,Normal Volume
2025-10-31,456.55999755859375,458.0,443.6900024414063,446.75,83135800,2025,9.80999755859375,3.740057084027071,3.185376609833135,10,14.309997558593693,2.518186905428092,Normal Volume
2025-11-03,468.3699951171875,474.0700073242188,453.7999877929688,455.989990234375,84595200,2025,12.3800048828125,2.586735066967427,3.1996751272159822,11,20.27001953125,3.965003065210013,Normal Volume
2025-11-04,444.260009765625,460.2200012207031,443.6000061035156,454.4599914550781,87756600,2025,-10.199981689453125,-5.147636612701911,3.3285247709354646,11,16.6199951171875,1.267440451068696,Normal Volume
2025-11-05,462.0700073242188,466.3299865722656,440.7099914550781,452.0499877929688,85573000,2025,10.02001953125,4.008913061517672,3.329743733199926,11,25.6199951171875,3.158942410111692,Normal Volume
2025-11-06,445.9100036621094,467.4500122070313,435.0899963378906,461.9599914550781,109622900,2025,-16.04998779296875,-3.497306340156048,3.291532553162827,11,32.36001586914068,1.1884190954850344,High Volume
2025-11-07,429.5199890136719,439.3599853515625,421.8800048828125,437.9200134277344,103471500,2025,-8.4000244140625,-3.675632866235745,3.2855815951223355,11,17.47998046875,0.3288207617087474,High Volume
2025-11-10,445.2300109863281,449.6700134277344,433.3599853515625,439.6000061035156,76515900,2025,5.6300048828125,3.6575764515015763,3.3523565089367056,11,16.310028076171875,2.290720469609706,Normal Volume
2025-11-11,439.6199951171875,442.489990234375,432.3599853515625,439.3999938964844,60533200,2025,0.220001220703125,-1.260026442672324,3.360621965021453,11,10.1300048828125,0.7032308558972303,Normal Volume
2025-11-12,430.6000061035156,442.3299865722656,426.55999755859375,442.1499938964844,58513500,2025,-11.54998779296875,-2.051769508633805,3.321604240779648,11,15.769989013671875,0.040708510294221484,Normal Volume
2025-11-13,401.989990234375,424.5,396.3399963378906,423.1300048828125,118948000,2025,-21.1400146484375,-6.644220962287406,3.4112086406840687,11,28.160003662109375,0.32377640474041197,High Volume
2025-11-14,404.3500061035156,412.1900024414063,382.7799987792969,386.2999877929688,105506700,2025,18.050018310546818,0.5870832424868633,3.4064789425583983,11,29.410003662109432,6.702049046481677,High Volume
2025-11-17,408.9200134277344,423.9599914550781,398.739990234375,398.739990234375,102214300,2025,10.180023193359375,1.1302107716671506,3.249486949495416,11,25.220001220703125,6.324923970098681,High Volume
2025-11-18,401.25,408.8999938964844,393.7099914550781,405.3800048828125,80688600,2025,-4.1300048828125,-1.8756757252943457,3.1689619090036456,11,15.19000244140625,0.8683183608647486,Normal Volume
2025-11-19,403.989990234375,411.7799987792969,398.5,406.1799926757813,72047700,2025,-2.190002441406307,0.6828636098130891,3.160961375534072,11,13.279998779296875,1.3787006264450778,Normal Volume
2025-11-20,395.2300109863281,428.9400024414063,394.739990234375,414.6300048828125,113548800,2025,-19.399993896484375,-2.168365419886953,3.1797858410618263,11,34.20001220703131,3.4512691773568736,High Volume
2025-11-21,391.0899963378906,402.7999877929688,383.760009765625,402.3200073242188,100460600,2025,-11.230010986328182,-1.0474950113494086,3.0532613099030756,11,19.039978027343807,0.11930315669416776,High Volume
2025-11-24,417.7799987792969,421.7200012207031,401.0899963378906,402.1700134277344,96806400,2025,15.6099853515625,6.82451678419993,3.1506894770425564,11,20.6300048828125,4.861125180950785,High Volume
2025-11-25,419.3999938964844,420.4800109863281,405.9500122070313,414.4200134277344,71915600,2025,4.97998046875,0.38776272725380423,3.14000778466665,11,14.529998779296818,1.4622840022783983,Normal Volume
2025-11-26,426.5799865722656,426.9400024414063,416.8900146484375,423.9500122070313,63463000,2025,2.629974365234318,1.7119677587676296,3.1457741827840913,11,10.049987792968807,0.7052695243029905,Normal Volume
2025-11-28,430.1700134277344,432.9299926757813,426.2000122070313,426.5899963378906,36252900,2025,3.58001708984375,0.8415835173881447,3.1372768601237326,11,6.72998046875,1.486203706677861,Normal Volume
2025-12-01,430.1400146484375,433.6600036621094,425.2900085449219,425.3200073242188,57463600,2025,4.820007324218693,-0.006973703038437584,3.1042423948411613,12,8.3699951171875,1.960875621713474,Normal Volume
2025-12-02,429.239990234375,436.7999877929688,422.1199951171875,430.80999755859375,69336600,2025,-1.57000732421875,-0.20923987153301793,3.084122159601332,12,14.679992675781307,1.3904018635408684,Normal Volume
2025-12-03,446.739990234375,447.9200134277344,431.1099853515625,432.1000061035156,87483000,2025,14.639984130859375,4.076973347810542,3.1697013552957096,12,16.810028076171875,3.6611911827718986,Normal Volume
2025-12-04,454.5299987792969,454.6300048828125,445.3900146484375,449.9400024414063,71906500,2025,4.589996337890568,1.7437455153354264,3.1791527807531423,12,9.239990234375,1.0423617406671797,Normal Volume
2025-12-05,455.0,458.8699951171875,451.6600036621094,453.0299987792969,56427500,2025,1.970001220703125,0.10340378456106247,3.1539534687825803,12,7.209991455078125,1.2890970473537453,Normal Volume
2025-12-08,439.5799865722656,449.75,435.25,447.4500122070313,69165800,2025,-7.870025634765682,-3.3890139401614006,3.1535797416464235,12,14.5,0.514021171130175,Normal Volume
2025-12-09,445.1700134277344,452.3900146484375,435.7000122070313,437.5400085449219,62367400,2025,7.6300048828125,1.271674558948499,3.0608294570113728,12,16.690002441406193,3.393976736641899,Normal Volume
2025-12-10,451.4500122070313,456.8800048828125,443.6099853515625,446.0700073242188,63257500,2025,5.3800048828125,1.410696720325344,3.0537768343127762,12,13.27001953125,2.4233858769026404,Normal Volume
2025-12-11,446.8900146484375,449.2699890136719,440.3299865722656,448.9500122070313,55979500,2025,-2.059997558593807,-1.0100780674035303,3.058715632726717,12,8.94000244140625,0.07127225703092581,Normal Volume
2025-12-12,458.9599914550781,463.010009765625,441.6700134277344,448.0899963378906,95656700,2025,10.8699951171875,2.7008830833098685,2.9723006728969503,12,21.339996337890625,3.3296912561474947,Normal Volume
2025-12-15,475.30999755859375,481.7699890136719,467.6600036621094,469.4400024414063,114542200,2025,5.869995117187443,3.5624033484225714,2.965137357346513,12,14.1099853515625,2.62653086829867,High Volume
2025-12-16,489.8800048828125,491.5,465.8299865722656,472.2099914550781,107608100,2025,17.670013427734375,3.0653694218629735,2.9798027420493685,12,25.670013427734375,4.085048790577519,High Volume
2025-12-17,467.260009765625,495.2799987792969,466.2000122070313,488.2200012207031,106490400,2025,-20.959991455078125,-4.617456293730249,2.9484445515050943,12,29.079986572265568,1.4460688912665483,High Volume
2025-12-18,483.3699951171875,490.8599853515625,473.1199951171875,478.1600036621094,95168400,2025,5.209991455078125,3.4477560704677446,2.925204372451109,12,17.739990234375,2.656010873386963,Normal Volume
2025-12-19,481.2000122070313,490.489990234375,474.7200012207031,488.1199951171875,103305400,2025,-6.919982910156193,-0.4489279293453219,2.8444697112275525,12,15.769989013671875,0.485535348048693,High Volume
2025-12-22,488.7300109863281,498.8299865722656,485.3299865722656,489.8800048828125,86916100,2025,-1.149993896484375,1.5648376118613028,2.751722255181246,12,13.5,1.8269742794654602,Normal Volume
2025-12-23,485.55999755859375,491.9700012207031,482.8399963378906,489.3999938964844,58223600,2025,-3.839996337890625,-0.648622625268469,2.691257974883882,12,9.1300048828125,0.5251343188129148,Normal Volume
2025-12-24,485.3999938964844,490.8999938964844,476.7999877929688,488.4800109863281,41285400,2025,-3.08001708984375,-0.032952397832164415,2.6756243362443293,12,14.100006103515568,0.4954108368262344,Normal Volume
2025-12-26,475.1900024414063,489.0899963378906,473.8200073242188,485.2300109863281,58780700,2025,-10.040008544921818,-2.1034181259704465,2.677249430606497,12,15.269989013671818,0.7954960048155925,Normal Volume
2025-12-29,459.6400146484375,469.3999938964844,459.0,469.0,66263000,2025,-9.3599853515625,-3.2723726747357684,2.432490527956088,12,10.399993896484375,0.08528654509261727,Normal Volume
2025-12-30,454.4299926757813,463.1199951171875,453.8299865722656,461.0899963378906,59238500,2025,-6.660003662109318,-1.133500523587172,2.4500044140740393,12,9.290008544921875,0.4402608591424037,Normal Volume
2025-12-31,449.7200012207031,456.5499877929688,449.2999877929688,456.1000061035156,49078000,2025,-6.3800048828125,-1.0364613980130888,2.460222283782325,12,7.25,0.09865855808628399,Normal Volume
2026-01-02,438.0700073242188,458.3399963378906,435.2999877929688,457.7999877929688,85535400,2026,-19.72998046875,-2.590499391813128,2.4858151168627542,1,23.040008544921818,0.11795730872016244,Normal Volume
2026-01-05,451.6700134277344,457.5499877929688,444.5700073242188,447.989990234375,67940800,2026,3.680023193359375,3.1045280151877908,2.5367124028387362,1,12.97998046875,2.133975706375114,Normal Volume
2026-01-06,432.9599914550781,448.25,428.7799987792969,446.3800048828125,89093800,2026,-13.420013427734375,-4.142409594709518,2.629625596187713,1,19.470001220703125,0.4189244806515084,Normal Volume
2026-01-07,431.4100036621094,438.3699951171875,431.2900085449219,435.8999938964844,59828800,2026,-4.489990234375,-0.35799792672750463,2.620097935971309,1,7.079986572265625,0.5666440136013606,Normal Volume
2026-01-08,435.7999877929688,436.8900146484375,424.3699951171875,427.8900146484375,57041100,2026,7.909973144531307,1.017589785492734,2.323849017837362,1,12.52001953125,2.10334424545863,Normal Volume
2026-01-09,445.010009765625,449.0499877929688,430.3900146484375,435.9500122070313,67331500,2026,9.059997558593693,2.113359850994656,2.350701537897663,1,18.659973144531307,3.004926073890408,Normal Volume
2026-01-12,448.9599914550781,454.2999877929688,438.0,441.2300109863281,61649600,2026,7.72998046875,0.887616368794375,2.337496056340018,1,16.299987792968807,2.9621685926177097,Normal Volume
2026-01-13,447.2000122070313,451.80999755859375,443.9500122070313,450.2000122070313,53719200,2026,-3.0,-0.3920124914344236,2.336617614413901,1,7.859985351562443,0.3576155726139934,Normal Volume
2026-01-14,439.2000122070313,443.9100036621094,434.2200012207031,442.80999755859375,57259500,2026,-3.609985351562443,-1.7889087168218576,2.3633976871437588,1,9.69000244140625,0.2484149205258333,Normal Volume
2026-01-15,438.5700073242188,445.3599853515625,437.6499938964844,441.1300048828125,49465800,2026,-2.559997558593693,-0.14344373071545347,2.363134632141772,1,7.709991455078125,0.9588965660755058,Normal Volume
2026-01-16,437.5,447.25,435.260009765625,439.5,60220600,2026,-2.0,-0.24397640202235005,2.240817858667736,1,11.989990234375,1.763367463026166,Normal Volume
2026-01-20,419.25,430.7300109863281,417.4400024414063,429.3599853515625,63187300,2026,-10.1099853515625,-4.171428571428571,2.336184181864319,1,13.290008544921818,0.31908554162163943,Normal Volume
2026-01-21,431.4400024414063,438.2000122070313,419.6199951171875,421.6600036621094,68124000,2026,9.779998779296932,2.907573629435012,2.4055670733953,1,18.580017089843807,3.92259365395633,Normal Volume
2026-01-22,449.3599853515625,449.5,432.6300048828125,435.1600036621094,71546700,2026,14.199981689453125,4.1535283721378935,2.449019211477145,1,16.8699951171875,3.2953387759012123,Normal Volume
2026-01-23,449.05999755859375,452.4299926757813,444.0400085449219,447.4299926757813,56771400,2026,1.6300048828124432,-0.06675890216037983,2.4391559914853227,1,8.389984130859432,1.1174932574587422,Normal Volume
2026-01-26,435.2000122070313,445.0400085449219,434.2799987792969,445.0,49397400,2026,-9.799987792968693,-3.0864440001146964,2.490790275232375,1,10.760009765625,0.008990684252106742,Normal Volume
2026-01-27,430.8999938964844,437.5199890136719,430.6900024414063,437.4100036621094,37733100,2026,-6.510009765625,-0.9880556502607218,2.490513623458601,1,6.829986572265568,0.02514468133825799,Normal Volume
2026-01-28,431.4599914550781,438.260009765625,430.1000061035156,431.9100036621094,53657900,2026,-0.45001220703125,0.12995998294869082,2.4347288120577577,1,8.160003662109375,1.470215102608122,Normal Volume
